{"startPoint":{"x":1129,"y":183},"finishPoint":{"x":5230,"y":1560},"collectableItems":[{"x":1748,"y":427},{"x":2429,"y":212},{"x":3099,"y":433},{"x":2401,"y":1060},{"x":3577,"y":1336},{"x":3282,"y":1316},{"x":4149,"y":1135},{"x":4827,"y":1151},{"x":4139,"y":1585},{"x":515,"y":393}],"cameraBounds":{"x":0,"y":0,"width":20000,"height":2000,"left":0,"bottom":2000,"right":20000,"top":0,"topLeft":{"x":0,"y":0,"length":0},"size":{"x":20000,"y":2000,"length":20099.751242241782},"bottomRight":{"x":20000,"y":2000,"length":20099.751242241782}},"dynamicElementData":null,"bridgePoints":[{"bridgeAY":1016,"bridgeBX":3100,"bridgeAX":2701,"bridgeBY":567},{"bridgeAY":1392,"bridgeBX":4128,"bridgeAX":3932,"bridgeBY":1254},{"bridgeAY":1263,"bridgeBX":4458,"bridgeAX":4235,"bridgeBY":1351},{"bridgeAY":1813,"bridgeBX":5122,"bridgeAX":4841,"bridgeBY":1708},{"bridgeAY":1195,"bridgeBX":4940,"bridgeAX":4939,"bridgeBY":655}],"starValues":[17550,18550,19550],"polygonGroundData":[[[{"usedWorldBlocks":[{"x":1,"y":0},{"x":2,"y":0},{"x":2,"y":1},{"x":1,"y":1},{"x":3,"y":1},{"x":3,"y":0},{"x":4,"y":0},{"x":4,"y":1},{"x":5,"y":0},{"x":5,"y":1},{"x":6,"y":1},{"x":6,"y":0},{"x":5,"y":2},{"x":4,"y":2},{"x":6,"y":2},{"x":6,"y":3},{"x":5,"y":3},{"x":7,"y":2},{"x":7,"y":3},{"x":8,"y":2},{"x":9,"y":2},{"x":9,"y":3},{"x":8,"y":3},{"x":9,"y":1},{"x":0,"y":0},{"x":0,"y":1},{"x":10,"y":3},{"x":11,"y":3}],"terrainTextureId":"polygon_terrain_2","polygon":[{"x":856,"y":455},{"x":1006,"y":455},{"x":1155,"y":454},{"x":1305,"y":453},{"x":1478,"y":453},{"x":1403,"y":583},{"x":1304,"y":662},{"x":1183,"y":601},{"x":1034,"y":618},{"x":876,"y":572}]},{"usedWorldBlocks":[{"x":1,"y":0},{"x":2,"y":0},{"x":2,"y":1},{"x":1,"y":1},{"x":3,"y":1},{"x":3,"y":0},{"x":4,"y":0},{"x":4,"y":1},{"x":5,"y":0},{"x":5,"y":1},{"x":6,"y":1},{"x":6,"y":0},{"x":5,"y":2},{"x":4,"y":2},{"x":6,"y":2},{"x":6,"y":3},{"x":5,"y":3},{"x":7,"y":2},{"x":7,"y":3},{"x":8,"y":2},{"x":9,"y":2},{"x":9,"y":3},{"x":8,"y":3},{"x":9,"y":1},{"x":0,"y":0},{"x":0,"y":1},{"x":10,"y":3},{"x":11,"y":3}],"terrainTextureId":"polygon_terrain_2","polygon":[{"x":1693,"y":544},{"x":1821,"y":486},{"x":1883,"y":399},{"x":2045,"y":402},{"x":2040,"y":575},{"x":1854,"y":779},{"x":1692,"y":630}]},{"usedWorldBlocks":[{"x":1,"y":0},{"x":2,"y":0},{"x":2,"y":1},{"x":1,"y":1},{"x":3,"y":1},{"x":3,"y":0},{"x":4,"y":0},{"x":4,"y":1},{"x":5,"y":0},{"x":5,"y":1},{"x":6,"y":1},{"x":6,"y":0},{"x":5,"y":2},{"x":4,"y":2},{"x":6,"y":2},{"x":6,"y":3},{"x":5,"y":3},{"x":7,"y":2},{"x":7,"y":3},{"x":8,"y":2},{"x":9,"y":2},{"x":9,"y":3},{"x":8,"y":3},{"x":9,"y":1},{"x":0,"y":0},{"x":0,"y":1},{"x":10,"y":3},{"x":11,"y":3}],"terrainTextureId":"polygon_terrain_2","polygon":[{"x":2212,"y":452},{"x":2316,"y":390},{"x":2369,"y":295},{"x":2473,"y":285},{"x":2529,"y":355},{"x":2477,"y":511},{"x":2727,"y":519},{"x":2626,"y":739},{"x":2379,"y":596},{"x":2212,"y":602}]},{"usedWorldBlocks":[{"x":1,"y":0},{"x":2,"y":0},{"x":2,"y":1},{"x":1,"y":1},{"x":3,"y":1},{"x":3,"y":0},{"x":4,"y":0},{"x":4,"y":1},{"x":5,"y":0},{"x":5,"y":1},{"x":6,"y":1},{"x":6,"y":0},{"x":5,"y":2},{"x":4,"y":2},{"x":6,"y":2},{"x":6,"y":3},{"x":5,"y":3},{"x":7,"y":2},{"x":7,"y":3},{"x":8,"y":2},{"x":9,"y":2},{"x":9,"y":3},{"x":8,"y":3},{"x":9,"y":1},{"x":0,"y":0},{"x":0,"y":1},{"x":10,"y":3},{"x":11,"y":3}],"terrainTextureId":"polygon_terrain_2","polygon":[{"x":3112,"y":519},{"x":3190,"y":487},{"x":3262,"y":669},{"x":3128,"y":626}]},{"usedWorldBlocks":[{"x":1,"y":0},{"x":2,"y":0},{"x":2,"y":1},{"x":1,"y":1},{"x":3,"y":1},{"x":3,"y":0},{"x":4,"y":0},{"x":4,"y":1},{"x":5,"y":0},{"x":5,"y":1},{"x":6,"y":1},{"x":6,"y":0},{"x":5,"y":2},{"x":4,"y":2},{"x":6,"y":2},{"x":6,"y":3},{"x":5,"y":3},{"x":7,"y":2},{"x":7,"y":3},{"x":8,"y":2},{"x":9,"y":2},{"x":9,"y":3},{"x":8,"y":3},{"x":9,"y":1},{"x":0,"y":0},{"x":0,"y":1},{"x":10,"y":3},{"x":11,"y":3}],"terrainTextureId":"polygon_terrain_2","polygon":[{"x":2607,"y":1049},{"x":2720,"y":1028},{"x":2713,"y":1144},{"x":2647,"y":1139}]},{"usedWorldBlocks":[{"x":1,"y":0},{"x":2,"y":0},{"x":2,"y":1},{"x":1,"y":1},{"x":3,"y":1},{"x":3,"y":0},{"x":4,"y":0},{"x":4,"y":1},{"x":5,"y":0},{"x":5,"y":1},{"x":6,"y":1},{"x":6,"y":0},{"x":5,"y":2},{"x":4,"y":2},{"x":6,"y":2},{"x":6,"y":3},{"x":5,"y":3},{"x":7,"y":2},{"x":7,"y":3},{"x":8,"y":2},{"x":9,"y":2},{"x":9,"y":3},{"x":8,"y":3},{"x":9,"y":1},{"x":0,"y":0},{"x":0,"y":1},{"x":10,"y":3},{"x":11,"y":3}],"terrainTextureId":"polygon_terrain_2","polygon":[{"x":2263,"y":901},{"x":2346,"y":909},{"x":2353,"y":1058},{"x":2399,"y":1212},{"x":2553,"y":1322},{"x":2363,"y":1366},{"x":2213,"y":1246},{"x":2244,"y":987}]},{"usedWorldBlocks":[{"x":1,"y":0},{"x":2,"y":0},{"x":2,"y":1},{"x":1,"y":1},{"x":3,"y":1},{"x":3,"y":0},{"x":4,"y":0},{"x":4,"y":1},{"x":5,"y":0},{"x":5,"y":1},{"x":6,"y":1},{"x":6,"y":0},{"x":5,"y":2},{"x":4,"y":2},{"x":6,"y":2},{"x":6,"y":3},{"x":5,"y":3},{"x":7,"y":2},{"x":7,"y":3},{"x":8,"y":2},{"x":9,"y":2},{"x":9,"y":3},{"x":8,"y":3},{"x":9,"y":1},{"x":0,"y":0},{"x":0,"y":1},{"x":10,"y":3},{"x":11,"y":3}],"terrainTextureId":"polygon_terrain_2","polygon":[{"x":2737,"y":1471},{"x":2922,"y":1391},{"x":3116,"y":1392},{"x":3183,"y":1556},{"x":2968,"y":1762},{"x":2847,"y":1673},{"x":2726,"y":1584}]},{"usedWorldBlocks":[{"x":1,"y":0},{"x":2,"y":0},{"x":2,"y":1},{"x":1,"y":1},{"x":3,"y":1},{"x":3,"y":0},{"x":4,"y":0},{"x":4,"y":1},{"x":5,"y":0},{"x":5,"y":1},{"x":6,"y":1},{"x":6,"y":0},{"x":5,"y":2},{"x":4,"y":2},{"x":6,"y":2},{"x":6,"y":3},{"x":5,"y":3},{"x":7,"y":2},{"x":7,"y":3},{"x":8,"y":2},{"x":9,"y":2},{"x":9,"y":3},{"x":8,"y":3},{"x":9,"y":1},{"x":0,"y":0},{"x":0,"y":1},{"x":10,"y":3},{"x":11,"y":3}],"terrainTextureId":"polygon_terrain_2","polygon":[{"x":3276,"y":1422},{"x":3391,"y":1363},{"x":3426,"y":1572},{"x":3276,"y":1572}]},{"usedWorldBlocks":[{"x":1,"y":0},{"x":2,"y":0},{"x":2,"y":1},{"x":1,"y":1},{"x":3,"y":1},{"x":3,"y":0},{"x":4,"y":0},{"x":4,"y":1},{"x":5,"y":0},{"x":5,"y":1},{"x":6,"y":1},{"x":6,"y":0},{"x":5,"y":2},{"x":4,"y":2},{"x":6,"y":2},{"x":6,"y":3},{"x":5,"y":3},{"x":7,"y":2},{"x":7,"y":3},{"x":8,"y":2},{"x":9,"y":2},{"x":9,"y":3},{"x":8,"y":3},{"x":9,"y":1},{"x":0,"y":0},{"x":0,"y":1},{"x":10,"y":3},{"x":11,"y":3}],"terrainTextureId":"polygon_terrain_2","polygon":[{"x":3533,"y":1402},{"x":3660,"y":1436},{"x":3683,"y":1552},{"x":3533,"y":1552}]},{"usedWorldBlocks":[{"x":1,"y":0},{"x":2,"y":0},{"x":2,"y":1},{"x":1,"y":1},{"x":3,"y":1},{"x":3,"y":0},{"x":4,"y":0},{"x":4,"y":1},{"x":5,"y":0},{"x":5,"y":1},{"x":6,"y":1},{"x":6,"y":0},{"x":5,"y":2},{"x":4,"y":2},{"x":6,"y":2},{"x":6,"y":3},{"x":5,"y":3},{"x":7,"y":2},{"x":7,"y":3},{"x":8,"y":2},{"x":9,"y":2},{"x":9,"y":3},{"x":8,"y":3},{"x":9,"y":1},{"x":0,"y":0},{"x":0,"y":1},{"x":10,"y":3},{"x":11,"y":3}],"terrainTextureId":"polygon_terrain_2","polygon":[{"x":3803,"y":1455},{"x":3920,"y":1383},{"x":3953,"y":1605},{"x":3803,"y":1605}]},{"usedWorldBlocks":[{"x":1,"y":0},{"x":2,"y":0},{"x":2,"y":1},{"x":1,"y":1},{"x":3,"y":1},{"x":3,"y":0},{"x":4,"y":0},{"x":4,"y":1},{"x":5,"y":0},{"x":5,"y":1},{"x":6,"y":1},{"x":6,"y":0},{"x":5,"y":2},{"x":4,"y":2},{"x":6,"y":2},{"x":6,"y":3},{"x":5,"y":3},{"x":7,"y":2},{"x":7,"y":3},{"x":8,"y":2},{"x":9,"y":2},{"x":9,"y":3},{"x":8,"y":3},{"x":9,"y":1},{"x":0,"y":0},{"x":0,"y":1},{"x":10,"y":3},{"x":11,"y":3}],"terrainTextureId":"polygon_terrain_2","polygon":[{"x":4129,"y":1263},{"x":4169,"y":1205},{"x":4222,"y":1270},{"x":4149,"y":1300}]},{"usedWorldBlocks":[{"x":1,"y":0},{"x":2,"y":0},{"x":2,"y":1},{"x":1,"y":1},{"x":3,"y":1},{"x":3,"y":0},{"x":4,"y":0},{"x":4,"y":1},{"x":5,"y":0},{"x":5,"y":1},{"x":6,"y":1},{"x":6,"y":0},{"x":5,"y":2},{"x":4,"y":2},{"x":6,"y":2},{"x":6,"y":3},{"x":5,"y":3},{"x":7,"y":2},{"x":7,"y":3},{"x":8,"y":2},{"x":9,"y":2},{"x":9,"y":3},{"x":8,"y":3},{"x":9,"y":1},{"x":0,"y":0},{"x":0,"y":1},{"x":10,"y":3},{"x":11,"y":3}],"terrainTextureId":"polygon_terrain_2","polygon":[{"x":4440,"y":1367},{"x":4527,"y":1353},{"x":4538,"y":1446},{"x":4451,"y":1441}]},{"usedWorldBlocks":[{"x":1,"y":0},{"x":2,"y":0},{"x":2,"y":1},{"x":1,"y":1},{"x":3,"y":1},{"x":3,"y":0},{"x":4,"y":0},{"x":4,"y":1},{"x":5,"y":0},{"x":5,"y":1},{"x":6,"y":1},{"x":6,"y":0},{"x":5,"y":2},{"x":4,"y":2},{"x":6,"y":2},{"x":6,"y":3},{"x":5,"y":3},{"x":7,"y":2},{"x":7,"y":3},{"x":8,"y":2},{"x":9,"y":2},{"x":9,"y":3},{"x":8,"y":3},{"x":9,"y":1},{"x":0,"y":0},{"x":0,"y":1},{"x":10,"y":3},{"x":11,"y":3}],"terrainTextureId":"polygon_terrain_2","polygon":[{"x":4714,"y":1452},{"x":4818,"y":1334},{"x":4901,"y":1188},{"x":4969,"y":1224},{"x":4905,"y":1360},{"x":4898,"y":1509},{"x":4839,"y":1640},{"x":4625,"y":1707}]},{"usedWorldBlocks":[{"x":1,"y":0},{"x":2,"y":0},{"x":2,"y":1},{"x":1,"y":1},{"x":3,"y":1},{"x":3,"y":0},{"x":4,"y":0},{"x":4,"y":1},{"x":5,"y":0},{"x":5,"y":1},{"x":6,"y":1},{"x":6,"y":0},{"x":5,"y":2},{"x":4,"y":2},{"x":6,"y":2},{"x":6,"y":3},{"x":5,"y":3},{"x":7,"y":2},{"x":7,"y":3},{"x":8,"y":2},{"x":9,"y":2},{"x":9,"y":3},{"x":8,"y":3},{"x":9,"y":1},{"x":0,"y":0},{"x":0,"y":1},{"x":10,"y":3},{"x":11,"y":3}],"terrainTextureId":"polygon_terrain_2","polygon":[{"x":4101,"y":1644},{"x":4176,"y":1670},{"x":4243,"y":1774},{"x":4514,"y":1845},{"x":4662,"y":1827},{"x":4830,"y":1806},{"x":4782,"y":1888},{"x":4561,"y":1942},{"x":4357,"y":1901},{"x":4102,"y":1849}]},{"usedWorldBlocks":[{"x":1,"y":0},{"x":2,"y":0},{"x":2,"y":1},{"x":1,"y":1},{"x":3,"y":1},{"x":3,"y":0},{"x":4,"y":0},{"x":4,"y":1},{"x":5,"y":0},{"x":5,"y":1},{"x":6,"y":1},{"x":6,"y":0},{"x":5,"y":2},{"x":4,"y":2},{"x":6,"y":2},{"x":6,"y":3},{"x":5,"y":3},{"x":7,"y":2},{"x":7,"y":3},{"x":8,"y":2},{"x":9,"y":2},{"x":9,"y":3},{"x":8,"y":3},{"x":9,"y":1},{"x":0,"y":0},{"x":0,"y":1},{"x":10,"y":3},{"x":11,"y":3}],"terrainTextureId":"polygon_terrain_2","polygon":[{"x":4872,"y":524},{"x":4967,"y":504},{"x":4967,"y":654},{"x":4863,"y":610}]},{"usedWorldBlocks":[{"x":1,"y":0},{"x":2,"y":0},{"x":2,"y":1},{"x":1,"y":1},{"x":3,"y":1},{"x":3,"y":0},{"x":4,"y":0},{"x":4,"y":1},{"x":5,"y":0},{"x":5,"y":1},{"x":6,"y":1},{"x":6,"y":0},{"x":5,"y":2},{"x":4,"y":2},{"x":6,"y":2},{"x":6,"y":3},{"x":5,"y":3},{"x":7,"y":2},{"x":7,"y":3},{"x":8,"y":2},{"x":9,"y":2},{"x":9,"y":3},{"x":8,"y":3},{"x":9,"y":1},{"x":0,"y":0},{"x":0,"y":1},{"x":10,"y":3},{"x":11,"y":3}],"terrainTextureId":"polygon_terrain_2","polygon":[{"x":421,"y":425},{"x":582,"y":491},{"x":749,"y":492},{"x":731,"y":629},{"x":619,"y":746},{"x":462,"y":631}]}]],[[{"usedWorldBlocks":[{"x":1,"y":0},{"x":2,"y":0},{"x":2,"y":1},{"x":1,"y":1},{"x":3,"y":1},{"x":3,"y":0},{"x":4,"y":0},{"x":4,"y":1},{"x":5,"y":0},{"x":5,"y":1},{"x":6,"y":1},{"x":6,"y":0},{"x":5,"y":2},{"x":4,"y":2},{"x":6,"y":2},{"x":6,"y":3},{"x":5,"y":3},{"x":7,"y":2},{"x":7,"y":3},{"x":8,"y":2},{"x":9,"y":2},{"x":9,"y":3},{"x":8,"y":3},{"x":9,"y":1},{"x":0,"y":0},{"x":0,"y":1},{"x":10,"y":3},{"x":11,"y":3}],"terrainTextureId":"polygon_terrain_2","polygon":[{"x":155,"y":1641},{"x":304,"y":1643},{"x":454,"y":1645},{"x":669,"y":1648},{"x":616,"y":1727},{"x":465,"y":1764},{"x":315,"y":1827},{"x":147,"y":1763}]}]],[[]],[[]]],"worldId":0,"polygonBackgroundData":[[[]],[[]],[[]],[[]]],"libraryElements":null,"staticElementData":[],"enemyPathData":null,"levelId":0}