{"startPoint":{"x":941,"y":532},"finishPoint":{"x":8171.95,"y":1280},"collectableItems":[{"x":2192,"y":787},{"x":3068,"y":872},{"x":3457,"y":1265},{"x":4637,"y":1199},{"x":5334,"y":1022},{"x":6075,"y":723},{"x":7079,"y":768},{"x":6461,"y":1116},{"x":6007,"y":1459},{"x":1205,"y":816}],"cameraBounds":{"x":0,"y":0,"width":20000,"height":2000,"left":0,"bottom":2000,"right":20000,"top":0,"topLeft":{"x":0,"y":0,"length":0},"size":{"x":20000,"y":2000,"length":20099.751242241782},"bottomRight":{"x":20000,"y":2000,"length":20099.751242241782}},"dynamicElementData":null,"bridgePoints":[{"bridgeAY":1536,"bridgeBX":3508,"bridgeAX":3160,"bridgeBY":1772},{"bridgeAY":1773,"bridgeBX":4293,"bridgeAX":4023,"bridgeBY":1534},{"bridgeAY":1652,"bridgeBX":6587,"bridgeAX":6125,"bridgeBY":1782},{"bridgeAY":1400,"bridgeBX":6088,"bridgeAX":5893,"bridgeBY":1628},{"bridgeAY":1787,"bridgeBX":3967,"bridgeAX":3547,"bridgeBY":1789},{"bridgeAY":1013,"bridgeBX":6080,"bridgeAX":5901,"bridgeBY":1036}],"starValues":[15100,16100,17100],"polygonGroundData":[[[{"usedWorldBlocks":[{"x":1,"y":1},{"x":2,"y":1},{"x":3,"y":1},{"x":4,"y":1},{"x":5,"y":1},{"x":6,"y":1},{"x":7,"y":1},{"x":7,"y":2},{"x":6,"y":2},{"x":6,"y":3},{"x":5,"y":2},{"x":8,"y":2},{"x":9,"y":2},{"x":9,"y":3},{"x":8,"y":3},{"x":10,"y":2},{"x":10,"y":1},{"x":11,"y":1},{"x":11,"y":2},{"x":12,"y":1},{"x":12,"y":2},{"x":13,"y":1},{"x":14,"y":1},{"x":13,"y":2},{"x":13,"y":3},{"x":12,"y":3},{"x":14,"y":3},{"x":14,"y":2},{"x":15,"y":2},{"x":15,"y":3},{"x":16,"y":2},{"x":17,"y":2},{"x":16,"y":3}],"terrainTextureId":"polygon_terrain_2","polygon":[{"x":780,"y":780},{"x":929,"y":779},{"x":1193,"y":779},{"x":1153,"y":836},{"x":930,"y":930},{"x":825,"y":887}]},{"usedWorldBlocks":[{"x":1,"y":1},{"x":2,"y":1},{"x":3,"y":1},{"x":4,"y":1},{"x":5,"y":1},{"x":6,"y":1},{"x":7,"y":1},{"x":7,"y":2},{"x":6,"y":2},{"x":6,"y":3},{"x":5,"y":2},{"x":8,"y":2},{"x":9,"y":2},{"x":9,"y":3},{"x":8,"y":3},{"x":10,"y":2},{"x":10,"y":1},{"x":11,"y":1},{"x":11,"y":2},{"x":12,"y":1},{"x":12,"y":2},{"x":13,"y":1},{"x":14,"y":1},{"x":13,"y":2},{"x":13,"y":3},{"x":12,"y":3},{"x":14,"y":3},{"x":14,"y":2},{"x":15,"y":2},{"x":15,"y":3},{"x":16,"y":2},{"x":17,"y":2},{"x":16,"y":3}],"terrainTextureId":"polygon_terrain_2","polygon":[{"x":1375,"y":796},{"x":1535,"y":728},{"x":1698,"y":733},{"x":1593,"y":902},{"x":1447,"y":906}]},{"usedWorldBlocks":[{"x":1,"y":1},{"x":2,"y":1},{"x":3,"y":1},{"x":4,"y":1},{"x":5,"y":1},{"x":6,"y":1},{"x":7,"y":1},{"x":7,"y":2},{"x":6,"y":2},{"x":6,"y":3},{"x":5,"y":2},{"x":8,"y":2},{"x":9,"y":2},{"x":9,"y":3},{"x":8,"y":3},{"x":10,"y":2},{"x":10,"y":1},{"x":11,"y":1},{"x":11,"y":2},{"x":12,"y":1},{"x":12,"y":2},{"x":13,"y":1},{"x":14,"y":1},{"x":13,"y":2},{"x":13,"y":3},{"x":12,"y":3},{"x":14,"y":3},{"x":14,"y":2},{"x":15,"y":2},{"x":15,"y":3},{"x":16,"y":2},{"x":17,"y":2},{"x":16,"y":3}],"terrainTextureId":"polygon_terrain_2","polygon":[{"x":1883,"y":767},{"x":2076,"y":731},{"x":2038,"y":903},{"x":1918,"y":891}]},{"usedWorldBlocks":[{"x":1,"y":1},{"x":2,"y":1},{"x":3,"y":1},{"x":4,"y":1},{"x":5,"y":1},{"x":6,"y":1},{"x":7,"y":1},{"x":7,"y":2},{"x":6,"y":2},{"x":6,"y":3},{"x":5,"y":2},{"x":8,"y":2},{"x":9,"y":2},{"x":9,"y":3},{"x":8,"y":3},{"x":10,"y":2},{"x":10,"y":1},{"x":11,"y":1},{"x":11,"y":2},{"x":12,"y":1},{"x":12,"y":2},{"x":13,"y":1},{"x":14,"y":1},{"x":13,"y":2},{"x":13,"y":3},{"x":12,"y":3},{"x":14,"y":3},{"x":14,"y":2},{"x":15,"y":2},{"x":15,"y":3},{"x":16,"y":2},{"x":17,"y":2},{"x":16,"y":3}],"terrainTextureId":"polygon_terrain_2","polygon":[{"x":2268,"y":760},{"x":2459,"y":819},{"x":2418,"y":910},{"x":2284,"y":897}]},{"usedWorldBlocks":[{"x":1,"y":1},{"x":2,"y":1},{"x":3,"y":1},{"x":4,"y":1},{"x":5,"y":1},{"x":6,"y":1},{"x":7,"y":1},{"x":7,"y":2},{"x":6,"y":2},{"x":6,"y":3},{"x":5,"y":2},{"x":8,"y":2},{"x":9,"y":2},{"x":9,"y":3},{"x":8,"y":3},{"x":10,"y":2},{"x":10,"y":1},{"x":11,"y":1},{"x":11,"y":2},{"x":12,"y":1},{"x":12,"y":2},{"x":13,"y":1},{"x":14,"y":1},{"x":13,"y":2},{"x":13,"y":3},{"x":12,"y":3},{"x":14,"y":3},{"x":14,"y":2},{"x":15,"y":2},{"x":15,"y":3},{"x":16,"y":2},{"x":17,"y":2},{"x":16,"y":3}],"terrainTextureId":"polygon_terrain_2","polygon":[{"x":2599,"y":860},{"x":2757,"y":790},{"x":2826,"y":969},{"x":2985,"y":878},{"x":3085,"y":949},{"x":3217,"y":840},{"x":3344,"y":944},{"x":3519,"y":888},{"x":3569,"y":1018},{"x":3422,"y":1117},{"x":3337,"y":1290},{"x":3476,"y":1489},{"x":3367,"y":1561},{"x":3214,"y":1524},{"x":3072,"y":1528},{"x":2955,"y":1338},{"x":2822,"y":1210},{"x":2710,"y":1110},{"x":2599,"y":1010}]},{"usedWorldBlocks":[{"x":1,"y":1},{"x":2,"y":1},{"x":3,"y":1},{"x":4,"y":1},{"x":5,"y":1},{"x":6,"y":1},{"x":7,"y":1},{"x":7,"y":2},{"x":6,"y":2},{"x":6,"y":3},{"x":5,"y":2},{"x":8,"y":2},{"x":9,"y":2},{"x":9,"y":3},{"x":8,"y":3},{"x":10,"y":2},{"x":10,"y":1},{"x":11,"y":1},{"x":11,"y":2},{"x":12,"y":1},{"x":12,"y":2},{"x":13,"y":1},{"x":14,"y":1},{"x":13,"y":2},{"x":13,"y":3},{"x":12,"y":3},{"x":14,"y":3},{"x":14,"y":2},{"x":15,"y":2},{"x":15,"y":3},{"x":16,"y":2},{"x":17,"y":2},{"x":16,"y":3}],"terrainTextureId":"polygon_terrain_2","polygon":[{"x":3711,"y":821},{"x":3958,"y":709},{"x":3971,"y":818},{"x":3905,"y":1063},{"x":3956,"y":1343},{"x":3714,"y":1451},{"x":3591,"y":1280},{"x":3690,"y":1167},{"x":3796,"y":1048}]},{"usedWorldBlocks":[{"x":1,"y":1},{"x":2,"y":1},{"x":3,"y":1},{"x":4,"y":1},{"x":5,"y":1},{"x":6,"y":1},{"x":7,"y":1},{"x":7,"y":2},{"x":6,"y":2},{"x":6,"y":3},{"x":5,"y":2},{"x":8,"y":2},{"x":9,"y":2},{"x":9,"y":3},{"x":8,"y":3},{"x":10,"y":2},{"x":10,"y":1},{"x":11,"y":1},{"x":11,"y":2},{"x":12,"y":1},{"x":12,"y":2},{"x":13,"y":1},{"x":14,"y":1},{"x":13,"y":2},{"x":13,"y":3},{"x":12,"y":3},{"x":14,"y":3},{"x":14,"y":2},{"x":15,"y":2},{"x":15,"y":3},{"x":16,"y":2},{"x":17,"y":2},{"x":16,"y":3}],"terrainTextureId":"polygon_terrain_2","polygon":[{"x":4308,"y":1498},{"x":4457,"y":1499},{"x":4541,"y":1397},{"x":4566,"y":1274},{"x":4727,"y":1274},{"x":4836,"y":1167},{"x":4861,"y":1033},{"x":4984,"y":1040},{"x":4970,"y":1167},{"x":4915,"y":1405},{"x":4809,"y":1323},{"x":4629,"y":1389},{"x":4554,"y":1577},{"x":4546,"y":1741},{"x":4346,"y":1645}]}]],[[{"usedWorldBlocks":[{"x":1,"y":1},{"x":2,"y":1},{"x":3,"y":1},{"x":4,"y":1},{"x":5,"y":1},{"x":6,"y":1},{"x":7,"y":1},{"x":7,"y":2},{"x":6,"y":2},{"x":6,"y":3},{"x":5,"y":2},{"x":8,"y":2},{"x":9,"y":2},{"x":9,"y":3},{"x":8,"y":3},{"x":10,"y":2},{"x":10,"y":1},{"x":11,"y":1},{"x":11,"y":2},{"x":12,"y":1},{"x":12,"y":2},{"x":13,"y":1},{"x":14,"y":1},{"x":13,"y":2},{"x":13,"y":3},{"x":12,"y":3},{"x":14,"y":3},{"x":14,"y":2},{"x":15,"y":2},{"x":15,"y":3},{"x":16,"y":2},{"x":17,"y":2},{"x":16,"y":3}],"terrainTextureId":"polygon_terrain_2","polygon":[{"x":126,"y":1023},{"x":267,"y":1038},{"x":291,"y":1175},{"x":169,"y":1144}]},{"usedWorldBlocks":[{"x":1,"y":1},{"x":2,"y":1},{"x":3,"y":1},{"x":4,"y":1},{"x":5,"y":1},{"x":6,"y":1},{"x":7,"y":1},{"x":7,"y":2},{"x":6,"y":2},{"x":6,"y":3},{"x":5,"y":2},{"x":8,"y":2},{"x":9,"y":2},{"x":9,"y":3},{"x":8,"y":3},{"x":10,"y":2},{"x":10,"y":1},{"x":11,"y":1},{"x":11,"y":2},{"x":12,"y":1},{"x":12,"y":2},{"x":13,"y":1},{"x":14,"y":1},{"x":13,"y":2},{"x":13,"y":3},{"x":12,"y":3},{"x":14,"y":3},{"x":14,"y":2},{"x":15,"y":2},{"x":15,"y":3},{"x":16,"y":2},{"x":17,"y":2},{"x":16,"y":3}],"terrainTextureId":"polygon_terrain_2","polygon":[{"x":429,"y":997},{"x":563,"y":951},{"x":616,"y":1083},{"x":461,"y":1145}]},{"usedWorldBlocks":[{"x":1,"y":1},{"x":2,"y":1},{"x":3,"y":1},{"x":4,"y":1},{"x":5,"y":1},{"x":6,"y":1},{"x":7,"y":1},{"x":7,"y":2},{"x":6,"y":2},{"x":6,"y":3},{"x":5,"y":2},{"x":8,"y":2},{"x":9,"y":2},{"x":9,"y":3},{"x":8,"y":3},{"x":10,"y":2},{"x":10,"y":1},{"x":11,"y":1},{"x":11,"y":2},{"x":12,"y":1},{"x":12,"y":2},{"x":13,"y":1},{"x":14,"y":1},{"x":13,"y":2},{"x":13,"y":3},{"x":12,"y":3},{"x":14,"y":3},{"x":14,"y":2},{"x":15,"y":2},{"x":15,"y":3},{"x":16,"y":2},{"x":17,"y":2},{"x":16,"y":3}],"terrainTextureId":"polygon_terrain_2","polygon":[{"x":735,"y":888},{"x":909,"y":852},{"x":877,"y":1023},{"x":763,"y":1032}]},{"usedWorldBlocks":[{"x":1,"y":1},{"x":2,"y":1},{"x":3,"y":1},{"x":4,"y":1},{"x":5,"y":1},{"x":6,"y":1},{"x":7,"y":1},{"x":7,"y":2},{"x":6,"y":2},{"x":6,"y":3},{"x":5,"y":2},{"x":8,"y":2},{"x":9,"y":2},{"x":9,"y":3},{"x":8,"y":3},{"x":10,"y":2},{"x":10,"y":1},{"x":11,"y":1},{"x":11,"y":2},{"x":12,"y":1},{"x":12,"y":2},{"x":13,"y":1},{"x":14,"y":1},{"x":13,"y":2},{"x":13,"y":3},{"x":12,"y":3},{"x":14,"y":3},{"x":14,"y":2},{"x":15,"y":2},{"x":15,"y":3},{"x":16,"y":2},{"x":17,"y":2},{"x":16,"y":3}],"terrainTextureId":"polygon_terrain_2","polygon":[{"x":1182,"y":749},{"x":1382,"y":746},{"x":1376,"y":864},{"x":1279,"y":942},{"x":1213,"y":1077},{"x":1115,"y":1038},{"x":1110,"y":814}]},{"usedWorldBlocks":[{"x":1,"y":1},{"x":2,"y":1},{"x":3,"y":1},{"x":4,"y":1},{"x":5,"y":1},{"x":6,"y":1},{"x":7,"y":1},{"x":7,"y":2},{"x":6,"y":2},{"x":6,"y":3},{"x":5,"y":2},{"x":8,"y":2},{"x":9,"y":2},{"x":9,"y":3},{"x":8,"y":3},{"x":10,"y":2},{"x":10,"y":1},{"x":11,"y":1},{"x":11,"y":2},{"x":12,"y":1},{"x":12,"y":2},{"x":13,"y":1},{"x":14,"y":1},{"x":13,"y":2},{"x":13,"y":3},{"x":12,"y":3},{"x":14,"y":3},{"x":14,"y":2},{"x":15,"y":2},{"x":15,"y":3},{"x":16,"y":2},{"x":17,"y":2},{"x":16,"y":3}],"terrainTextureId":"polygon_terrain_2","polygon":[{"x":1587,"y":744},{"x":1736,"y":739},{"x":1884,"y":654},{"x":2071,"y":731},{"x":2015,"y":815},{"x":1737,"y":894},{"x":1587,"y":894}]},{"usedWorldBlocks":[{"x":1,"y":1},{"x":2,"y":1},{"x":3,"y":1},{"x":4,"y":1},{"x":5,"y":1},{"x":6,"y":1},{"x":7,"y":1},{"x":7,"y":2},{"x":6,"y":2},{"x":6,"y":3},{"x":5,"y":2},{"x":8,"y":2},{"x":9,"y":2},{"x":9,"y":3},{"x":8,"y":3},{"x":10,"y":2},{"x":10,"y":1},{"x":11,"y":1},{"x":11,"y":2},{"x":12,"y":1},{"x":12,"y":2},{"x":13,"y":1},{"x":14,"y":1},{"x":13,"y":2},{"x":13,"y":3},{"x":12,"y":3},{"x":14,"y":3},{"x":14,"y":2},{"x":15,"y":2},{"x":15,"y":3},{"x":16,"y":2},{"x":17,"y":2},{"x":16,"y":3}],"terrainTextureId":"polygon_terrain_2","polygon":[{"x":1304,"y":1120},{"x":1391,"y":1040},{"x":1405,"y":1287},{"x":1304,"y":1270}]},{"usedWorldBlocks":[{"x":1,"y":1},{"x":2,"y":1},{"x":3,"y":1},{"x":4,"y":1},{"x":5,"y":1},{"x":6,"y":1},{"x":7,"y":1},{"x":7,"y":2},{"x":6,"y":2},{"x":6,"y":3},{"x":5,"y":2},{"x":8,"y":2},{"x":9,"y":2},{"x":9,"y":3},{"x":8,"y":3},{"x":10,"y":2},{"x":10,"y":1},{"x":11,"y":1},{"x":11,"y":2},{"x":12,"y":1},{"x":12,"y":2},{"x":13,"y":1},{"x":14,"y":1},{"x":13,"y":2},{"x":13,"y":3},{"x":12,"y":3},{"x":14,"y":3},{"x":14,"y":2},{"x":15,"y":2},{"x":15,"y":3},{"x":16,"y":2},{"x":17,"y":2},{"x":16,"y":3}],"terrainTextureId":"polygon_terrain_2","polygon":[{"x":1548,"y":1022},{"x":1659,"y":1050},{"x":1679,"y":1201},{"x":1578,"y":1234}]},{"usedWorldBlocks":[{"x":1,"y":1},{"x":2,"y":1},{"x":3,"y":1},{"x":4,"y":1},{"x":5,"y":1},{"x":6,"y":1},{"x":7,"y":1},{"x":7,"y":2},{"x":6,"y":2},{"x":6,"y":3},{"x":5,"y":2},{"x":8,"y":2},{"x":9,"y":2},{"x":9,"y":3},{"x":8,"y":3},{"x":10,"y":2},{"x":10,"y":1},{"x":11,"y":1},{"x":11,"y":2},{"x":12,"y":1},{"x":12,"y":2},{"x":13,"y":1},{"x":14,"y":1},{"x":13,"y":2},{"x":13,"y":3},{"x":12,"y":3},{"x":14,"y":3},{"x":14,"y":2},{"x":15,"y":2},{"x":15,"y":3},{"x":16,"y":2},{"x":17,"y":2},{"x":16,"y":3}],"terrainTextureId":"polygon_terrain_2","polygon":[{"x":1402,"y":1387},{"x":1512,"y":1489},{"x":1522,"y":1579},{"x":1372,"y":1579}]},{"usedWorldBlocks":[{"x":1,"y":1},{"x":2,"y":1},{"x":3,"y":1},{"x":4,"y":1},{"x":5,"y":1},{"x":6,"y":1},{"x":7,"y":1},{"x":7,"y":2},{"x":6,"y":2},{"x":6,"y":3},{"x":5,"y":2},{"x":8,"y":2},{"x":9,"y":2},{"x":9,"y":3},{"x":8,"y":3},{"x":10,"y":2},{"x":10,"y":1},{"x":11,"y":1},{"x":11,"y":2},{"x":12,"y":1},{"x":12,"y":2},{"x":13,"y":1},{"x":14,"y":1},{"x":13,"y":2},{"x":13,"y":3},{"x":12,"y":3},{"x":14,"y":3},{"x":14,"y":2},{"x":15,"y":2},{"x":15,"y":3},{"x":16,"y":2},{"x":17,"y":2},{"x":16,"y":3}],"terrainTextureId":"polygon_terrain_2","polygon":[{"x":1628,"y":1670},{"x":1783,"y":1676},{"x":1915,"y":1598},{"x":2051,"y":1540},{"x":2185,"y":1544},{"x":2079,"y":1650},{"x":1961,"y":1766},{"x":1777,"y":1879},{"x":1623,"y":1815}]},{"usedWorldBlocks":[{"x":1,"y":1},{"x":2,"y":1},{"x":3,"y":1},{"x":4,"y":1},{"x":5,"y":1},{"x":6,"y":1},{"x":7,"y":1},{"x":7,"y":2},{"x":6,"y":2},{"x":6,"y":3},{"x":5,"y":2},{"x":8,"y":2},{"x":9,"y":2},{"x":9,"y":3},{"x":8,"y":3},{"x":10,"y":2},{"x":10,"y":1},{"x":11,"y":1},{"x":11,"y":2},{"x":12,"y":1},{"x":12,"y":2},{"x":13,"y":1},{"x":14,"y":1},{"x":13,"y":2},{"x":13,"y":3},{"x":12,"y":3},{"x":14,"y":3},{"x":14,"y":2},{"x":15,"y":2},{"x":15,"y":3},{"x":16,"y":2},{"x":17,"y":2},{"x":16,"y":3}],"terrainTextureId":"polygon_terrain_2","polygon":[{"x":819,"y":1325},{"x":893,"y":1353},{"x":890,"y":1466},{"x":785,"y":1403}]},{"usedWorldBlocks":[{"x":1,"y":1},{"x":2,"y":1},{"x":3,"y":1},{"x":4,"y":1},{"x":5,"y":1},{"x":6,"y":1},{"x":7,"y":1},{"x":7,"y":2},{"x":6,"y":2},{"x":6,"y":3},{"x":5,"y":2},{"x":8,"y":2},{"x":9,"y":2},{"x":9,"y":3},{"x":8,"y":3},{"x":10,"y":2},{"x":10,"y":1},{"x":11,"y":1},{"x":11,"y":2},{"x":12,"y":1},{"x":12,"y":2},{"x":13,"y":1},{"x":14,"y":1},{"x":13,"y":2},{"x":13,"y":3},{"x":12,"y":3},{"x":14,"y":3},{"x":14,"y":2},{"x":15,"y":2},{"x":15,"y":3},{"x":16,"y":2},{"x":17,"y":2},{"x":16,"y":3}],"terrainTextureId":"polygon_terrain_2","polygon":[{"x":2340,"y":1503},{"x":2494,"y":1470},{"x":2490,"y":1653},{"x":2361,"y":1637}]},{"usedWorldBlocks":[{"x":1,"y":1},{"x":2,"y":1},{"x":3,"y":1},{"x":4,"y":1},{"x":5,"y":1},{"x":6,"y":1},{"x":7,"y":1},{"x":7,"y":2},{"x":6,"y":2},{"x":6,"y":3},{"x":5,"y":2},{"x":8,"y":2},{"x":9,"y":2},{"x":9,"y":3},{"x":8,"y":3},{"x":10,"y":2},{"x":10,"y":1},{"x":11,"y":1},{"x":11,"y":2},{"x":12,"y":1},{"x":12,"y":2},{"x":13,"y":1},{"x":14,"y":1},{"x":13,"y":2},{"x":13,"y":3},{"x":12,"y":3},{"x":14,"y":3},{"x":14,"y":2},{"x":15,"y":2},{"x":15,"y":3},{"x":16,"y":2},{"x":17,"y":2},{"x":16,"y":3}],"terrainTextureId":"polygon_terrain_2","polygon":[{"x":2660,"y":1402},{"x":2807,"y":1373},{"x":2810,"y":1552},{"x":2676,"y":1539}]},{"usedWorldBlocks":[{"x":1,"y":1},{"x":2,"y":1},{"x":3,"y":1},{"x":4,"y":1},{"x":5,"y":1},{"x":6,"y":1},{"x":7,"y":1},{"x":7,"y":2},{"x":6,"y":2},{"x":6,"y":3},{"x":5,"y":2},{"x":8,"y":2},{"x":9,"y":2},{"x":9,"y":3},{"x":8,"y":3},{"x":10,"y":2},{"x":10,"y":1},{"x":11,"y":1},{"x":11,"y":2},{"x":12,"y":1},{"x":12,"y":2},{"x":13,"y":1},{"x":14,"y":1},{"x":13,"y":2},{"x":13,"y":3},{"x":12,"y":3},{"x":14,"y":3},{"x":14,"y":2},{"x":15,"y":2},{"x":15,"y":3},{"x":16,"y":2},{"x":17,"y":2},{"x":16,"y":3}],"terrainTextureId":"polygon_terrain_2","polygon":[{"x":3025,"y":1365},{"x":3174,"y":1363},{"x":3324,"y":1362},{"x":3578,"y":1361},{"x":3525,"y":1461},{"x":3381,"y":1548},{"x":3270,"y":1730},{"x":3225,"y":1581},{"x":3065,"y":1460}]}]],[[]],[[]]],"worldId":0,"polygonBackgroundData":[[[]],[[]],[[]],[[]]],"libraryElements":null,"staticElementData":[],"enemyPathData":null,"levelId":0}