{"polygonGroundData":[[[{"usedWorldBlocks":[{"x":1,"y":1},{"x":1,"y":2},{"x":2,"y":1},{"x":2,"y":2},{"x":3,"y":1},{"x":3,"y":2},{"x":4,"y":2},{"x":4,"y":1},{"x":4,"y":3},{"x":3,"y":3},{"x":5,"y":2},{"x":5,"y":3},{"x":7,"y":2},{"x":8,"y":2},{"x":8,"y":1},{"x":9,"y":1},{"x":9,"y":2},{"x":10,"y":1},{"x":10,"y":2},{"x":10,"y":3},{"x":11,"y":1},{"x":11,"y":2},{"x":11,"y":3},{"x":12,"y":3},{"x":12,"y":1},{"x":13,"y":3},{"x":13,"y":2},{"x":14,"y":2},{"x":14,"y":3}],"terrainTextureId":"polygon_terrain_2","polygon":[{"x":813,"y":870},{"x":942,"y":876},{"x":885,"y":1012},{"x":798,"y":985}]},{"usedWorldBlocks":[{"x":1,"y":1},{"x":1,"y":2},{"x":2,"y":1},{"x":2,"y":2},{"x":3,"y":1},{"x":3,"y":2},{"x":4,"y":2},{"x":4,"y":1},{"x":4,"y":3},{"x":3,"y":3},{"x":5,"y":2},{"x":5,"y":3},{"x":7,"y":2},{"x":8,"y":2},{"x":8,"y":1},{"x":9,"y":1},{"x":9,"y":2},{"x":10,"y":1},{"x":10,"y":2},{"x":10,"y":3},{"x":11,"y":1},{"x":11,"y":2},{"x":11,"y":3},{"x":12,"y":3},{"x":12,"y":1},{"x":13,"y":3},{"x":13,"y":2},{"x":14,"y":2},{"x":14,"y":3}],"terrainTextureId":"polygon_terrain_2","polygon":[{"x":1036,"y":877},{"x":1115,"y":879},{"x":1219,"y":1026},{"x":1036,"y":1027}]},{"usedWorldBlocks":[{"x":1,"y":1},{"x":1,"y":2},{"x":2,"y":1},{"x":2,"y":2},{"x":3,"y":1},{"x":3,"y":2},{"x":4,"y":2},{"x":4,"y":1},{"x":4,"y":3},{"x":3,"y":3},{"x":5,"y":2},{"x":5,"y":3},{"x":7,"y":2},{"x":8,"y":2},{"x":8,"y":1},{"x":9,"y":1},{"x":9,"y":2},{"x":10,"y":1},{"x":10,"y":2},{"x":10,"y":3},{"x":11,"y":1},{"x":11,"y":2},{"x":11,"y":3},{"x":12,"y":3},{"x":12,"y":1},{"x":13,"y":3},{"x":13,"y":2},{"x":14,"y":2},{"x":14,"y":3}],"terrainTextureId":"polygon_terrain_2","polygon":[{"x":1331,"y":1130},{"x":1498,"y":1077},{"x":1656,"y":981},{"x":1776,"y":1098},{"x":1833,"y":1360},{"x":1615,"y":1426},{"x":1481,"y":1280},{"x":1356,"y":1259}]},{"usedWorldBlocks":[{"x":1,"y":1},{"x":1,"y":2},{"x":2,"y":1},{"x":2,"y":2},{"x":3,"y":1},{"x":3,"y":2},{"x":4,"y":2},{"x":4,"y":1},{"x":4,"y":3},{"x":3,"y":3},{"x":5,"y":2},{"x":5,"y":3},{"x":7,"y":2},{"x":8,"y":2},{"x":8,"y":1},{"x":9,"y":1},{"x":9,"y":2},{"x":10,"y":1},{"x":10,"y":2},{"x":10,"y":3},{"x":11,"y":1},{"x":11,"y":2},{"x":11,"y":3},{"x":12,"y":3},{"x":12,"y":1},{"x":13,"y":3},{"x":13,"y":2},{"x":14,"y":2},{"x":14,"y":3}],"terrainTextureId":"polygon_terrain_2","polygon":[{"x":1971,"y":1101},{"x":2153,"y":1046},{"x":2338,"y":936},{"x":2462,"y":935},{"x":2433,"y":1037},{"x":2237,"y":1151},{"x":2109,"y":1241},{"x":2004,"y":1214}]},{"usedWorldBlocks":[{"x":1,"y":1},{"x":1,"y":2},{"x":2,"y":1},{"x":2,"y":2},{"x":3,"y":1},{"x":3,"y":2},{"x":4,"y":2},{"x":4,"y":1},{"x":4,"y":3},{"x":3,"y":3},{"x":5,"y":2},{"x":5,"y":3},{"x":7,"y":2},{"x":8,"y":2},{"x":8,"y":1},{"x":9,"y":1},{"x":9,"y":2},{"x":10,"y":1},{"x":10,"y":2},{"x":10,"y":3},{"x":11,"y":1},{"x":11,"y":2},{"x":11,"y":3},{"x":12,"y":3},{"x":12,"y":1},{"x":13,"y":3},{"x":13,"y":2},{"x":14,"y":2},{"x":14,"y":3}],"terrainTextureId":"polygon_terrain_2","polygon":[{"x":1871,"y":1409},{"x":2025,"y":1436},{"x":2031,"y":1567},{"x":1881,"y":1567}]},{"usedWorldBlocks":[{"x":1,"y":1},{"x":1,"y":2},{"x":2,"y":1},{"x":2,"y":2},{"x":3,"y":1},{"x":3,"y":2},{"x":4,"y":2},{"x":4,"y":1},{"x":4,"y":3},{"x":3,"y":3},{"x":5,"y":2},{"x":5,"y":3},{"x":7,"y":2},{"x":8,"y":2},{"x":8,"y":1},{"x":9,"y":1},{"x":9,"y":2},{"x":10,"y":1},{"x":10,"y":2},{"x":10,"y":3},{"x":11,"y":1},{"x":11,"y":2},{"x":11,"y":3},{"x":12,"y":3},{"x":12,"y":1},{"x":13,"y":3},{"x":13,"y":2},{"x":14,"y":2},{"x":14,"y":3}],"terrainTextureId":"polygon_terrain_2","polygon":[{"x":2141,"y":1465},{"x":2310,"y":1417},{"x":2291,"y":1615},{"x":2142,"y":1570}]},{"usedWorldBlocks":[{"x":1,"y":1},{"x":1,"y":2},{"x":2,"y":1},{"x":2,"y":2},{"x":3,"y":1},{"x":3,"y":2},{"x":4,"y":2},{"x":4,"y":1},{"x":4,"y":3},{"x":3,"y":3},{"x":5,"y":2},{"x":5,"y":3},{"x":7,"y":2},{"x":8,"y":2},{"x":8,"y":1},{"x":9,"y":1},{"x":9,"y":2},{"x":10,"y":1},{"x":10,"y":2},{"x":10,"y":3},{"x":11,"y":1},{"x":11,"y":2},{"x":11,"y":3},{"x":12,"y":3},{"x":12,"y":1},{"x":13,"y":3},{"x":13,"y":2},{"x":14,"y":2},{"x":14,"y":3}],"terrainTextureId":"polygon_terrain_2","polygon":[{"x":2476,"y":1420},{"x":2632,"y":1431},{"x":2635,"y":1594},{"x":2517,"y":1586}]},{"usedWorldBlocks":[{"x":1,"y":1},{"x":1,"y":2},{"x":2,"y":1},{"x":2,"y":2},{"x":3,"y":1},{"x":3,"y":2},{"x":4,"y":2},{"x":4,"y":1},{"x":4,"y":3},{"x":3,"y":3},{"x":5,"y":2},{"x":5,"y":3},{"x":7,"y":2},{"x":8,"y":2},{"x":8,"y":1},{"x":9,"y":1},{"x":9,"y":2},{"x":10,"y":1},{"x":10,"y":2},{"x":10,"y":3},{"x":11,"y":1},{"x":11,"y":2},{"x":11,"y":3},{"x":12,"y":3},{"x":12,"y":1},{"x":13,"y":3},{"x":13,"y":2},{"x":14,"y":2},{"x":14,"y":3}],"terrainTextureId":"polygon_terrain_2","polygon":[{"x":3796,"y":1120},{"x":3946,"y":1120},{"x":4049,"y":1263},{"x":4199,"y":1263},{"x":4337,"y":1261},{"x":4449,"y":1166},{"x":4491,"y":1031},{"x":4498,"y":941},{"x":4615,"y":943},{"x":4671,"y":1044},{"x":4639,"y":1219},{"x":4490,"y":1453},{"x":4316,"y":1485},{"x":4107,"y":1432},{"x":3977,"y":1322},{"x":3803,"y":1249}]}]],[[{"usedWorldBlocks":[{"x":1,"y":1},{"x":1,"y":2},{"x":2,"y":1},{"x":2,"y":2},{"x":3,"y":1},{"x":3,"y":2},{"x":4,"y":2},{"x":4,"y":1},{"x":4,"y":3},{"x":3,"y":3},{"x":5,"y":2},{"x":5,"y":3},{"x":7,"y":2},{"x":8,"y":2},{"x":8,"y":1},{"x":9,"y":1},{"x":9,"y":2},{"x":10,"y":1},{"x":10,"y":2},{"x":10,"y":3},{"x":11,"y":1},{"x":11,"y":2},{"x":11,"y":3},{"x":12,"y":3},{"x":12,"y":1},{"x":13,"y":3},{"x":13,"y":2},{"x":14,"y":2},{"x":14,"y":3}],"terrainTextureId":"polygon_terrain_2","polygon":[{"x":99,"y":945},{"x":262,"y":902},{"x":200,"y":1064},{"x":259,"y":1202},{"x":338,"y":1368},{"x":250,"y":1552},{"x":126,"y":1545},{"x":55,"y":1255},{"x":118,"y":1090}]},{"usedWorldBlocks":[{"x":1,"y":1},{"x":1,"y":2},{"x":2,"y":1},{"x":2,"y":2},{"x":3,"y":1},{"x":3,"y":2},{"x":4,"y":2},{"x":4,"y":1},{"x":4,"y":3},{"x":3,"y":3},{"x":5,"y":2},{"x":5,"y":3},{"x":7,"y":2},{"x":8,"y":2},{"x":8,"y":1},{"x":9,"y":1},{"x":9,"y":2},{"x":10,"y":1},{"x":10,"y":2},{"x":10,"y":3},{"x":11,"y":1},{"x":11,"y":2},{"x":11,"y":3},{"x":12,"y":3},{"x":12,"y":1},{"x":13,"y":3},{"x":13,"y":2},{"x":14,"y":2},{"x":14,"y":3}],"terrainTextureId":"polygon_terrain_2","polygon":[{"x":505,"y":830},{"x":683,"y":896},{"x":687,"y":1045},{"x":691,"y":1195},{"x":696,"y":1347},{"x":660,"y":1528},{"x":519,"y":1580},{"x":410,"y":1583},{"x":514,"y":1375},{"x":464,"y":1234},{"x":378,"y":1065}]},{"usedWorldBlocks":[{"x":1,"y":1},{"x":1,"y":2},{"x":2,"y":1},{"x":2,"y":2},{"x":3,"y":1},{"x":3,"y":2},{"x":4,"y":2},{"x":4,"y":1},{"x":4,"y":3},{"x":3,"y":3},{"x":5,"y":2},{"x":5,"y":3},{"x":7,"y":2},{"x":8,"y":2},{"x":8,"y":1},{"x":9,"y":1},{"x":9,"y":2},{"x":10,"y":1},{"x":10,"y":2},{"x":10,"y":3},{"x":11,"y":1},{"x":11,"y":2},{"x":11,"y":3},{"x":12,"y":3},{"x":12,"y":1},{"x":13,"y":3},{"x":13,"y":2},{"x":14,"y":2},{"x":14,"y":3}],"terrainTextureId":"polygon_terrain_2","polygon":[{"x":162,"y":1705},{"x":305,"y":1739},{"x":461,"y":1722},{"x":606,"y":1721},{"x":817,"y":1619},{"x":1058,"y":1621},{"x":1035,"y":1682},{"x":861,"y":1764},{"x":773,"y":1920},{"x":556,"y":1974},{"x":413,"y":1942},{"x":241,"y":1888},{"x":142,"y":1777}]},{"usedWorldBlocks":[{"x":1,"y":1},{"x":1,"y":2},{"x":2,"y":1},{"x":2,"y":2},{"x":3,"y":1},{"x":3,"y":2},{"x":4,"y":2},{"x":4,"y":1},{"x":4,"y":3},{"x":3,"y":3},{"x":5,"y":2},{"x":5,"y":3},{"x":7,"y":2},{"x":8,"y":2},{"x":8,"y":1},{"x":9,"y":1},{"x":9,"y":2},{"x":10,"y":1},{"x":10,"y":2},{"x":10,"y":3},{"x":11,"y":1},{"x":11,"y":2},{"x":11,"y":3},{"x":12,"y":3},{"x":12,"y":1},{"x":13,"y":3},{"x":13,"y":2},{"x":14,"y":2},{"x":14,"y":3}],"terrainTextureId":"polygon_terrain_2","polygon":[{"x":980,"y":570},{"x":1130,"y":563},{"x":1357,"y":561},{"x":1415,"y":718},{"x":1288,"y":954},{"x":1195,"y":879},{"x":1120,"y":698}]},{"usedWorldBlocks":[{"x":1,"y":1},{"x":1,"y":2},{"x":2,"y":1},{"x":2,"y":2},{"x":3,"y":1},{"x":3,"y":2},{"x":4,"y":2},{"x":4,"y":1},{"x":4,"y":3},{"x":3,"y":3},{"x":5,"y":2},{"x":5,"y":3},{"x":7,"y":2},{"x":8,"y":2},{"x":8,"y":1},{"x":9,"y":1},{"x":9,"y":2},{"x":10,"y":1},{"x":10,"y":2},{"x":10,"y":3},{"x":11,"y":1},{"x":11,"y":2},{"x":11,"y":3},{"x":12,"y":3},{"x":12,"y":1},{"x":13,"y":3},{"x":13,"y":2},{"x":14,"y":2},{"x":14,"y":3}],"terrainTextureId":"polygon_terrain_2","polygon":[{"x":1187,"y":1665},{"x":1335,"y":1622},{"x":1386,"y":1547},{"x":1451,"y":1612},{"x":1346,"y":1739},{"x":1337,"y":1918},{"x":1187,"y":1815}]},{"usedWorldBlocks":[{"x":1,"y":1},{"x":1,"y":2},{"x":2,"y":1},{"x":2,"y":2},{"x":3,"y":1},{"x":3,"y":2},{"x":4,"y":2},{"x":4,"y":1},{"x":4,"y":3},{"x":3,"y":3},{"x":5,"y":2},{"x":5,"y":3},{"x":7,"y":2},{"x":8,"y":2},{"x":8,"y":1},{"x":9,"y":1},{"x":9,"y":2},{"x":10,"y":1},{"x":10,"y":2},{"x":10,"y":3},{"x":11,"y":1},{"x":11,"y":2},{"x":11,"y":3},{"x":12,"y":3},{"x":12,"y":1},{"x":13,"y":3},{"x":13,"y":2},{"x":14,"y":2},{"x":14,"y":3}],"terrainTextureId":"polygon_terrain_2","polygon":[{"x":1608,"y":1551},{"x":1757,"y":1541},{"x":1854,"y":1494},{"x":1887,"y":1406},{"x":2036,"y":1403},{"x":2275,"y":1398},{"x":2260,"y":1474},{"x":2095,"y":1565},{"x":2021,"y":1696},{"x":1929,"y":1862},{"x":1758,"y":1701},{"x":1658,"y":1689}]},{"usedWorldBlocks":[{"x":1,"y":1},{"x":1,"y":2},{"x":2,"y":1},{"x":2,"y":2},{"x":3,"y":1},{"x":3,"y":2},{"x":4,"y":2},{"x":4,"y":1},{"x":4,"y":3},{"x":3,"y":3},{"x":5,"y":2},{"x":5,"y":3},{"x":7,"y":2},{"x":8,"y":2},{"x":8,"y":1},{"x":9,"y":1},{"x":9,"y":2},{"x":10,"y":1},{"x":10,"y":2},{"x":10,"y":3},{"x":11,"y":1},{"x":11,"y":2},{"x":11,"y":3},{"x":12,"y":3},{"x":12,"y":1},{"x":13,"y":3},{"x":13,"y":2},{"x":14,"y":2},{"x":14,"y":3}],"terrainTextureId":"polygon_terrain_2","polygon":[{"x":1570,"y":1185},{"x":1622,"y":1085},{"x":1799,"y":1017},{"x":1915,"y":1165},{"x":1864,"y":1278},{"x":1745,"y":1209},{"x":1611,"y":1264}]}]],[[]],[[]]],"startPoint":{"x":967,"y":640},"finishPoint":{"x":7006,"y":1318},"levelId":0,"collectableItems":[{"x":1228,"y":1116},{"x":722,"y":905},{"x":2508,"y":864},{"x":2185,"y":1352},{"x":3061,"y":1363},{"x":4539,"y":877},{"x":5406,"y":1354},{"x":5077,"y":1723},{"x":5547,"y":773},{"x":6714,"y":1257}],"bridgePoints":[{"bridgeAY":1430,"bridgeBX":2830,"bridgeAX":2636,"bridgeBY":1289},{"bridgeAY":1288,"bridgeBX":3064,"bridgeAX":2869,"bridgeBY":1429},{"bridgeAY":1427,"bridgeBX":3367,"bridgeAX":3102,"bridgeBY":1184},{"bridgeAY":1165,"bridgeBX":3778,"bridgeAX":3419,"bridgeBY":1169},{"bridgeAY":991,"bridgeBX":5087,"bridgeAX":4668,"bridgeBY":993},{"bridgeAY":1198,"bridgeBX":6174,"bridgeAX":5719,"bridgeBY":807}],"polygonBackgroundData":[[[]],[[]],[[]],[[]]],"dynamicElementData":null,"libraryElements":null,"enemyPathData":null,"starValues":[16600,17600,18600],"staticElementData":[],"worldId":0,"cameraBounds":{"x":0,"y":0,"width":20000,"height":2000,"left":0,"bottom":2000,"right":20000,"top":0,"topLeft":{"x":0,"y":0,"length":0},"size":{"x":20000,"y":2000,"length":20099.751242241782},"bottomRight":{"x":20000,"y":2000,"length":20099.751242241782}}}