{"startPoint":{"x":1116,"y":530},"finishPoint":{"x":9710.15,"y":1649.2},"collectableItems":[{"x":1430,"y":483},{"x":470,"y":730},{"x":1518,"y":1196},{"x":3677,"y":774},{"x":3206,"y":1187},{"x":4041,"y":1061},{"x":4804,"y":1204},{"x":6581,"y":1169},{"x":8469,"y":1126},{"x":9209,"y":1233}],"cameraBounds":{"x":0,"y":0,"width":20000,"height":2000,"left":0,"bottom":2000,"right":20000,"top":0,"topLeft":{"x":0,"y":0,"length":0},"size":{"x":20000,"y":2000,"length":20099.751242241782},"bottomRight":{"x":20000,"y":2000,"length":20099.751242241782}},"dynamicElementData":null,"bridgePoints":[{"bridgeAY":650,"bridgeBX":712,"bridgeAX":343,"bridgeBY":1122},{"bridgeAY":1175,"bridgeBX":2409,"bridgeAX":1873,"bridgeBY":790},{"bridgeAY":870,"bridgeBX":2735,"bridgeAX":2535,"bridgeBY":1169},{"bridgeAY":1520,"bridgeBX":4240,"bridgeAX":3424,"bridgeBY":1718},{"bridgeAY":1641,"bridgeBX":4728,"bridgeAX":4406,"bridgeBY":1371},{"bridgeAY":1325,"bridgeBX":5192,"bridgeAX":4893,"bridgeBY":1326},{"bridgeAY":1458,"bridgeBX":5615,"bridgeAX":5196,"bridgeBY":1463},{"bridgeAY":1603,"bridgeBX":6099,"bridgeAX":5620,"bridgeBY":1607},{"bridgeAY":959,"bridgeBX":3873,"bridgeAX":3574,"bridgeBY":960}],"starValues":[15300,16300,17300],"polygonGroundData":[[[{"usedWorldBlocks":[{"x":1,"y":1},{"x":2,"y":1},{"x":2,"y":0},{"x":3,"y":0},{"x":3,"y":1},{"x":2,"y":2},{"x":0,"y":1},{"x":1,"y":2},{"x":3,"y":2},{"x":4,"y":1},{"x":5,"y":1},{"x":6,"y":1},{"x":7,"y":1},{"x":6,"y":2},{"x":5,"y":2},{"x":7,"y":2},{"x":6,"y":3},{"x":5,"y":3},{"x":8,"y":2},{"x":8,"y":1},{"x":8,"y":3},{"x":9,"y":2},{"x":10,"y":2},{"x":10,"y":3},{"x":11,"y":2},{"x":11,"y":3},{"x":12,"y":3},{"x":12,"y":2},{"x":13,"y":2},{"x":14,"y":2},{"x":14,"y":3},{"x":13,"y":3},{"x":15,"y":2},{"x":15,"y":3},{"x":16,"y":2},{"x":16,"y":3},{"x":16,"y":1},{"x":17,"y":1},{"x":17,"y":2},{"x":18,"y":2},{"x":18,"y":3},{"x":19,"y":2},{"x":19,"y":3},{"x":17,"y":3}],"terrainTextureId":"polygon_terrain_2","polygon":[{"x":754,"y":923},{"x":726,"y":775},{"x":675,"y":641},{"x":740,"y":615},{"x":825,"y":660},{"x":908,"y":774},{"x":1019,"y":813},{"x":1263,"y":815},{"x":1419,"y":701},{"x":1498,"y":552},{"x":1496,"y":382},{"x":1595,"y":251},{"x":1701,"y":392},{"x":1604,"y":643},{"x":1564,"y":815},{"x":1468,"y":1018},{"x":1289,"y":960},{"x":1114,"y":964},{"x":964,"y":964}]},{"usedWorldBlocks":[{"x":1,"y":1},{"x":2,"y":1},{"x":2,"y":0},{"x":3,"y":0},{"x":3,"y":1},{"x":2,"y":2},{"x":0,"y":1},{"x":1,"y":2},{"x":3,"y":2},{"x":4,"y":1},{"x":5,"y":1},{"x":6,"y":1},{"x":7,"y":1},{"x":6,"y":2},{"x":5,"y":2},{"x":7,"y":2},{"x":6,"y":3},{"x":5,"y":3},{"x":8,"y":2},{"x":8,"y":1},{"x":8,"y":3},{"x":9,"y":2},{"x":10,"y":2},{"x":10,"y":3},{"x":11,"y":2},{"x":11,"y":3},{"x":12,"y":3},{"x":12,"y":2},{"x":13,"y":2},{"x":14,"y":2},{"x":14,"y":3},{"x":13,"y":3},{"x":15,"y":2},{"x":15,"y":3},{"x":16,"y":2},{"x":16,"y":3},{"x":16,"y":1},{"x":17,"y":1},{"x":17,"y":2},{"x":18,"y":2},{"x":18,"y":3},{"x":19,"y":2},{"x":19,"y":3},{"x":17,"y":3}],"terrainTextureId":"polygon_terrain_2","polygon":[{"x":213,"y":573},{"x":318,"y":585},{"x":327,"y":695},{"x":223,"y":666}]},{"usedWorldBlocks":[{"x":1,"y":1},{"x":2,"y":1},{"x":2,"y":0},{"x":3,"y":0},{"x":3,"y":1},{"x":2,"y":2},{"x":0,"y":1},{"x":1,"y":2},{"x":3,"y":2},{"x":4,"y":1},{"x":5,"y":1},{"x":6,"y":1},{"x":7,"y":1},{"x":6,"y":2},{"x":5,"y":2},{"x":7,"y":2},{"x":6,"y":3},{"x":5,"y":3},{"x":8,"y":2},{"x":8,"y":1},{"x":8,"y":3},{"x":9,"y":2},{"x":10,"y":2},{"x":10,"y":3},{"x":11,"y":2},{"x":11,"y":3},{"x":12,"y":3},{"x":12,"y":2},{"x":13,"y":2},{"x":14,"y":2},{"x":14,"y":3},{"x":13,"y":3},{"x":15,"y":2},{"x":15,"y":3},{"x":16,"y":2},{"x":16,"y":3},{"x":16,"y":1},{"x":17,"y":1},{"x":17,"y":2},{"x":18,"y":2},{"x":18,"y":3},{"x":19,"y":2},{"x":19,"y":3},{"x":17,"y":3}],"terrainTextureId":"polygon_terrain_2","polygon":[{"x":710,"y":1129},{"x":827,"y":1145},{"x":820,"y":1240},{"x":720,"y":1242}]},{"usedWorldBlocks":[{"x":1,"y":1},{"x":2,"y":1},{"x":2,"y":0},{"x":3,"y":0},{"x":3,"y":1},{"x":2,"y":2},{"x":0,"y":1},{"x":1,"y":2},{"x":3,"y":2},{"x":4,"y":1},{"x":5,"y":1},{"x":6,"y":1},{"x":7,"y":1},{"x":6,"y":2},{"x":5,"y":2},{"x":7,"y":2},{"x":6,"y":3},{"x":5,"y":3},{"x":8,"y":2},{"x":8,"y":1},{"x":8,"y":3},{"x":9,"y":2},{"x":10,"y":2},{"x":10,"y":3},{"x":11,"y":2},{"x":11,"y":3},{"x":12,"y":3},{"x":12,"y":2},{"x":13,"y":2},{"x":14,"y":2},{"x":14,"y":3},{"x":13,"y":3},{"x":15,"y":2},{"x":15,"y":3},{"x":16,"y":2},{"x":16,"y":3},{"x":16,"y":1},{"x":17,"y":1},{"x":17,"y":2},{"x":18,"y":2},{"x":18,"y":3},{"x":19,"y":2},{"x":19,"y":3},{"x":17,"y":3}],"terrainTextureId":"polygon_terrain_2","polygon":[{"x":951,"y":1252},{"x":1101,"y":1252},{"x":1101,"y":1402},{"x":951,"y":1402}]},{"usedWorldBlocks":[{"x":1,"y":1},{"x":2,"y":1},{"x":2,"y":0},{"x":3,"y":0},{"x":3,"y":1},{"x":2,"y":2},{"x":0,"y":1},{"x":1,"y":2},{"x":3,"y":2},{"x":4,"y":1},{"x":5,"y":1},{"x":6,"y":1},{"x":7,"y":1},{"x":6,"y":2},{"x":5,"y":2},{"x":7,"y":2},{"x":6,"y":3},{"x":5,"y":3},{"x":8,"y":2},{"x":8,"y":1},{"x":8,"y":3},{"x":9,"y":2},{"x":10,"y":2},{"x":10,"y":3},{"x":11,"y":2},{"x":11,"y":3},{"x":12,"y":3},{"x":12,"y":2},{"x":13,"y":2},{"x":14,"y":2},{"x":14,"y":3},{"x":13,"y":3},{"x":15,"y":2},{"x":15,"y":3},{"x":16,"y":2},{"x":16,"y":3},{"x":16,"y":1},{"x":17,"y":1},{"x":17,"y":2},{"x":18,"y":2},{"x":18,"y":3},{"x":19,"y":2},{"x":19,"y":3},{"x":17,"y":3}],"terrainTextureId":"polygon_terrain_2","polygon":[{"x":1202,"y":1205},{"x":1352,"y":1205},{"x":1352,"y":1355},{"x":1202,"y":1355}]},{"usedWorldBlocks":[{"x":1,"y":1},{"x":2,"y":1},{"x":2,"y":0},{"x":3,"y":0},{"x":3,"y":1},{"x":2,"y":2},{"x":0,"y":1},{"x":1,"y":2},{"x":3,"y":2},{"x":4,"y":1},{"x":5,"y":1},{"x":6,"y":1},{"x":7,"y":1},{"x":6,"y":2},{"x":5,"y":2},{"x":7,"y":2},{"x":6,"y":3},{"x":5,"y":3},{"x":8,"y":2},{"x":8,"y":1},{"x":8,"y":3},{"x":9,"y":2},{"x":10,"y":2},{"x":10,"y":3},{"x":11,"y":2},{"x":11,"y":3},{"x":12,"y":3},{"x":12,"y":2},{"x":13,"y":2},{"x":14,"y":2},{"x":14,"y":3},{"x":13,"y":3},{"x":15,"y":2},{"x":15,"y":3},{"x":16,"y":2},{"x":16,"y":3},{"x":16,"y":1},{"x":17,"y":1},{"x":17,"y":2},{"x":18,"y":2},{"x":18,"y":3},{"x":19,"y":2},{"x":19,"y":3},{"x":17,"y":3}],"terrainTextureId":"polygon_terrain_2","polygon":[{"x":1467,"y":1269},{"x":1617,"y":1269},{"x":1617,"y":1419},{"x":1467,"y":1419}]},{"usedWorldBlocks":[{"x":1,"y":1},{"x":2,"y":1},{"x":2,"y":0},{"x":3,"y":0},{"x":3,"y":1},{"x":2,"y":2},{"x":0,"y":1},{"x":1,"y":2},{"x":3,"y":2},{"x":4,"y":1},{"x":5,"y":1},{"x":6,"y":1},{"x":7,"y":1},{"x":6,"y":2},{"x":5,"y":2},{"x":7,"y":2},{"x":6,"y":3},{"x":5,"y":3},{"x":8,"y":2},{"x":8,"y":1},{"x":8,"y":3},{"x":9,"y":2},{"x":10,"y":2},{"x":10,"y":3},{"x":11,"y":2},{"x":11,"y":3},{"x":12,"y":3},{"x":12,"y":2},{"x":13,"y":2},{"x":14,"y":2},{"x":14,"y":3},{"x":13,"y":3},{"x":15,"y":2},{"x":15,"y":3},{"x":16,"y":2},{"x":16,"y":3},{"x":16,"y":1},{"x":17,"y":1},{"x":17,"y":2},{"x":18,"y":2},{"x":18,"y":3},{"x":19,"y":2},{"x":19,"y":3},{"x":17,"y":3}],"terrainTextureId":"polygon_terrain_2","polygon":[{"x":1705,"y":1160},{"x":1855,"y":1160},{"x":1855,"y":1310},{"x":1705,"y":1310}]},{"usedWorldBlocks":[{"x":1,"y":1},{"x":2,"y":1},{"x":2,"y":0},{"x":3,"y":0},{"x":3,"y":1},{"x":2,"y":2},{"x":0,"y":1},{"x":1,"y":2},{"x":3,"y":2},{"x":4,"y":1},{"x":5,"y":1},{"x":6,"y":1},{"x":7,"y":1},{"x":6,"y":2},{"x":5,"y":2},{"x":7,"y":2},{"x":6,"y":3},{"x":5,"y":3},{"x":8,"y":2},{"x":8,"y":1},{"x":8,"y":3},{"x":9,"y":2},{"x":10,"y":2},{"x":10,"y":3},{"x":11,"y":2},{"x":11,"y":3},{"x":12,"y":3},{"x":12,"y":2},{"x":13,"y":2},{"x":14,"y":2},{"x":14,"y":3},{"x":13,"y":3},{"x":15,"y":2},{"x":15,"y":3},{"x":16,"y":2},{"x":16,"y":3},{"x":16,"y":1},{"x":17,"y":1},{"x":17,"y":2},{"x":18,"y":2},{"x":18,"y":3},{"x":19,"y":2},{"x":19,"y":3},{"x":17,"y":3}],"terrainTextureId":"polygon_terrain_2","polygon":[{"x":2440,"y":754},{"x":2549,"y":770},{"x":2552,"y":859},{"x":2464,"y":873}]},{"usedWorldBlocks":[{"x":1,"y":1},{"x":2,"y":1},{"x":2,"y":0},{"x":3,"y":0},{"x":3,"y":1},{"x":2,"y":2},{"x":0,"y":1},{"x":1,"y":2},{"x":3,"y":2},{"x":4,"y":1},{"x":5,"y":1},{"x":6,"y":1},{"x":7,"y":1},{"x":6,"y":2},{"x":5,"y":2},{"x":7,"y":2},{"x":6,"y":3},{"x":5,"y":3},{"x":8,"y":2},{"x":8,"y":1},{"x":8,"y":3},{"x":9,"y":2},{"x":10,"y":2},{"x":10,"y":3},{"x":11,"y":2},{"x":11,"y":3},{"x":12,"y":3},{"x":12,"y":2},{"x":13,"y":2},{"x":14,"y":2},{"x":14,"y":3},{"x":13,"y":3},{"x":15,"y":2},{"x":15,"y":3},{"x":16,"y":2},{"x":16,"y":3},{"x":16,"y":1},{"x":17,"y":1},{"x":17,"y":2},{"x":18,"y":2},{"x":18,"y":3},{"x":19,"y":2},{"x":19,"y":3},{"x":17,"y":3}],"terrainTextureId":"polygon_terrain_2","polygon":[{"x":2809,"y":846},{"x":2959,"y":846},{"x":3109,"y":846},{"x":3258,"y":845},{"x":3408,"y":844},{"x":3669,"y":844},{"x":3639,"y":896},{"x":3471,"y":1010},{"x":3198,"y":1125},{"x":2959,"y":996},{"x":2834,"y":948}]},{"usedWorldBlocks":[{"x":1,"y":1},{"x":2,"y":1},{"x":2,"y":0},{"x":3,"y":0},{"x":3,"y":1},{"x":2,"y":2},{"x":0,"y":1},{"x":1,"y":2},{"x":3,"y":2},{"x":4,"y":1},{"x":5,"y":1},{"x":6,"y":1},{"x":7,"y":1},{"x":6,"y":2},{"x":5,"y":2},{"x":7,"y":2},{"x":6,"y":3},{"x":5,"y":3},{"x":8,"y":2},{"x":8,"y":1},{"x":8,"y":3},{"x":9,"y":2},{"x":10,"y":2},{"x":10,"y":3},{"x":11,"y":2},{"x":11,"y":3},{"x":12,"y":3},{"x":12,"y":2},{"x":13,"y":2},{"x":14,"y":2},{"x":14,"y":3},{"x":13,"y":3},{"x":15,"y":2},{"x":15,"y":3},{"x":16,"y":2},{"x":16,"y":3},{"x":16,"y":1},{"x":17,"y":1},{"x":17,"y":2},{"x":18,"y":2},{"x":18,"y":3},{"x":19,"y":2},{"x":19,"y":3},{"x":17,"y":3}],"terrainTextureId":"polygon_terrain_2","polygon":[{"x":2703,"y":1187},{"x":2797,"y":1184},{"x":2888,"y":1303},{"x":3064,"y":1376},{"x":3264,"y":1270},{"x":3425,"y":1227},{"x":3612,"y":1134},{"x":3692,"y":1201},{"x":3467,"y":1396},{"x":3379,"y":1558},{"x":3220,"y":1673},{"x":2989,"y":1608},{"x":2832,"y":1487},{"x":2697,"y":1283}]},{"usedWorldBlocks":[{"x":1,"y":1},{"x":2,"y":1},{"x":2,"y":0},{"x":3,"y":0},{"x":3,"y":1},{"x":2,"y":2},{"x":0,"y":1},{"x":1,"y":2},{"x":3,"y":2},{"x":4,"y":1},{"x":5,"y":1},{"x":6,"y":1},{"x":7,"y":1},{"x":6,"y":2},{"x":5,"y":2},{"x":7,"y":2},{"x":6,"y":3},{"x":5,"y":3},{"x":8,"y":2},{"x":8,"y":1},{"x":8,"y":3},{"x":9,"y":2},{"x":10,"y":2},{"x":10,"y":3},{"x":11,"y":2},{"x":11,"y":3},{"x":12,"y":3},{"x":12,"y":2},{"x":13,"y":2},{"x":14,"y":2},{"x":14,"y":3},{"x":13,"y":3},{"x":15,"y":2},{"x":15,"y":3},{"x":16,"y":2},{"x":16,"y":3},{"x":16,"y":1},{"x":17,"y":1},{"x":17,"y":2},{"x":18,"y":2},{"x":18,"y":3},{"x":19,"y":2},{"x":19,"y":3},{"x":17,"y":3}],"terrainTextureId":"polygon_terrain_2","polygon":[{"x":3890,"y":1301},{"x":4029,"y":1314},{"x":4145,"y":1245},{"x":4181,"y":1150},{"x":4119,"y":1050},{"x":4022,"y":1011},{"x":3890,"y":1041},{"x":3871,"y":839},{"x":3973,"y":795},{"x":3986,"y":656},{"x":4201,"y":662},{"x":4291,"y":906},{"x":4289,"y":1056},{"x":4287,"y":1260},{"x":4179,"y":1364},{"x":4042,"y":1495},{"x":3892,"y":1495}]},{"usedWorldBlocks":[{"x":1,"y":1},{"x":2,"y":1},{"x":2,"y":0},{"x":3,"y":0},{"x":3,"y":1},{"x":2,"y":2},{"x":0,"y":1},{"x":1,"y":2},{"x":3,"y":2},{"x":4,"y":1},{"x":5,"y":1},{"x":6,"y":1},{"x":7,"y":1},{"x":6,"y":2},{"x":5,"y":2},{"x":7,"y":2},{"x":6,"y":3},{"x":5,"y":3},{"x":8,"y":2},{"x":8,"y":1},{"x":8,"y":3},{"x":9,"y":2},{"x":10,"y":2},{"x":10,"y":3},{"x":11,"y":2},{"x":11,"y":3},{"x":12,"y":3},{"x":12,"y":2},{"x":13,"y":2},{"x":14,"y":2},{"x":14,"y":3},{"x":13,"y":3},{"x":15,"y":2},{"x":15,"y":3},{"x":16,"y":2},{"x":16,"y":3},{"x":16,"y":1},{"x":17,"y":1},{"x":17,"y":2},{"x":18,"y":2},{"x":18,"y":3},{"x":19,"y":2},{"x":19,"y":3},{"x":17,"y":3}],"terrainTextureId":"polygon_terrain_2","polygon":[{"x":4256,"y":1670},{"x":4397,"y":1625},{"x":4393,"y":1799},{"x":4263,"y":1769}]},{"usedWorldBlocks":[{"x":1,"y":1},{"x":2,"y":1},{"x":2,"y":0},{"x":3,"y":0},{"x":3,"y":1},{"x":2,"y":2},{"x":0,"y":1},{"x":1,"y":2},{"x":3,"y":2},{"x":4,"y":1},{"x":5,"y":1},{"x":6,"y":1},{"x":7,"y":1},{"x":6,"y":2},{"x":5,"y":2},{"x":7,"y":2},{"x":6,"y":3},{"x":5,"y":3},{"x":8,"y":2},{"x":8,"y":1},{"x":8,"y":3},{"x":9,"y":2},{"x":10,"y":2},{"x":10,"y":3},{"x":11,"y":2},{"x":11,"y":3},{"x":12,"y":3},{"x":12,"y":2},{"x":13,"y":2},{"x":14,"y":2},{"x":14,"y":3},{"x":13,"y":3},{"x":15,"y":2},{"x":15,"y":3},{"x":16,"y":2},{"x":16,"y":3},{"x":16,"y":1},{"x":17,"y":1},{"x":17,"y":2},{"x":18,"y":2},{"x":18,"y":3},{"x":19,"y":2},{"x":19,"y":3},{"x":17,"y":3}],"terrainTextureId":"polygon_terrain_2","polygon":[{"x":4750,"y":1318},{"x":4844,"y":1285},{"x":4907,"y":1388},{"x":4791,"y":1412}]}]],[[{"usedWorldBlocks":[{"x":1,"y":1},{"x":2,"y":1},{"x":2,"y":0},{"x":3,"y":0},{"x":3,"y":1},{"x":2,"y":2},{"x":0,"y":1},{"x":1,"y":2},{"x":3,"y":2},{"x":4,"y":1},{"x":5,"y":1},{"x":6,"y":1},{"x":7,"y":1},{"x":6,"y":2},{"x":5,"y":2},{"x":7,"y":2},{"x":6,"y":3},{"x":5,"y":3},{"x":8,"y":2},{"x":8,"y":1},{"x":8,"y":3},{"x":9,"y":2},{"x":10,"y":2},{"x":10,"y":3},{"x":11,"y":2},{"x":11,"y":3},{"x":12,"y":3},{"x":12,"y":2},{"x":13,"y":2},{"x":14,"y":2},{"x":14,"y":3},{"x":13,"y":3},{"x":15,"y":2},{"x":15,"y":3},{"x":16,"y":2},{"x":16,"y":3},{"x":16,"y":1},{"x":17,"y":1},{"x":17,"y":2},{"x":18,"y":2},{"x":18,"y":3},{"x":19,"y":2},{"x":19,"y":3},{"x":17,"y":3}],"terrainTextureId":"polygon_terrain_2","polygon":[{"x":183,"y":1330},{"x":224,"y":1332},{"x":197,"y":1514},{"x":80,"y":1511}]},{"usedWorldBlocks":[{"x":1,"y":1},{"x":2,"y":1},{"x":2,"y":0},{"x":3,"y":0},{"x":3,"y":1},{"x":2,"y":2},{"x":0,"y":1},{"x":1,"y":2},{"x":3,"y":2},{"x":4,"y":1},{"x":5,"y":1},{"x":6,"y":1},{"x":7,"y":1},{"x":6,"y":2},{"x":5,"y":2},{"x":7,"y":2},{"x":6,"y":3},{"x":5,"y":3},{"x":8,"y":2},{"x":8,"y":1},{"x":8,"y":3},{"x":9,"y":2},{"x":10,"y":2},{"x":10,"y":3},{"x":11,"y":2},{"x":11,"y":3},{"x":12,"y":3},{"x":12,"y":2},{"x":13,"y":2},{"x":14,"y":2},{"x":14,"y":3},{"x":13,"y":3},{"x":15,"y":2},{"x":15,"y":3},{"x":16,"y":2},{"x":16,"y":3},{"x":16,"y":1},{"x":17,"y":1},{"x":17,"y":2},{"x":18,"y":2},{"x":18,"y":3},{"x":19,"y":2},{"x":19,"y":3},{"x":17,"y":3}],"terrainTextureId":"polygon_terrain_2","polygon":[{"x":582,"y":1476},{"x":654,"y":1468},{"x":611,"y":1643},{"x":483,"y":1728},{"x":498,"y":1620},{"x":482,"y":1539}]},{"usedWorldBlocks":[{"x":1,"y":1},{"x":2,"y":1},{"x":2,"y":0},{"x":3,"y":0},{"x":3,"y":1},{"x":2,"y":2},{"x":0,"y":1},{"x":1,"y":2},{"x":3,"y":2},{"x":4,"y":1},{"x":5,"y":1},{"x":6,"y":1},{"x":7,"y":1},{"x":6,"y":2},{"x":5,"y":2},{"x":7,"y":2},{"x":6,"y":3},{"x":5,"y":3},{"x":8,"y":2},{"x":8,"y":1},{"x":8,"y":3},{"x":9,"y":2},{"x":10,"y":2},{"x":10,"y":3},{"x":11,"y":2},{"x":11,"y":3},{"x":12,"y":3},{"x":12,"y":2},{"x":13,"y":2},{"x":14,"y":2},{"x":14,"y":3},{"x":13,"y":3},{"x":15,"y":2},{"x":15,"y":3},{"x":16,"y":2},{"x":16,"y":3},{"x":16,"y":1},{"x":17,"y":1},{"x":17,"y":2},{"x":18,"y":2},{"x":18,"y":3},{"x":19,"y":2},{"x":19,"y":3},{"x":17,"y":3}],"terrainTextureId":"polygon_terrain_2","polygon":[{"x":1101,"y":1622},{"x":1235,"y":1550},{"x":1315,"y":1429},{"x":1442,"y":1331},{"x":1548,"y":1241},{"x":1662,"y":1244},{"x":1706,"y":1319},{"x":1563,"y":1454},{"x":1492,"y":1642},{"x":1347,"y":1879},{"x":1251,"y":1772},{"x":1144,"y":1723}]},{"usedWorldBlocks":[{"x":1,"y":1},{"x":2,"y":1},{"x":2,"y":0},{"x":3,"y":0},{"x":3,"y":1},{"x":2,"y":2},{"x":0,"y":1},{"x":1,"y":2},{"x":3,"y":2},{"x":4,"y":1},{"x":5,"y":1},{"x":6,"y":1},{"x":7,"y":1},{"x":6,"y":2},{"x":5,"y":2},{"x":7,"y":2},{"x":6,"y":3},{"x":5,"y":3},{"x":8,"y":2},{"x":8,"y":1},{"x":8,"y":3},{"x":9,"y":2},{"x":10,"y":2},{"x":10,"y":3},{"x":11,"y":2},{"x":11,"y":3},{"x":12,"y":3},{"x":12,"y":2},{"x":13,"y":2},{"x":14,"y":2},{"x":14,"y":3},{"x":13,"y":3},{"x":15,"y":2},{"x":15,"y":3},{"x":16,"y":2},{"x":16,"y":3},{"x":16,"y":1},{"x":17,"y":1},{"x":17,"y":2},{"x":18,"y":2},{"x":18,"y":3},{"x":19,"y":2},{"x":19,"y":3},{"x":17,"y":3}],"terrainTextureId":"polygon_terrain_2","polygon":[{"x":1829,"y":1382},{"x":1958,"y":1312},{"x":2055,"y":1185},{"x":2183,"y":1076},{"x":2323,"y":1077},{"x":2342,"y":1176},{"x":2214,"y":1255},{"x":2182,"y":1401},{"x":2133,"y":1624},{"x":1979,"y":1532},{"x":1864,"y":1492}]},{"usedWorldBlocks":[{"x":1,"y":1},{"x":2,"y":1},{"x":2,"y":0},{"x":3,"y":0},{"x":3,"y":1},{"x":2,"y":2},{"x":0,"y":1},{"x":1,"y":2},{"x":3,"y":2},{"x":4,"y":1},{"x":5,"y":1},{"x":6,"y":1},{"x":7,"y":1},{"x":6,"y":2},{"x":5,"y":2},{"x":7,"y":2},{"x":6,"y":3},{"x":5,"y":3},{"x":8,"y":2},{"x":8,"y":1},{"x":8,"y":3},{"x":9,"y":2},{"x":10,"y":2},{"x":10,"y":3},{"x":11,"y":2},{"x":11,"y":3},{"x":12,"y":3},{"x":12,"y":2},{"x":13,"y":2},{"x":14,"y":2},{"x":14,"y":3},{"x":13,"y":3},{"x":15,"y":2},{"x":15,"y":3},{"x":16,"y":2},{"x":16,"y":3},{"x":16,"y":1},{"x":17,"y":1},{"x":17,"y":2},{"x":18,"y":2},{"x":18,"y":3},{"x":19,"y":2},{"x":19,"y":3},{"x":17,"y":3}],"terrainTextureId":"polygon_terrain_2","polygon":[{"x":2383,"y":1314},{"x":2454,"y":1295},{"x":2547,"y":1419},{"x":2686,"y":1484},{"x":2832,"y":1517},{"x":2980,"y":1488},{"x":3119,"y":1434},{"x":3200,"y":1362},{"x":3276,"y":1419},{"x":3213,"y":1602},{"x":3032,"y":1610},{"x":2930,"y":1728},{"x":2741,"y":1863},{"x":2651,"y":1743},{"x":2557,"y":1617},{"x":2383,"y":1464}]},{"usedWorldBlocks":[{"x":1,"y":1},{"x":2,"y":1},{"x":2,"y":0},{"x":3,"y":0},{"x":3,"y":1},{"x":2,"y":2},{"x":0,"y":1},{"x":1,"y":2},{"x":3,"y":2},{"x":4,"y":1},{"x":5,"y":1},{"x":6,"y":1},{"x":7,"y":1},{"x":6,"y":2},{"x":5,"y":2},{"x":7,"y":2},{"x":6,"y":3},{"x":5,"y":3},{"x":8,"y":2},{"x":8,"y":1},{"x":8,"y":3},{"x":9,"y":2},{"x":10,"y":2},{"x":10,"y":3},{"x":11,"y":2},{"x":11,"y":3},{"x":12,"y":3},{"x":12,"y":2},{"x":13,"y":2},{"x":14,"y":2},{"x":14,"y":3},{"x":13,"y":3},{"x":15,"y":2},{"x":15,"y":3},{"x":16,"y":2},{"x":16,"y":3},{"x":16,"y":1},{"x":17,"y":1},{"x":17,"y":2},{"x":18,"y":2},{"x":18,"y":3},{"x":19,"y":2},{"x":19,"y":3},{"x":17,"y":3}],"terrainTextureId":"polygon_terrain_2","polygon":[{"x":3325,"y":902},{"x":3475,"y":902},{"x":3628,"y":962},{"x":3752,"y":1067},{"x":3540,"y":1057},{"x":3325,"y":1052}]},{"usedWorldBlocks":[{"x":1,"y":1},{"x":2,"y":1},{"x":2,"y":0},{"x":3,"y":0},{"x":3,"y":1},{"x":2,"y":2},{"x":0,"y":1},{"x":1,"y":2},{"x":3,"y":2},{"x":4,"y":1},{"x":5,"y":1},{"x":6,"y":1},{"x":7,"y":1},{"x":6,"y":2},{"x":5,"y":2},{"x":7,"y":2},{"x":6,"y":3},{"x":5,"y":3},{"x":8,"y":2},{"x":8,"y":1},{"x":8,"y":3},{"x":9,"y":2},{"x":10,"y":2},{"x":10,"y":3},{"x":11,"y":2},{"x":11,"y":3},{"x":12,"y":3},{"x":12,"y":2},{"x":13,"y":2},{"x":14,"y":2},{"x":14,"y":3},{"x":13,"y":3},{"x":15,"y":2},{"x":15,"y":3},{"x":16,"y":2},{"x":16,"y":3},{"x":16,"y":1},{"x":17,"y":1},{"x":17,"y":2},{"x":18,"y":2},{"x":18,"y":3},{"x":19,"y":2},{"x":19,"y":3},{"x":17,"y":3}],"terrainTextureId":"polygon_terrain_2","polygon":[{"x":3328,"y":1217},{"x":3478,"y":1217},{"x":3747,"y":1215},{"x":3616,"y":1311},{"x":3478,"y":1367},{"x":3328,"y":1367}]},{"usedWorldBlocks":[{"x":1,"y":1},{"x":2,"y":1},{"x":2,"y":0},{"x":3,"y":0},{"x":3,"y":1},{"x":2,"y":2},{"x":0,"y":1},{"x":1,"y":2},{"x":3,"y":2},{"x":4,"y":1},{"x":5,"y":1},{"x":6,"y":1},{"x":7,"y":1},{"x":6,"y":2},{"x":5,"y":2},{"x":7,"y":2},{"x":6,"y":3},{"x":5,"y":3},{"x":8,"y":2},{"x":8,"y":1},{"x":8,"y":3},{"x":9,"y":2},{"x":10,"y":2},{"x":10,"y":3},{"x":11,"y":2},{"x":11,"y":3},{"x":12,"y":3},{"x":12,"y":2},{"x":13,"y":2},{"x":14,"y":2},{"x":14,"y":3},{"x":13,"y":3},{"x":15,"y":2},{"x":15,"y":3},{"x":16,"y":2},{"x":16,"y":3},{"x":16,"y":1},{"x":17,"y":1},{"x":17,"y":2},{"x":18,"y":2},{"x":18,"y":3},{"x":19,"y":2},{"x":19,"y":3},{"x":17,"y":3}],"terrainTextureId":"polygon_terrain_2","polygon":[{"x":4023,"y":1310},{"x":4231,"y":1309},{"x":4190,"y":1448},{"x":4363,"y":1562},{"x":4563,"y":1445},{"x":4554,"y":1295},{"x":4438,"y":1057},{"x":4651,"y":1061},{"x":4809,"y":1292},{"x":4702,"y":1396},{"x":4622,"y":1561},{"x":4509,"y":1632},{"x":4359,"y":1641},{"x":4204,"y":1651},{"x":4073,"y":1454}]},{"usedWorldBlocks":[{"x":1,"y":1},{"x":2,"y":1},{"x":2,"y":0},{"x":3,"y":0},{"x":3,"y":1},{"x":2,"y":2},{"x":0,"y":1},{"x":1,"y":2},{"x":3,"y":2},{"x":4,"y":1},{"x":5,"y":1},{"x":6,"y":1},{"x":7,"y":1},{"x":6,"y":2},{"x":5,"y":2},{"x":7,"y":2},{"x":6,"y":3},{"x":5,"y":3},{"x":8,"y":2},{"x":8,"y":1},{"x":8,"y":3},{"x":9,"y":2},{"x":10,"y":2},{"x":10,"y":3},{"x":11,"y":2},{"x":11,"y":3},{"x":12,"y":3},{"x":12,"y":2},{"x":13,"y":2},{"x":14,"y":2},{"x":14,"y":3},{"x":13,"y":3},{"x":15,"y":2},{"x":15,"y":3},{"x":16,"y":2},{"x":16,"y":3},{"x":16,"y":1},{"x":17,"y":1},{"x":17,"y":2},{"x":18,"y":2},{"x":18,"y":3},{"x":19,"y":2},{"x":19,"y":3},{"x":17,"y":3}],"terrainTextureId":"polygon_terrain_2","polygon":[{"x":3642,"y":1580},{"x":3719,"y":1503},{"x":3843,"y":1586},{"x":3968,"y":1670},{"x":4105,"y":1782},{"x":4241,"y":1801},{"x":4395,"y":1793},{"x":4545,"y":1797},{"x":4687,"y":1749},{"x":4825,"y":1689},{"x":4960,"y":1690},{"x":4954,"y":1912},{"x":4803,"y":1882},{"x":4675,"y":1850},{"x":4532,"y":1895},{"x":4386,"y":1941},{"x":4235,"y":1895},{"x":4023,"y":1862},{"x":3898,"y":1929},{"x":3770,"y":1789},{"x":3685,"y":1671}]}]],[[]],[[]]],"worldId":0,"polygonBackgroundData":[[[]],[[]],[[]],[[]]],"libraryElements":null,"staticElementData":[],"enemyPathData":null,"levelId":0}