{"startPoint":{"x":716,"y":292},"finishPoint":{"x":4375,"y":1526},"collectableItems":[{"x":1417,"y":341},{"x":1851,"y":246},{"x":1423,"y":845},{"x":1027,"y":866},{"x":2679,"y":940},{"x":3698,"y":430},{"x":4631,"y":260},{"x":3881,"y":876},{"x":2734,"y":1447},{"x":4078,"y":1554}],"cameraBounds":{"x":0,"y":0,"width":20000,"height":2000,"left":0,"bottom":2000,"right":20000,"top":0,"topLeft":{"x":0,"y":0,"length":0},"size":{"x":20000,"y":2000,"length":20099.751242241782},"bottomRight":{"x":20000,"y":2000,"length":20099.751242241782}},"dynamicElementData":null,"bridgePoints":[{"bridgeAY":815,"bridgeBX":1299,"bridgeAX":740,"bridgeBY":1030},{"bridgeAY":1052,"bridgeBX":3127,"bridgeAX":2794,"bridgeBY":796},{"bridgeAY":766,"bridgeBX":3617,"bridgeAX":3325,"bridgeBY":555},{"bridgeAY":1340,"bridgeBX":3992,"bridgeAX":3430,"bridgeBY":889},{"bridgeAY":1698,"bridgeBX":3713,"bridgeAX":3178,"bridgeBY":1630}],"starValues":[16650,17650,18650],"polygonGroundData":[[[{"usedWorldBlocks":[{"x":1,"y":1},{"x":2,"y":1},{"x":2,"y":0},{"x":3,"y":0},{"x":3,"y":1},{"x":4,"y":0},{"x":4,"y":1},{"x":3,"y":2},{"x":2,"y":2},{"x":4,"y":2},{"x":5,"y":1},{"x":5,"y":2},{"x":6,"y":1},{"x":6,"y":2},{"x":7,"y":0},{"x":7,"y":1},{"x":8,"y":1},{"x":8,"y":0},{"x":9,"y":0},{"x":9,"y":1},{"x":7,"y":2},{"x":6,"y":3},{"x":5,"y":3},{"x":7,"y":3},{"x":8,"y":3},{"x":9,"y":3}],"terrainTextureId":"polygon_terrain_2","polygon":[{"x":606,"y":541},{"x":903,"y":545},{"x":900,"y":638},{"x":714,"y":823},{"x":616,"y":709},{"x":526,"y":632}]},{"usedWorldBlocks":[{"x":1,"y":1},{"x":2,"y":1},{"x":2,"y":0},{"x":3,"y":0},{"x":3,"y":1},{"x":4,"y":0},{"x":4,"y":1},{"x":3,"y":2},{"x":2,"y":2},{"x":4,"y":2},{"x":5,"y":1},{"x":5,"y":2},{"x":6,"y":1},{"x":6,"y":2},{"x":7,"y":0},{"x":7,"y":1},{"x":8,"y":1},{"x":8,"y":0},{"x":9,"y":0},{"x":9,"y":1},{"x":7,"y":2},{"x":6,"y":3},{"x":5,"y":3},{"x":7,"y":3},{"x":8,"y":3},{"x":9,"y":3}],"terrainTextureId":"polygon_terrain_2","polygon":[{"x":1056,"y":579},{"x":1164,"y":546},{"x":1218,"y":477},{"x":1344,"y":480},{"x":1370,"y":416},{"x":1506,"y":407},{"x":1492,"y":547},{"x":1376,"y":659},{"x":1308,"y":810},{"x":1064,"y":675}]},{"usedWorldBlocks":[{"x":1,"y":1},{"x":2,"y":1},{"x":2,"y":0},{"x":3,"y":0},{"x":3,"y":1},{"x":4,"y":0},{"x":4,"y":1},{"x":3,"y":2},{"x":2,"y":2},{"x":4,"y":2},{"x":5,"y":1},{"x":5,"y":2},{"x":6,"y":1},{"x":6,"y":2},{"x":7,"y":0},{"x":7,"y":1},{"x":8,"y":1},{"x":8,"y":0},{"x":9,"y":0},{"x":9,"y":1},{"x":7,"y":2},{"x":6,"y":3},{"x":5,"y":3},{"x":7,"y":3},{"x":8,"y":3},{"x":9,"y":3}],"terrainTextureId":"polygon_terrain_2","polygon":[{"x":1691,"y":555},{"x":1812,"y":437},{"x":1850,"y":322},{"x":1926,"y":290},{"x":2047,"y":201},{"x":2107,"y":63},{"x":2254,"y":88},{"x":2124,"y":326},{"x":2040,"y":569},{"x":2029,"y":693},{"x":1864,"y":798},{"x":1686,"y":695}]},{"usedWorldBlocks":[{"x":1,"y":1},{"x":2,"y":1},{"x":2,"y":0},{"x":3,"y":0},{"x":3,"y":1},{"x":4,"y":0},{"x":4,"y":1},{"x":3,"y":2},{"x":2,"y":2},{"x":4,"y":2},{"x":5,"y":1},{"x":5,"y":2},{"x":6,"y":1},{"x":6,"y":2},{"x":7,"y":0},{"x":7,"y":1},{"x":8,"y":1},{"x":8,"y":0},{"x":9,"y":0},{"x":9,"y":1},{"x":7,"y":2},{"x":6,"y":3},{"x":5,"y":3},{"x":7,"y":3},{"x":8,"y":3},{"x":9,"y":3}],"terrainTextureId":"polygon_terrain_2","polygon":[{"x":1377,"y":909},{"x":1463,"y":930},{"x":1574,"y":1045},{"x":1746,"y":1026},{"x":1903,"y":982},{"x":1881,"y":1175},{"x":1662,"y":1276},{"x":1395,"y":1167},{"x":1313,"y":1046}]},{"usedWorldBlocks":[{"x":1,"y":1},{"x":2,"y":1},{"x":2,"y":0},{"x":3,"y":0},{"x":3,"y":1},{"x":4,"y":0},{"x":4,"y":1},{"x":3,"y":2},{"x":2,"y":2},{"x":4,"y":2},{"x":5,"y":1},{"x":5,"y":2},{"x":6,"y":1},{"x":6,"y":2},{"x":7,"y":0},{"x":7,"y":1},{"x":8,"y":1},{"x":8,"y":0},{"x":9,"y":0},{"x":9,"y":1},{"x":7,"y":2},{"x":6,"y":3},{"x":5,"y":3},{"x":7,"y":3},{"x":8,"y":3},{"x":9,"y":3}],"terrainTextureId":"polygon_terrain_2","polygon":[{"x":2043,"y":1020},{"x":2194,"y":998},{"x":2135,"y":1100},{"x":2043,"y":1170}]},{"usedWorldBlocks":[{"x":1,"y":1},{"x":2,"y":1},{"x":2,"y":0},{"x":3,"y":0},{"x":3,"y":1},{"x":4,"y":0},{"x":4,"y":1},{"x":3,"y":2},{"x":2,"y":2},{"x":4,"y":2},{"x":5,"y":1},{"x":5,"y":2},{"x":6,"y":1},{"x":6,"y":2},{"x":7,"y":0},{"x":7,"y":1},{"x":8,"y":1},{"x":8,"y":0},{"x":9,"y":0},{"x":9,"y":1},{"x":7,"y":2},{"x":6,"y":3},{"x":5,"y":3},{"x":7,"y":3},{"x":8,"y":3},{"x":9,"y":3}],"terrainTextureId":"polygon_terrain_2","polygon":[{"x":2315,"y":1026},{"x":2429,"y":961},{"x":2496,"y":1155},{"x":2362,"y":1222},{"x":2296,"y":1144}]},{"usedWorldBlocks":[{"x":1,"y":1},{"x":2,"y":1},{"x":2,"y":0},{"x":3,"y":0},{"x":3,"y":1},{"x":4,"y":0},{"x":4,"y":1},{"x":3,"y":2},{"x":2,"y":2},{"x":4,"y":2},{"x":5,"y":1},{"x":5,"y":2},{"x":6,"y":1},{"x":6,"y":2},{"x":7,"y":0},{"x":7,"y":1},{"x":8,"y":1},{"x":8,"y":0},{"x":9,"y":0},{"x":9,"y":1},{"x":7,"y":2},{"x":6,"y":3},{"x":5,"y":3},{"x":7,"y":3},{"x":8,"y":3},{"x":9,"y":3}],"terrainTextureId":"polygon_terrain_2","polygon":[{"x":2617,"y":993},{"x":2771,"y":1039},{"x":2835,"y":1187},{"x":2766,"y":1309},{"x":2666,"y":1241},{"x":2617,"y":1102}]},{"usedWorldBlocks":[{"x":1,"y":1},{"x":2,"y":1},{"x":2,"y":0},{"x":3,"y":0},{"x":3,"y":1},{"x":4,"y":0},{"x":4,"y":1},{"x":3,"y":2},{"x":2,"y":2},{"x":4,"y":2},{"x":5,"y":1},{"x":5,"y":2},{"x":6,"y":1},{"x":6,"y":2},{"x":7,"y":0},{"x":7,"y":1},{"x":8,"y":1},{"x":8,"y":0},{"x":9,"y":0},{"x":9,"y":1},{"x":7,"y":2},{"x":6,"y":3},{"x":5,"y":3},{"x":7,"y":3},{"x":8,"y":3},{"x":9,"y":3}],"terrainTextureId":"polygon_terrain_2","polygon":[{"x":3139,"y":743},{"x":3289,"y":743},{"x":3363,"y":890},{"x":3309,"y":1107},{"x":3151,"y":858}]},{"usedWorldBlocks":[{"x":1,"y":1},{"x":2,"y":1},{"x":2,"y":0},{"x":3,"y":0},{"x":3,"y":1},{"x":4,"y":0},{"x":4,"y":1},{"x":3,"y":2},{"x":2,"y":2},{"x":4,"y":2},{"x":5,"y":1},{"x":5,"y":2},{"x":6,"y":1},{"x":6,"y":2},{"x":7,"y":0},{"x":7,"y":1},{"x":8,"y":1},{"x":8,"y":0},{"x":9,"y":0},{"x":9,"y":1},{"x":7,"y":2},{"x":6,"y":3},{"x":5,"y":3},{"x":7,"y":3},{"x":8,"y":3},{"x":9,"y":3}],"terrainTextureId":"polygon_terrain_2","polygon":[{"x":3641,"y":496},{"x":3791,"y":496},{"x":3755,"y":626},{"x":3673,"y":620}]},{"usedWorldBlocks":[{"x":1,"y":1},{"x":2,"y":1},{"x":2,"y":0},{"x":3,"y":0},{"x":3,"y":1},{"x":4,"y":0},{"x":4,"y":1},{"x":3,"y":2},{"x":2,"y":2},{"x":4,"y":2},{"x":5,"y":1},{"x":5,"y":2},{"x":6,"y":1},{"x":6,"y":2},{"x":7,"y":0},{"x":7,"y":1},{"x":8,"y":1},{"x":8,"y":0},{"x":9,"y":0},{"x":9,"y":1},{"x":7,"y":2},{"x":6,"y":3},{"x":5,"y":3},{"x":7,"y":3},{"x":8,"y":3},{"x":9,"y":3}],"terrainTextureId":"polygon_terrain_2","polygon":[{"x":3996,"y":617},{"x":4199,"y":610},{"x":4231,"y":526},{"x":4381,"y":518},{"x":4407,"y":426},{"x":4549,"y":426},{"x":4571,"y":332},{"x":4733,"y":341},{"x":4752,"y":490},{"x":4682,"y":711},{"x":4533,"y":841},{"x":4363,"y":977},{"x":4163,"y":869},{"x":4019,"y":901},{"x":3963,"y":745}]},{"usedWorldBlocks":[{"x":1,"y":1},{"x":2,"y":1},{"x":2,"y":0},{"x":3,"y":0},{"x":3,"y":1},{"x":4,"y":0},{"x":4,"y":1},{"x":3,"y":2},{"x":2,"y":2},{"x":4,"y":2},{"x":5,"y":1},{"x":5,"y":2},{"x":6,"y":1},{"x":6,"y":2},{"x":7,"y":0},{"x":7,"y":1},{"x":8,"y":1},{"x":8,"y":0},{"x":9,"y":0},{"x":9,"y":1},{"x":7,"y":2},{"x":6,"y":3},{"x":5,"y":3},{"x":7,"y":3},{"x":8,"y":3},{"x":9,"y":3}],"terrainTextureId":"polygon_terrain_2","polygon":[{"x":3316,"y":1392},{"x":3400,"y":1349},{"x":3506,"y":1378},{"x":3522,"y":1447},{"x":3458,"y":1518},{"x":3377,"y":1483}]},{"usedWorldBlocks":[{"x":1,"y":1},{"x":2,"y":1},{"x":2,"y":0},{"x":3,"y":0},{"x":3,"y":1},{"x":4,"y":0},{"x":4,"y":1},{"x":3,"y":2},{"x":2,"y":2},{"x":4,"y":2},{"x":5,"y":1},{"x":5,"y":2},{"x":6,"y":1},{"x":6,"y":2},{"x":7,"y":0},{"x":7,"y":1},{"x":8,"y":1},{"x":8,"y":0},{"x":9,"y":0},{"x":9,"y":1},{"x":7,"y":2},{"x":6,"y":3},{"x":5,"y":3},{"x":7,"y":3},{"x":8,"y":3},{"x":9,"y":3}],"terrainTextureId":"polygon_terrain_2","polygon":[{"x":2836,"y":1461},{"x":2943,"y":1545},{"x":3089,"y":1607},{"x":3169,"y":1708},{"x":3138,"y":1795},{"x":2973,"y":1855},{"x":2886,"y":1627},{"x":2757,"y":1545}]},{"usedWorldBlocks":[{"x":1,"y":1},{"x":2,"y":1},{"x":2,"y":0},{"x":3,"y":0},{"x":3,"y":1},{"x":4,"y":0},{"x":4,"y":1},{"x":3,"y":2},{"x":2,"y":2},{"x":4,"y":2},{"x":5,"y":1},{"x":5,"y":2},{"x":6,"y":1},{"x":6,"y":2},{"x":7,"y":0},{"x":7,"y":1},{"x":8,"y":1},{"x":8,"y":0},{"x":9,"y":0},{"x":9,"y":1},{"x":7,"y":2},{"x":6,"y":3},{"x":5,"y":3},{"x":7,"y":3},{"x":8,"y":3},{"x":9,"y":3}],"terrainTextureId":"polygon_terrain_2","polygon":[{"x":3712,"y":1645},{"x":3804,"y":1558},{"x":3875,"y":1727},{"x":3735,"y":1757}]},{"usedWorldBlocks":[{"x":1,"y":1},{"x":2,"y":1},{"x":2,"y":0},{"x":3,"y":0},{"x":3,"y":1},{"x":4,"y":0},{"x":4,"y":1},{"x":3,"y":2},{"x":2,"y":2},{"x":4,"y":2},{"x":5,"y":1},{"x":5,"y":2},{"x":6,"y":1},{"x":6,"y":2},{"x":7,"y":0},{"x":7,"y":1},{"x":8,"y":1},{"x":8,"y":0},{"x":9,"y":0},{"x":9,"y":1},{"x":7,"y":2},{"x":6,"y":3},{"x":5,"y":3},{"x":7,"y":3},{"x":8,"y":3},{"x":9,"y":3}],"terrainTextureId":"polygon_terrain_2","polygon":[{"x":4144,"y":1636},{"x":4293,"y":1619},{"x":4442,"y":1602},{"x":4591,"y":1585},{"x":4784,"y":1564},{"x":4804,"y":1625},{"x":4617,"y":1695},{"x":4510,"y":1849},{"x":4335,"y":1879},{"x":4156,"y":1715}]}]],[[]],[[]],[[]]],"worldId":0,"polygonBackgroundData":[[[]],[[]],[[]],[[]]],"libraryElements":null,"staticElementData":[],"enemyPathData":null,"levelId":0}