{"startPoint":{"x":1225,"y":908},"finishPoint":{"x":19390,"y":1386},"collectableItems":[{"x":2014,"y":767},{"x":2043,"y":828},{"x":2073,"y":886},{"x":2116,"y":940},{"x":2171,"y":983},{"x":2711,"y":992},{"x":2772,"y":992},{"x":2773,"y":943},{"x":2711,"y":943},{"x":4157,"y":1215},{"x":4222,"y":1237},{"x":4296,"y":1259},{"x":4365,"y":1226},{"x":4430,"y":1194},{"x":9004,"y":953},{"x":9062,"y":984},{"x":9127,"y":1010},{"x":9195,"y":1034},{"x":9271,"y":1036},{"x":10056,"y":987},{"x":10129,"y":989},{"x":10126,"y":923},{"x":10091,"y":956},{"x":10056,"y":924},{"x":14602,"y":828},{"x":14664,"y":811},{"x":14721,"y":784},{"x":14776,"y":745},{"x":14541,"y":839},{"x":15636,"y":805},{"x":15694,"y":827},{"x":15754,"y":853},{"x":15824,"y":870},{"x":16860,"y":699},{"x":16928,"y":685},{"x":17010,"y":685},{"x":17082,"y":705},{"x":18816,"y":1368},{"x":18885,"y":1367},{"x":18949,"y":1366},{"x":18854,"y":1324},{"x":18915,"y":1322},{"x":18884,"y":1279}],"cameraBounds":{"x":0,"y":0,"width":20000,"height":2000,"left":0,"bottom":2000,"right":20000,"top":0,"topLeft":{"x":0,"y":0,"length":0},"size":{"x":20000,"y":2000,"length":20099.751242241782},"bottomRight":{"x":20000,"y":2000,"length":20099.751242241782}},"dynamicElementData":null,"bridgePoints":[{"bridgeAY":1256,"bridgeBX":5211,"bridgeAX":4677,"bridgeBY":1179},{"bridgeAY":1389,"bridgeBX":8023,"bridgeAX":7430,"bridgeBY":1304},{"bridgeAY":1609,"bridgeBX":9257,"bridgeAX":8357,"bridgeBY":1573},{"bridgeAY":1055,"bridgeBX":12338,"bridgeAX":11760,"bridgeBY":735},{"bridgeAY":1350,"bridgeBX":17378,"bridgeAX":17019,"bridgeBY":1371}],"starValues":[21800,22800,23800],"polygonGroundData":[[[{"usedWorldBlocks":[{"x":0,"y":0},{"x":0,"y":1},{"x":1,"y":1},{"x":2,"y":1},{"x":3,"y":1},{"x":4,"y":1},{"x":4,"y":2},{"x":5,"y":2},{"x":3,"y":2},{"x":2,"y":2},{"x":1,"y":2},{"x":0,"y":2},{"x":6,"y":2},{"x":6,"y":1},{"x":7,"y":1},{"x":7,"y":2},{"x":8,"y":2},{"x":9,"y":2},{"x":8,"y":3},{"x":7,"y":3},{"x":7,"y":4},{"x":6,"y":4},{"x":6,"y":3},{"x":10,"y":2},{"x":11,"y":2},{"x":11,"y":3},{"x":11,"y":4},{"x":10,"y":4},{"x":10,"y":3},{"x":12,"y":2},{"x":12,"y":3},{"x":12,"y":4},{"x":13,"y":2},{"x":14,"y":2},{"x":14,"y":3},{"x":15,"y":3},{"x":14,"y":4},{"x":13,"y":3},{"x":13,"y":4},{"x":16,"y":2},{"x":16,"y":3},{"x":16,"y":4},{"x":15,"y":4},{"x":15,"y":2},{"x":18,"y":3},{"x":19,"y":2},{"x":19,"y":3},{"x":19,"y":4},{"x":18,"y":4},{"x":17,"y":2},{"x":17,"y":1},{"x":18,"y":2},{"x":20,"y":3},{"x":21,"y":3},{"x":21,"y":2},{"x":22,"y":2},{"x":23,"y":2},{"x":24,"y":3},{"x":23,"y":3},{"x":22,"y":3},{"x":22,"y":4},{"x":21,"y":4},{"x":20,"y":4},{"x":24,"y":1},{"x":25,"y":1},{"x":25,"y":2},{"x":25,"y":3},{"x":25,"y":4},{"x":24,"y":4},{"x":24,"y":2},{"x":26,"y":1},{"x":27,"y":1},{"x":28,"y":1},{"x":29,"y":1},{"x":29,"y":2},{"x":29,"y":3},{"x":29,"y":4},{"x":28,"y":2},{"x":27,"y":2},{"x":27,"y":3},{"x":27,"y":4},{"x":26,"y":3},{"x":26,"y":4},{"x":26,"y":2},{"x":20,"y":2},{"x":30,"y":1},{"x":31,"y":1},{"x":32,"y":1},{"x":33,"y":1},{"x":33,"y":2},{"x":34,"y":2},{"x":33,"y":3},{"x":32,"y":2},{"x":31,"y":2},{"x":35,"y":2},{"x":35,"y":3},{"x":34,"y":3},{"x":36,"y":3},{"x":37,"y":3},{"x":37,"y":2},{"x":38,"y":3},{"x":38,"y":2},{"x":39,"y":2},{"x":40,"y":2},{"x":40,"y":3},{"x":40,"y":4},{"x":39,"y":3},{"x":39,"y":4},{"x":37,"y":4},{"x":36,"y":4},{"x":34,"y":1},{"x":35,"y":1},{"x":31,"y":0},{"x":32,"y":0},{"x":30,"y":2},{"x":31,"y":3},{"x":32,"y":3},{"x":35,"y":4},{"x":34,"y":4},{"x":33,"y":4},{"x":32,"y":4},{"x":31,"y":4},{"x":30,"y":4},{"x":30,"y":3}],"terrainTextureId":"polygon_terrain_0","polygon":[{"x":46,"y":454},{"x":139,"y":364},{"x":286,"y":384},{"x":444,"y":404},{"x":443,"y":485},{"x":250,"y":519},{"x":135,"y":614},{"x":100,"y":851},{"x":141,"y":932},{"x":239,"y":979},{"x":389,"y":978},{"x":543,"y":977},{"x":693,"y":978},{"x":843,"y":979},{"x":993,"y":980},{"x":1182,"y":982},{"x":1477,"y":981},{"x":1697,"y":950},{"x":1780,"y":895},{"x":1851,"y":764},{"x":1956,"y":757},{"x":2020,"y":895},{"x":2100,"y":1010},{"x":2247,"y":1102},{"x":2412,"y":1140},{"x":2601,"y":1089},{"x":2603,"y":1172},{"x":2467,"y":1235},{"x":2225,"y":1347},{"x":2111,"y":1250},{"x":1935,"y":1099},{"x":1836,"y":1184},{"x":1730,"y":1089},{"x":1483,"y":1094},{"x":1319,"y":1187},{"x":1272,"y":1466},{"x":1060,"y":1339},{"x":934,"y":1079},{"x":739,"y":1081},{"x":634,"y":1084},{"x":606,"y":1303},{"x":456,"y":1427},{"x":291,"y":1412},{"x":159,"y":1497},{"x":80,"y":1412},{"x":42,"y":1214},{"x":59,"y":1075},{"x":29,"y":784},{"x":39,"y":603}]},{"usedWorldBlocks":[{"x":0,"y":0},{"x":0,"y":1},{"x":1,"y":1},{"x":2,"y":1},{"x":3,"y":1},{"x":4,"y":1},{"x":4,"y":2},{"x":5,"y":2},{"x":3,"y":2},{"x":2,"y":2},{"x":1,"y":2},{"x":0,"y":2},{"x":6,"y":2},{"x":6,"y":1},{"x":7,"y":1},{"x":7,"y":2},{"x":8,"y":2},{"x":9,"y":2},{"x":8,"y":3},{"x":7,"y":3},{"x":7,"y":4},{"x":6,"y":4},{"x":6,"y":3},{"x":10,"y":2},{"x":11,"y":2},{"x":11,"y":3},{"x":11,"y":4},{"x":10,"y":4},{"x":10,"y":3},{"x":12,"y":2},{"x":12,"y":3},{"x":12,"y":4},{"x":13,"y":2},{"x":14,"y":2},{"x":14,"y":3},{"x":15,"y":3},{"x":14,"y":4},{"x":13,"y":3},{"x":13,"y":4},{"x":16,"y":2},{"x":16,"y":3},{"x":16,"y":4},{"x":15,"y":4},{"x":15,"y":2},{"x":18,"y":3},{"x":19,"y":2},{"x":19,"y":3},{"x":19,"y":4},{"x":18,"y":4},{"x":17,"y":2},{"x":17,"y":1},{"x":18,"y":2},{"x":20,"y":3},{"x":21,"y":3},{"x":21,"y":2},{"x":22,"y":2},{"x":23,"y":2},{"x":24,"y":3},{"x":23,"y":3},{"x":22,"y":3},{"x":22,"y":4},{"x":21,"y":4},{"x":20,"y":4},{"x":24,"y":1},{"x":25,"y":1},{"x":25,"y":2},{"x":25,"y":3},{"x":25,"y":4},{"x":24,"y":4},{"x":24,"y":2},{"x":26,"y":1},{"x":27,"y":1},{"x":28,"y":1},{"x":29,"y":1},{"x":29,"y":2},{"x":29,"y":3},{"x":29,"y":4},{"x":28,"y":2},{"x":27,"y":2},{"x":27,"y":3},{"x":27,"y":4},{"x":26,"y":3},{"x":26,"y":4},{"x":26,"y":2},{"x":20,"y":2},{"x":30,"y":1},{"x":31,"y":1},{"x":32,"y":1},{"x":33,"y":1},{"x":33,"y":2},{"x":34,"y":2},{"x":33,"y":3},{"x":32,"y":2},{"x":31,"y":2},{"x":35,"y":2},{"x":35,"y":3},{"x":34,"y":3},{"x":36,"y":3},{"x":37,"y":3},{"x":37,"y":2},{"x":38,"y":3},{"x":38,"y":2},{"x":39,"y":2},{"x":40,"y":2},{"x":40,"y":3},{"x":40,"y":4},{"x":39,"y":3},{"x":39,"y":4},{"x":37,"y":4},{"x":36,"y":4},{"x":34,"y":1},{"x":35,"y":1},{"x":31,"y":0},{"x":32,"y":0},{"x":30,"y":2},{"x":31,"y":3},{"x":32,"y":3},{"x":35,"y":4},{"x":34,"y":4},{"x":33,"y":4},{"x":32,"y":4},{"x":31,"y":4},{"x":30,"y":4},{"x":30,"y":3}],"terrainTextureId":"polygon_terrain_0","polygon":[{"x":2933,"y":1251},{"x":2955,"y":1176},{"x":3145,"y":1174},{"x":3277,"y":1125},{"x":3381,"y":984},{"x":3520,"y":977},{"x":3643,"y":932},{"x":3706,"y":997},{"x":3612,"y":1086},{"x":3533,"y":1303},{"x":3546,"y":1427},{"x":3713,"y":1445},{"x":3831,"y":1352},{"x":3981,"y":1347},{"x":4123,"y":1270},{"x":4322,"y":1329},{"x":4559,"y":1208},{"x":4670,"y":1262},{"x":4590,"y":1388},{"x":4495,"y":1539},{"x":4424,"y":1710},{"x":4263,"y":1755},{"x":4121,"y":1736},{"x":3941,"y":1574},{"x":3829,"y":1533},{"x":3635,"y":1607},{"x":3635,"y":1772},{"x":3719,"y":1894},{"x":3774,"y":2081},{"x":3660,"y":2079},{"x":3535,"y":2064},{"x":3271,"y":2082},{"x":3281,"y":1932},{"x":3337,"y":1771},{"x":3311,"y":1490},{"x":3217,"y":1369},{"x":3105,"y":1311}]}]],[[{"usedWorldBlocks":[{"x":0,"y":0},{"x":0,"y":1},{"x":1,"y":1},{"x":2,"y":1},{"x":3,"y":1},{"x":4,"y":1},{"x":4,"y":2},{"x":5,"y":2},{"x":3,"y":2},{"x":2,"y":2},{"x":1,"y":2},{"x":0,"y":2},{"x":6,"y":2},{"x":6,"y":1},{"x":7,"y":1},{"x":7,"y":2},{"x":8,"y":2},{"x":9,"y":2},{"x":8,"y":3},{"x":7,"y":3},{"x":7,"y":4},{"x":6,"y":4},{"x":6,"y":3},{"x":10,"y":2},{"x":11,"y":2},{"x":11,"y":3},{"x":11,"y":4},{"x":10,"y":4},{"x":10,"y":3},{"x":12,"y":2},{"x":12,"y":3},{"x":12,"y":4},{"x":13,"y":2},{"x":14,"y":2},{"x":14,"y":3},{"x":15,"y":3},{"x":14,"y":4},{"x":13,"y":3},{"x":13,"y":4},{"x":16,"y":2},{"x":16,"y":3},{"x":16,"y":4},{"x":15,"y":4},{"x":15,"y":2},{"x":18,"y":3},{"x":19,"y":2},{"x":19,"y":3},{"x":19,"y":4},{"x":18,"y":4},{"x":17,"y":2},{"x":17,"y":1},{"x":18,"y":2},{"x":20,"y":3},{"x":21,"y":3},{"x":21,"y":2},{"x":22,"y":2},{"x":23,"y":2},{"x":24,"y":3},{"x":23,"y":3},{"x":22,"y":3},{"x":22,"y":4},{"x":21,"y":4},{"x":20,"y":4},{"x":24,"y":1},{"x":25,"y":1},{"x":25,"y":2},{"x":25,"y":3},{"x":25,"y":4},{"x":24,"y":4},{"x":24,"y":2},{"x":26,"y":1},{"x":27,"y":1},{"x":28,"y":1},{"x":29,"y":1},{"x":29,"y":2},{"x":29,"y":3},{"x":29,"y":4},{"x":28,"y":2},{"x":27,"y":2},{"x":27,"y":3},{"x":27,"y":4},{"x":26,"y":3},{"x":26,"y":4},{"x":26,"y":2},{"x":20,"y":2},{"x":30,"y":1},{"x":31,"y":1},{"x":32,"y":1},{"x":33,"y":1},{"x":33,"y":2},{"x":34,"y":2},{"x":33,"y":3},{"x":32,"y":2},{"x":31,"y":2},{"x":35,"y":2},{"x":35,"y":3},{"x":34,"y":3},{"x":36,"y":3},{"x":37,"y":3},{"x":37,"y":2},{"x":38,"y":3},{"x":38,"y":2},{"x":39,"y":2},{"x":40,"y":2},{"x":40,"y":3},{"x":40,"y":4},{"x":39,"y":3},{"x":39,"y":4},{"x":37,"y":4},{"x":36,"y":4},{"x":34,"y":1},{"x":35,"y":1},{"x":31,"y":0},{"x":32,"y":0},{"x":30,"y":2},{"x":31,"y":3},{"x":32,"y":3},{"x":35,"y":4},{"x":34,"y":4},{"x":33,"y":4},{"x":32,"y":4},{"x":31,"y":4},{"x":30,"y":4},{"x":30,"y":3}],"terrainTextureId":"polygon_terrain_0","polygon":[{"x":208,"y":1201},{"x":246,"y":1169},{"x":409,"y":1125},{"x":549,"y":1091},{"x":596,"y":1168},{"x":494,"y":1446},{"x":617,"y":1577},{"x":567,"y":1743},{"x":628,"y":1877},{"x":637,"y":2091},{"x":457,"y":2050},{"x":243,"y":2076},{"x":295,"y":1921},{"x":275,"y":1740},{"x":335,"y":1547},{"x":169,"y":1326}]},{"usedWorldBlocks":[{"x":0,"y":0},{"x":0,"y":1},{"x":1,"y":1},{"x":2,"y":1},{"x":3,"y":1},{"x":4,"y":1},{"x":4,"y":2},{"x":5,"y":2},{"x":3,"y":2},{"x":2,"y":2},{"x":1,"y":2},{"x":0,"y":2},{"x":6,"y":2},{"x":6,"y":1},{"x":7,"y":1},{"x":7,"y":2},{"x":8,"y":2},{"x":9,"y":2},{"x":8,"y":3},{"x":7,"y":3},{"x":7,"y":4},{"x":6,"y":4},{"x":6,"y":3},{"x":10,"y":2},{"x":11,"y":2},{"x":11,"y":3},{"x":11,"y":4},{"x":10,"y":4},{"x":10,"y":3},{"x":12,"y":2},{"x":12,"y":3},{"x":12,"y":4},{"x":13,"y":2},{"x":14,"y":2},{"x":14,"y":3},{"x":15,"y":3},{"x":14,"y":4},{"x":13,"y":3},{"x":13,"y":4},{"x":16,"y":2},{"x":16,"y":3},{"x":16,"y":4},{"x":15,"y":4},{"x":15,"y":2},{"x":18,"y":3},{"x":19,"y":2},{"x":19,"y":3},{"x":19,"y":4},{"x":18,"y":4},{"x":17,"y":2},{"x":17,"y":1},{"x":18,"y":2},{"x":20,"y":3},{"x":21,"y":3},{"x":21,"y":2},{"x":22,"y":2},{"x":23,"y":2},{"x":24,"y":3},{"x":23,"y":3},{"x":22,"y":3},{"x":22,"y":4},{"x":21,"y":4},{"x":20,"y":4},{"x":24,"y":1},{"x":25,"y":1},{"x":25,"y":2},{"x":25,"y":3},{"x":25,"y":4},{"x":24,"y":4},{"x":24,"y":2},{"x":26,"y":1},{"x":27,"y":1},{"x":28,"y":1},{"x":29,"y":1},{"x":29,"y":2},{"x":29,"y":3},{"x":29,"y":4},{"x":28,"y":2},{"x":27,"y":2},{"x":27,"y":3},{"x":27,"y":4},{"x":26,"y":3},{"x":26,"y":4},{"x":26,"y":2},{"x":20,"y":2},{"x":30,"y":1},{"x":31,"y":1},{"x":32,"y":1},{"x":33,"y":1},{"x":33,"y":2},{"x":34,"y":2},{"x":33,"y":3},{"x":32,"y":2},{"x":31,"y":2},{"x":35,"y":2},{"x":35,"y":3},{"x":34,"y":3},{"x":36,"y":3},{"x":37,"y":3},{"x":37,"y":2},{"x":38,"y":3},{"x":38,"y":2},{"x":39,"y":2},{"x":40,"y":2},{"x":40,"y":3},{"x":40,"y":4},{"x":39,"y":3},{"x":39,"y":4},{"x":37,"y":4},{"x":36,"y":4},{"x":34,"y":1},{"x":35,"y":1},{"x":31,"y":0},{"x":32,"y":0},{"x":30,"y":2},{"x":31,"y":3},{"x":32,"y":3},{"x":35,"y":4},{"x":34,"y":4},{"x":33,"y":4},{"x":32,"y":4},{"x":31,"y":4},{"x":30,"y":4},{"x":30,"y":3}],"terrainTextureId":"polygon_terrain_0","polygon":[{"x":945,"y":1428},{"x":1102,"y":1422},{"x":1242,"y":1353},{"x":1272,"y":1411},{"x":1195,"y":1550},{"x":1265,"y":1711},{"x":1201,"y":1868},{"x":1291,"y":2067},{"x":1159,"y":2095},{"x":953,"y":2100},{"x":1018,"y":1943},{"x":1029,"y":1745},{"x":945,"y":1578}]},{"usedWorldBlocks":[{"x":0,"y":0},{"x":0,"y":1},{"x":1,"y":1},{"x":2,"y":1},{"x":3,"y":1},{"x":4,"y":1},{"x":4,"y":2},{"x":5,"y":2},{"x":3,"y":2},{"x":2,"y":2},{"x":1,"y":2},{"x":0,"y":2},{"x":6,"y":2},{"x":6,"y":1},{"x":7,"y":1},{"x":7,"y":2},{"x":8,"y":2},{"x":9,"y":2},{"x":8,"y":3},{"x":7,"y":3},{"x":7,"y":4},{"x":6,"y":4},{"x":6,"y":3},{"x":10,"y":2},{"x":11,"y":2},{"x":11,"y":3},{"x":11,"y":4},{"x":10,"y":4},{"x":10,"y":3},{"x":12,"y":2},{"x":12,"y":3},{"x":12,"y":4},{"x":13,"y":2},{"x":14,"y":2},{"x":14,"y":3},{"x":15,"y":3},{"x":14,"y":4},{"x":13,"y":3},{"x":13,"y":4},{"x":16,"y":2},{"x":16,"y":3},{"x":16,"y":4},{"x":15,"y":4},{"x":15,"y":2},{"x":18,"y":3},{"x":19,"y":2},{"x":19,"y":3},{"x":19,"y":4},{"x":18,"y":4},{"x":17,"y":2},{"x":17,"y":1},{"x":18,"y":2},{"x":20,"y":3},{"x":21,"y":3},{"x":21,"y":2},{"x":22,"y":2},{"x":23,"y":2},{"x":24,"y":3},{"x":23,"y":3},{"x":22,"y":3},{"x":22,"y":4},{"x":21,"y":4},{"x":20,"y":4},{"x":24,"y":1},{"x":25,"y":1},{"x":25,"y":2},{"x":25,"y":3},{"x":25,"y":4},{"x":24,"y":4},{"x":24,"y":2},{"x":26,"y":1},{"x":27,"y":1},{"x":28,"y":1},{"x":29,"y":1},{"x":29,"y":2},{"x":29,"y":3},{"x":29,"y":4},{"x":28,"y":2},{"x":27,"y":2},{"x":27,"y":3},{"x":27,"y":4},{"x":26,"y":3},{"x":26,"y":4},{"x":26,"y":2},{"x":20,"y":2},{"x":30,"y":1},{"x":31,"y":1},{"x":32,"y":1},{"x":33,"y":1},{"x":33,"y":2},{"x":34,"y":2},{"x":33,"y":3},{"x":32,"y":2},{"x":31,"y":2},{"x":35,"y":2},{"x":35,"y":3},{"x":34,"y":3},{"x":36,"y":3},{"x":37,"y":3},{"x":37,"y":2},{"x":38,"y":3},{"x":38,"y":2},{"x":39,"y":2},{"x":40,"y":2},{"x":40,"y":3},{"x":40,"y":4},{"x":39,"y":3},{"x":39,"y":4},{"x":37,"y":4},{"x":36,"y":4},{"x":34,"y":1},{"x":35,"y":1},{"x":31,"y":0},{"x":32,"y":0},{"x":30,"y":2},{"x":31,"y":3},{"x":32,"y":3},{"x":35,"y":4},{"x":34,"y":4},{"x":33,"y":4},{"x":32,"y":4},{"x":31,"y":4},{"x":30,"y":4},{"x":30,"y":3}],"terrainTextureId":"polygon_terrain_0","polygon":[{"x":1630,"y":1494},{"x":1778,"y":1460},{"x":1902,"y":1382},{"x":2018,"y":1226},{"x":2119,"y":1196},{"x":2231,"y":1321},{"x":2426,"y":1398},{"x":2389,"y":1570},{"x":2506,"y":1718},{"x":2497,"y":1868},{"x":2487,"y":2051},{"x":2360,"y":2039},{"x":2360,"y":1863},{"x":2228,"y":1770},{"x":2155,"y":1621},{"x":2016,"y":1741},{"x":1847,"y":1694},{"x":1786,"y":1796},{"x":1856,"y":1902},{"x":1763,"y":2047},{"x":1580,"y":2077},{"x":1556,"y":1889},{"x":1481,"y":1773},{"x":1553,"y":1605}]},{"usedWorldBlocks":[{"x":0,"y":0},{"x":0,"y":1},{"x":1,"y":1},{"x":2,"y":1},{"x":3,"y":1},{"x":4,"y":1},{"x":4,"y":2},{"x":5,"y":2},{"x":3,"y":2},{"x":2,"y":2},{"x":1,"y":2},{"x":0,"y":2},{"x":6,"y":2},{"x":6,"y":1},{"x":7,"y":1},{"x":7,"y":2},{"x":8,"y":2},{"x":9,"y":2},{"x":8,"y":3},{"x":7,"y":3},{"x":7,"y":4},{"x":6,"y":4},{"x":6,"y":3},{"x":10,"y":2},{"x":11,"y":2},{"x":11,"y":3},{"x":11,"y":4},{"x":10,"y":4},{"x":10,"y":3},{"x":12,"y":2},{"x":12,"y":3},{"x":12,"y":4},{"x":13,"y":2},{"x":14,"y":2},{"x":14,"y":3},{"x":15,"y":3},{"x":14,"y":4},{"x":13,"y":3},{"x":13,"y":4},{"x":16,"y":2},{"x":16,"y":3},{"x":16,"y":4},{"x":15,"y":4},{"x":15,"y":2},{"x":18,"y":3},{"x":19,"y":2},{"x":19,"y":3},{"x":19,"y":4},{"x":18,"y":4},{"x":17,"y":2},{"x":17,"y":1},{"x":18,"y":2},{"x":20,"y":3},{"x":21,"y":3},{"x":21,"y":2},{"x":22,"y":2},{"x":23,"y":2},{"x":24,"y":3},{"x":23,"y":3},{"x":22,"y":3},{"x":22,"y":4},{"x":21,"y":4},{"x":20,"y":4},{"x":24,"y":1},{"x":25,"y":1},{"x":25,"y":2},{"x":25,"y":3},{"x":25,"y":4},{"x":24,"y":4},{"x":24,"y":2},{"x":26,"y":1},{"x":27,"y":1},{"x":28,"y":1},{"x":29,"y":1},{"x":29,"y":2},{"x":29,"y":3},{"x":29,"y":4},{"x":28,"y":2},{"x":27,"y":2},{"x":27,"y":3},{"x":27,"y":4},{"x":26,"y":3},{"x":26,"y":4},{"x":26,"y":2},{"x":20,"y":2},{"x":30,"y":1},{"x":31,"y":1},{"x":32,"y":1},{"x":33,"y":1},{"x":33,"y":2},{"x":34,"y":2},{"x":33,"y":3},{"x":32,"y":2},{"x":31,"y":2},{"x":35,"y":2},{"x":35,"y":3},{"x":34,"y":3},{"x":36,"y":3},{"x":37,"y":3},{"x":37,"y":2},{"x":38,"y":3},{"x":38,"y":2},{"x":39,"y":2},{"x":40,"y":2},{"x":40,"y":3},{"x":40,"y":4},{"x":39,"y":3},{"x":39,"y":4},{"x":37,"y":4},{"x":36,"y":4},{"x":34,"y":1},{"x":35,"y":1},{"x":31,"y":0},{"x":32,"y":0},{"x":30,"y":2},{"x":31,"y":3},{"x":32,"y":3},{"x":35,"y":4},{"x":34,"y":4},{"x":33,"y":4},{"x":32,"y":4},{"x":31,"y":4},{"x":30,"y":4},{"x":30,"y":3}],"terrainTextureId":"polygon_terrain_0","polygon":[{"x":3012,"y":1326},{"x":3063,"y":1295},{"x":3262,"y":1260},{"x":3445,"y":1151},{"x":3462,"y":1216},{"x":3316,"y":1328},{"x":3238,"y":1439},{"x":3216,"y":1540},{"x":3326,"y":1603},{"x":3378,"y":1654},{"x":3239,"y":1818},{"x":3354,"y":2058},{"x":3165,"y":2040},{"x":2992,"y":2059},{"x":3002,"y":1884},{"x":2902,"y":1695},{"x":2994,"y":1474}]},{"usedWorldBlocks":[{"x":0,"y":0},{"x":0,"y":1},{"x":1,"y":1},{"x":2,"y":1},{"x":3,"y":1},{"x":4,"y":1},{"x":4,"y":2},{"x":5,"y":2},{"x":3,"y":2},{"x":2,"y":2},{"x":1,"y":2},{"x":0,"y":2},{"x":6,"y":2},{"x":6,"y":1},{"x":7,"y":1},{"x":7,"y":2},{"x":8,"y":2},{"x":9,"y":2},{"x":8,"y":3},{"x":7,"y":3},{"x":7,"y":4},{"x":6,"y":4},{"x":6,"y":3},{"x":10,"y":2},{"x":11,"y":2},{"x":11,"y":3},{"x":11,"y":4},{"x":10,"y":4},{"x":10,"y":3},{"x":12,"y":2},{"x":12,"y":3},{"x":12,"y":4},{"x":13,"y":2},{"x":14,"y":2},{"x":14,"y":3},{"x":15,"y":3},{"x":14,"y":4},{"x":13,"y":3},{"x":13,"y":4},{"x":16,"y":2},{"x":16,"y":3},{"x":16,"y":4},{"x":15,"y":4},{"x":15,"y":2},{"x":18,"y":3},{"x":19,"y":2},{"x":19,"y":3},{"x":19,"y":4},{"x":18,"y":4},{"x":17,"y":2},{"x":17,"y":1},{"x":18,"y":2},{"x":20,"y":3},{"x":21,"y":3},{"x":21,"y":2},{"x":22,"y":2},{"x":23,"y":2},{"x":24,"y":3},{"x":23,"y":3},{"x":22,"y":3},{"x":22,"y":4},{"x":21,"y":4},{"x":20,"y":4},{"x":24,"y":1},{"x":25,"y":1},{"x":25,"y":2},{"x":25,"y":3},{"x":25,"y":4},{"x":24,"y":4},{"x":24,"y":2},{"x":26,"y":1},{"x":27,"y":1},{"x":28,"y":1},{"x":29,"y":1},{"x":29,"y":2},{"x":29,"y":3},{"x":29,"y":4},{"x":28,"y":2},{"x":27,"y":2},{"x":27,"y":3},{"x":27,"y":4},{"x":26,"y":3},{"x":26,"y":4},{"x":26,"y":2},{"x":20,"y":2},{"x":30,"y":1},{"x":31,"y":1},{"x":32,"y":1},{"x":33,"y":1},{"x":33,"y":2},{"x":34,"y":2},{"x":33,"y":3},{"x":32,"y":2},{"x":31,"y":2},{"x":35,"y":2},{"x":35,"y":3},{"x":34,"y":3},{"x":36,"y":3},{"x":37,"y":3},{"x":37,"y":2},{"x":38,"y":3},{"x":38,"y":2},{"x":39,"y":2},{"x":40,"y":2},{"x":40,"y":3},{"x":40,"y":4},{"x":39,"y":3},{"x":39,"y":4},{"x":37,"y":4},{"x":36,"y":4},{"x":34,"y":1},{"x":35,"y":1},{"x":31,"y":0},{"x":32,"y":0},{"x":30,"y":2},{"x":31,"y":3},{"x":32,"y":3},{"x":35,"y":4},{"x":34,"y":4},{"x":33,"y":4},{"x":32,"y":4},{"x":31,"y":4},{"x":30,"y":4},{"x":30,"y":3}],"terrainTextureId":"polygon_terrain_0","polygon":[{"x":4254,"y":1588},{"x":4296,"y":1559},{"x":4443,"y":1534},{"x":4587,"y":1475},{"x":4803,"y":1503},{"x":4912,"y":1608},{"x":4767,"y":1645},{"x":4689,"y":1763},{"x":4755,"y":1909},{"x":4922,"y":2055},{"x":4634,"y":2044},{"x":4378,"y":2058},{"x":4395,"y":1867},{"x":4254,"y":1738}]},{"usedWorldBlocks":[{"x":0,"y":0},{"x":0,"y":1},{"x":1,"y":1},{"x":2,"y":1},{"x":3,"y":1},{"x":4,"y":1},{"x":4,"y":2},{"x":5,"y":2},{"x":3,"y":2},{"x":2,"y":2},{"x":1,"y":2},{"x":0,"y":2},{"x":6,"y":2},{"x":6,"y":1},{"x":7,"y":1},{"x":7,"y":2},{"x":8,"y":2},{"x":9,"y":2},{"x":8,"y":3},{"x":7,"y":3},{"x":7,"y":4},{"x":6,"y":4},{"x":6,"y":3},{"x":10,"y":2},{"x":11,"y":2},{"x":11,"y":3},{"x":11,"y":4},{"x":10,"y":4},{"x":10,"y":3},{"x":12,"y":2},{"x":12,"y":3},{"x":12,"y":4},{"x":13,"y":2},{"x":14,"y":2},{"x":14,"y":3},{"x":15,"y":3},{"x":14,"y":4},{"x":13,"y":3},{"x":13,"y":4},{"x":16,"y":2},{"x":16,"y":3},{"x":16,"y":4},{"x":15,"y":4},{"x":15,"y":2},{"x":18,"y":3},{"x":19,"y":2},{"x":19,"y":3},{"x":19,"y":4},{"x":18,"y":4},{"x":17,"y":2},{"x":17,"y":1},{"x":18,"y":2},{"x":20,"y":3},{"x":21,"y":3},{"x":21,"y":2},{"x":22,"y":2},{"x":23,"y":2},{"x":24,"y":3},{"x":23,"y":3},{"x":22,"y":3},{"x":22,"y":4},{"x":21,"y":4},{"x":20,"y":4},{"x":24,"y":1},{"x":25,"y":1},{"x":25,"y":2},{"x":25,"y":3},{"x":25,"y":4},{"x":24,"y":4},{"x":24,"y":2},{"x":26,"y":1},{"x":27,"y":1},{"x":28,"y":1},{"x":29,"y":1},{"x":29,"y":2},{"x":29,"y":3},{"x":29,"y":4},{"x":28,"y":2},{"x":27,"y":2},{"x":27,"y":3},{"x":27,"y":4},{"x":26,"y":3},{"x":26,"y":4},{"x":26,"y":2},{"x":20,"y":2},{"x":30,"y":1},{"x":31,"y":1},{"x":32,"y":1},{"x":33,"y":1},{"x":33,"y":2},{"x":34,"y":2},{"x":33,"y":3},{"x":32,"y":2},{"x":31,"y":2},{"x":35,"y":2},{"x":35,"y":3},{"x":34,"y":3},{"x":36,"y":3},{"x":37,"y":3},{"x":37,"y":2},{"x":38,"y":3},{"x":38,"y":2},{"x":39,"y":2},{"x":40,"y":2},{"x":40,"y":3},{"x":40,"y":4},{"x":39,"y":3},{"x":39,"y":4},{"x":37,"y":4},{"x":36,"y":4},{"x":34,"y":1},{"x":35,"y":1},{"x":31,"y":0},{"x":32,"y":0},{"x":30,"y":2},{"x":31,"y":3},{"x":32,"y":3},{"x":35,"y":4},{"x":34,"y":4},{"x":33,"y":4},{"x":32,"y":4},{"x":31,"y":4},{"x":30,"y":4},{"x":30,"y":3}],"terrainTextureId":"polygon_terrain_0","polygon":[{"x":3722,"y":1122},{"x":3952,"y":997},{"x":4117,"y":1079},{"x":4263,"y":1115},{"x":4386,"y":1090},{"x":4359,"y":1171},{"x":4175,"y":1179},{"x":4018,"y":1233},{"x":3789,"y":1198}]},{"usedWorldBlocks":[{"x":0,"y":0},{"x":0,"y":1},{"x":1,"y":1},{"x":2,"y":1},{"x":3,"y":1},{"x":4,"y":1},{"x":4,"y":2},{"x":5,"y":2},{"x":3,"y":2},{"x":2,"y":2},{"x":1,"y":2},{"x":0,"y":2},{"x":6,"y":2},{"x":6,"y":1},{"x":7,"y":1},{"x":7,"y":2},{"x":8,"y":2},{"x":9,"y":2},{"x":8,"y":3},{"x":7,"y":3},{"x":7,"y":4},{"x":6,"y":4},{"x":6,"y":3},{"x":10,"y":2},{"x":11,"y":2},{"x":11,"y":3},{"x":11,"y":4},{"x":10,"y":4},{"x":10,"y":3},{"x":12,"y":2},{"x":12,"y":3},{"x":12,"y":4},{"x":13,"y":2},{"x":14,"y":2},{"x":14,"y":3},{"x":15,"y":3},{"x":14,"y":4},{"x":13,"y":3},{"x":13,"y":4},{"x":16,"y":2},{"x":16,"y":3},{"x":16,"y":4},{"x":15,"y":4},{"x":15,"y":2},{"x":18,"y":3},{"x":19,"y":2},{"x":19,"y":3},{"x":19,"y":4},{"x":18,"y":4},{"x":17,"y":2},{"x":17,"y":1},{"x":18,"y":2},{"x":20,"y":3},{"x":21,"y":3},{"x":21,"y":2},{"x":22,"y":2},{"x":23,"y":2},{"x":24,"y":3},{"x":23,"y":3},{"x":22,"y":3},{"x":22,"y":4},{"x":21,"y":4},{"x":20,"y":4},{"x":24,"y":1},{"x":25,"y":1},{"x":25,"y":2},{"x":25,"y":3},{"x":25,"y":4},{"x":24,"y":4},{"x":24,"y":2},{"x":26,"y":1},{"x":27,"y":1},{"x":28,"y":1},{"x":29,"y":1},{"x":29,"y":2},{"x":29,"y":3},{"x":29,"y":4},{"x":28,"y":2},{"x":27,"y":2},{"x":27,"y":3},{"x":27,"y":4},{"x":26,"y":3},{"x":26,"y":4},{"x":26,"y":2},{"x":20,"y":2},{"x":30,"y":1},{"x":31,"y":1},{"x":32,"y":1},{"x":33,"y":1},{"x":33,"y":2},{"x":34,"y":2},{"x":33,"y":3},{"x":32,"y":2},{"x":31,"y":2},{"x":35,"y":2},{"x":35,"y":3},{"x":34,"y":3},{"x":36,"y":3},{"x":37,"y":3},{"x":37,"y":2},{"x":38,"y":3},{"x":38,"y":2},{"x":39,"y":2},{"x":40,"y":2},{"x":40,"y":3},{"x":40,"y":4},{"x":39,"y":3},{"x":39,"y":4},{"x":37,"y":4},{"x":36,"y":4},{"x":34,"y":1},{"x":35,"y":1},{"x":31,"y":0},{"x":32,"y":0},{"x":30,"y":2},{"x":31,"y":3},{"x":32,"y":3},{"x":35,"y":4},{"x":34,"y":4},{"x":33,"y":4},{"x":32,"y":4},{"x":31,"y":4},{"x":30,"y":4},{"x":30,"y":3}],"terrainTextureId":"polygon_terrain_0","polygon":[{"x":4702,"y":1172},{"x":4858,"y":1144},{"x":4956,"y":1101},{"x":4975,"y":1190},{"x":4886,"y":1252},{"x":4769,"y":1254}]}]],[[{"usedWorldBlocks":[{"x":0,"y":0},{"x":0,"y":1},{"x":1,"y":1},{"x":2,"y":1},{"x":3,"y":1},{"x":4,"y":1},{"x":4,"y":2},{"x":5,"y":2},{"x":3,"y":2},{"x":2,"y":2},{"x":1,"y":2},{"x":0,"y":2},{"x":6,"y":2},{"x":6,"y":1},{"x":7,"y":1},{"x":7,"y":2},{"x":8,"y":2},{"x":9,"y":2},{"x":8,"y":3},{"x":7,"y":3},{"x":7,"y":4},{"x":6,"y":4},{"x":6,"y":3},{"x":10,"y":2},{"x":11,"y":2},{"x":11,"y":3},{"x":11,"y":4},{"x":10,"y":4},{"x":10,"y":3},{"x":12,"y":2},{"x":12,"y":3},{"x":12,"y":4},{"x":13,"y":2},{"x":14,"y":2},{"x":14,"y":3},{"x":15,"y":3},{"x":14,"y":4},{"x":13,"y":3},{"x":13,"y":4},{"x":16,"y":2},{"x":16,"y":3},{"x":16,"y":4},{"x":15,"y":4},{"x":15,"y":2},{"x":18,"y":3},{"x":19,"y":2},{"x":19,"y":3},{"x":19,"y":4},{"x":18,"y":4},{"x":17,"y":2},{"x":17,"y":1},{"x":18,"y":2},{"x":20,"y":3},{"x":21,"y":3},{"x":21,"y":2},{"x":22,"y":2},{"x":23,"y":2},{"x":24,"y":3},{"x":23,"y":3},{"x":22,"y":3},{"x":22,"y":4},{"x":21,"y":4},{"x":20,"y":4},{"x":24,"y":1},{"x":25,"y":1},{"x":25,"y":2},{"x":25,"y":3},{"x":25,"y":4},{"x":24,"y":4},{"x":24,"y":2},{"x":26,"y":1},{"x":27,"y":1},{"x":28,"y":1},{"x":29,"y":1},{"x":29,"y":2},{"x":29,"y":3},{"x":29,"y":4},{"x":28,"y":2},{"x":27,"y":2},{"x":27,"y":3},{"x":27,"y":4},{"x":26,"y":3},{"x":26,"y":4},{"x":26,"y":2},{"x":20,"y":2},{"x":30,"y":1},{"x":31,"y":1},{"x":32,"y":1},{"x":33,"y":1},{"x":33,"y":2},{"x":34,"y":2},{"x":33,"y":3},{"x":32,"y":2},{"x":31,"y":2},{"x":35,"y":2},{"x":35,"y":3},{"x":34,"y":3},{"x":36,"y":3},{"x":37,"y":3},{"x":37,"y":2},{"x":38,"y":3},{"x":38,"y":2},{"x":39,"y":2},{"x":40,"y":2},{"x":40,"y":3},{"x":40,"y":4},{"x":39,"y":3},{"x":39,"y":4},{"x":37,"y":4},{"x":36,"y":4},{"x":34,"y":1},{"x":35,"y":1},{"x":31,"y":0},{"x":32,"y":0},{"x":30,"y":2},{"x":31,"y":3},{"x":32,"y":3},{"x":35,"y":4},{"x":34,"y":4},{"x":33,"y":4},{"x":32,"y":4},{"x":31,"y":4},{"x":30,"y":4},{"x":30,"y":3}],"terrainTextureId":"polygon_terrain_0","polygon":[{"x":147,"y":1713},{"x":325,"y":1720},{"x":459,"y":1653},{"x":614,"y":1640},{"x":728,"y":1519},{"x":876,"y":1445},{"x":1031,"y":1418},{"x":1166,"y":1358},{"x":1311,"y":1300},{"x":1416,"y":1191},{"x":1609,"y":1062},{"x":1800,"y":1066},{"x":1752,"y":1208},{"x":1793,"y":1377},{"x":1931,"y":1449},{"x":2038,"y":1553},{"x":2082,"y":1696},{"x":2136,"y":1873},{"x":1952,"y":1891},{"x":1842,"y":1758},{"x":1724,"y":1669},{"x":1482,"y":1606},{"x":1304,"y":1628},{"x":1173,"y":1759},{"x":1234,"y":2050},{"x":1097,"y":2070},{"x":986,"y":1907},{"x":805,"y":1821},{"x":642,"y":1864},{"x":587,"y":2069},{"x":440,"y":2042},{"x":228,"y":2056},{"x":147,"y":1863}]},{"usedWorldBlocks":[{"x":0,"y":0},{"x":0,"y":1},{"x":1,"y":1},{"x":2,"y":1},{"x":3,"y":1},{"x":4,"y":1},{"x":4,"y":2},{"x":5,"y":2},{"x":3,"y":2},{"x":2,"y":2},{"x":1,"y":2},{"x":0,"y":2},{"x":6,"y":2},{"x":6,"y":1},{"x":7,"y":1},{"x":7,"y":2},{"x":8,"y":2},{"x":9,"y":2},{"x":8,"y":3},{"x":7,"y":3},{"x":7,"y":4},{"x":6,"y":4},{"x":6,"y":3},{"x":10,"y":2},{"x":11,"y":2},{"x":11,"y":3},{"x":11,"y":4},{"x":10,"y":4},{"x":10,"y":3},{"x":12,"y":2},{"x":12,"y":3},{"x":12,"y":4},{"x":13,"y":2},{"x":14,"y":2},{"x":14,"y":3},{"x":15,"y":3},{"x":14,"y":4},{"x":13,"y":3},{"x":13,"y":4},{"x":16,"y":2},{"x":16,"y":3},{"x":16,"y":4},{"x":15,"y":4},{"x":15,"y":2},{"x":18,"y":3},{"x":19,"y":2},{"x":19,"y":3},{"x":19,"y":4},{"x":18,"y":4},{"x":17,"y":2},{"x":17,"y":1},{"x":18,"y":2},{"x":20,"y":3},{"x":21,"y":3},{"x":21,"y":2},{"x":22,"y":2},{"x":23,"y":2},{"x":24,"y":3},{"x":23,"y":3},{"x":22,"y":3},{"x":22,"y":4},{"x":21,"y":4},{"x":20,"y":4},{"x":24,"y":1},{"x":25,"y":1},{"x":25,"y":2},{"x":25,"y":3},{"x":25,"y":4},{"x":24,"y":4},{"x":24,"y":2},{"x":26,"y":1},{"x":27,"y":1},{"x":28,"y":1},{"x":29,"y":1},{"x":29,"y":2},{"x":29,"y":3},{"x":29,"y":4},{"x":28,"y":2},{"x":27,"y":2},{"x":27,"y":3},{"x":27,"y":4},{"x":26,"y":3},{"x":26,"y":4},{"x":26,"y":2},{"x":20,"y":2},{"x":30,"y":1},{"x":31,"y":1},{"x":32,"y":1},{"x":33,"y":1},{"x":33,"y":2},{"x":34,"y":2},{"x":33,"y":3},{"x":32,"y":2},{"x":31,"y":2},{"x":35,"y":2},{"x":35,"y":3},{"x":34,"y":3},{"x":36,"y":3},{"x":37,"y":3},{"x":37,"y":2},{"x":38,"y":3},{"x":38,"y":2},{"x":39,"y":2},{"x":40,"y":2},{"x":40,"y":3},{"x":40,"y":4},{"x":39,"y":3},{"x":39,"y":4},{"x":37,"y":4},{"x":36,"y":4},{"x":34,"y":1},{"x":35,"y":1},{"x":31,"y":0},{"x":32,"y":0},{"x":30,"y":2},{"x":31,"y":3},{"x":32,"y":3},{"x":35,"y":4},{"x":34,"y":4},{"x":33,"y":4},{"x":32,"y":4},{"x":31,"y":4},{"x":30,"y":4},{"x":30,"y":3}],"terrainTextureId":"polygon_terrain_0","polygon":[{"x":2341,"y":740},{"x":2387,"y":697},{"x":2557,"y":658},{"x":2722,"y":584},{"x":2856,"y":635},{"x":2875,"y":791},{"x":2794,"y":934},{"x":2635,"y":1002},{"x":2650,"y":1151},{"x":2696,"y":1294},{"x":2742,"y":1437},{"x":2818,"y":1552},{"x":2811,"y":1729},{"x":2800,"y":1872},{"x":2894,"y":2083},{"x":2744,"y":2064},{"x":2626,"y":2054},{"x":2491,"y":2038},{"x":2514,"y":1856},{"x":2403,"y":1673},{"x":2470,"y":1539},{"x":2542,"y":1396},{"x":2457,"y":1114},{"x":2341,"y":890}]},{"usedWorldBlocks":[{"x":0,"y":0},{"x":0,"y":1},{"x":1,"y":1},{"x":2,"y":1},{"x":3,"y":1},{"x":4,"y":1},{"x":4,"y":2},{"x":5,"y":2},{"x":3,"y":2},{"x":2,"y":2},{"x":1,"y":2},{"x":0,"y":2},{"x":6,"y":2},{"x":6,"y":1},{"x":7,"y":1},{"x":7,"y":2},{"x":8,"y":2},{"x":9,"y":2},{"x":8,"y":3},{"x":7,"y":3},{"x":7,"y":4},{"x":6,"y":4},{"x":6,"y":3},{"x":10,"y":2},{"x":11,"y":2},{"x":11,"y":3},{"x":11,"y":4},{"x":10,"y":4},{"x":10,"y":3},{"x":12,"y":2},{"x":12,"y":3},{"x":12,"y":4},{"x":13,"y":2},{"x":14,"y":2},{"x":14,"y":3},{"x":15,"y":3},{"x":14,"y":4},{"x":13,"y":3},{"x":13,"y":4},{"x":16,"y":2},{"x":16,"y":3},{"x":16,"y":4},{"x":15,"y":4},{"x":15,"y":2},{"x":18,"y":3},{"x":19,"y":2},{"x":19,"y":3},{"x":19,"y":4},{"x":18,"y":4},{"x":17,"y":2},{"x":17,"y":1},{"x":18,"y":2},{"x":20,"y":3},{"x":21,"y":3},{"x":21,"y":2},{"x":22,"y":2},{"x":23,"y":2},{"x":24,"y":3},{"x":23,"y":3},{"x":22,"y":3},{"x":22,"y":4},{"x":21,"y":4},{"x":20,"y":4},{"x":24,"y":1},{"x":25,"y":1},{"x":25,"y":2},{"x":25,"y":3},{"x":25,"y":4},{"x":24,"y":4},{"x":24,"y":2},{"x":26,"y":1},{"x":27,"y":1},{"x":28,"y":1},{"x":29,"y":1},{"x":29,"y":2},{"x":29,"y":3},{"x":29,"y":4},{"x":28,"y":2},{"x":27,"y":2},{"x":27,"y":3},{"x":27,"y":4},{"x":26,"y":3},{"x":26,"y":4},{"x":26,"y":2},{"x":20,"y":2},{"x":30,"y":1},{"x":31,"y":1},{"x":32,"y":1},{"x":33,"y":1},{"x":33,"y":2},{"x":34,"y":2},{"x":33,"y":3},{"x":32,"y":2},{"x":31,"y":2},{"x":35,"y":2},{"x":35,"y":3},{"x":34,"y":3},{"x":36,"y":3},{"x":37,"y":3},{"x":37,"y":2},{"x":38,"y":3},{"x":38,"y":2},{"x":39,"y":2},{"x":40,"y":2},{"x":40,"y":3},{"x":40,"y":4},{"x":39,"y":3},{"x":39,"y":4},{"x":37,"y":4},{"x":36,"y":4},{"x":34,"y":1},{"x":35,"y":1},{"x":31,"y":0},{"x":32,"y":0},{"x":30,"y":2},{"x":31,"y":3},{"x":32,"y":3},{"x":35,"y":4},{"x":34,"y":4},{"x":33,"y":4},{"x":32,"y":4},{"x":31,"y":4},{"x":30,"y":4},{"x":30,"y":3}],"terrainTextureId":"polygon_terrain_0","polygon":[{"x":3196,"y":887},{"x":3437,"y":843},{"x":3585,"y":721},{"x":3723,"y":778},{"x":3843,"y":871},{"x":3998,"y":906},{"x":4148,"y":915},{"x":4297,"y":919},{"x":4451,"y":920},{"x":4641,"y":894},{"x":4788,"y":831},{"x":4930,"y":715},{"x":4968,"y":758},{"x":4895,"y":889},{"x":4859,"y":1035},{"x":4864,"y":1185},{"x":4827,"y":1362},{"x":4894,"y":1503},{"x":4859,"y":1661},{"x":4834,"y":1838},{"x":4883,"y":2047},{"x":4729,"y":2047},{"x":4526,"y":2066},{"x":4628,"y":1923},{"x":4637,"y":1735},{"x":4718,"y":1519},{"x":4623,"y":1334},{"x":4518,"y":1286},{"x":4325,"y":1099},{"x":4157,"y":1108},{"x":4007,"y":1049},{"x":3863,"y":1120},{"x":3720,"y":999},{"x":3524,"y":1014},{"x":3624,"y":1130},{"x":3596,"y":1305},{"x":3732,"y":1420},{"x":3707,"y":1581},{"x":3843,"y":1687},{"x":3862,"y":1838},{"x":3985,"y":2041},{"x":3788,"y":2065},{"x":3759,"y":1830},{"x":3617,"y":1673},{"x":3516,"y":1638},{"x":3450,"y":1730},{"x":3427,"y":1841},{"x":3521,"y":2060},{"x":3248,"y":2054},{"x":3195,"y":1903},{"x":3277,"y":1737},{"x":3227,"y":1604},{"x":3217,"y":1391},{"x":3306,"y":1270},{"x":3422,"y":1107},{"x":3234,"y":1001}]},{"usedWorldBlocks":[{"x":0,"y":0},{"x":0,"y":1},{"x":1,"y":1},{"x":2,"y":1},{"x":3,"y":1},{"x":4,"y":1},{"x":4,"y":2},{"x":5,"y":2},{"x":3,"y":2},{"x":2,"y":2},{"x":1,"y":2},{"x":0,"y":2},{"x":6,"y":2},{"x":6,"y":1},{"x":7,"y":1},{"x":7,"y":2},{"x":8,"y":2},{"x":9,"y":2},{"x":8,"y":3},{"x":7,"y":3},{"x":7,"y":4},{"x":6,"y":4},{"x":6,"y":3},{"x":10,"y":2},{"x":11,"y":2},{"x":11,"y":3},{"x":11,"y":4},{"x":10,"y":4},{"x":10,"y":3},{"x":12,"y":2},{"x":12,"y":3},{"x":12,"y":4},{"x":13,"y":2},{"x":14,"y":2},{"x":14,"y":3},{"x":15,"y":3},{"x":14,"y":4},{"x":13,"y":3},{"x":13,"y":4},{"x":16,"y":2},{"x":16,"y":3},{"x":16,"y":4},{"x":15,"y":4},{"x":15,"y":2},{"x":18,"y":3},{"x":19,"y":2},{"x":19,"y":3},{"x":19,"y":4},{"x":18,"y":4},{"x":17,"y":2},{"x":17,"y":1},{"x":18,"y":2},{"x":20,"y":3},{"x":21,"y":3},{"x":21,"y":2},{"x":22,"y":2},{"x":23,"y":2},{"x":24,"y":3},{"x":23,"y":3},{"x":22,"y":3},{"x":22,"y":4},{"x":21,"y":4},{"x":20,"y":4},{"x":24,"y":1},{"x":25,"y":1},{"x":25,"y":2},{"x":25,"y":3},{"x":25,"y":4},{"x":24,"y":4},{"x":24,"y":2},{"x":26,"y":1},{"x":27,"y":1},{"x":28,"y":1},{"x":29,"y":1},{"x":29,"y":2},{"x":29,"y":3},{"x":29,"y":4},{"x":28,"y":2},{"x":27,"y":2},{"x":27,"y":3},{"x":27,"y":4},{"x":26,"y":3},{"x":26,"y":4},{"x":26,"y":2},{"x":20,"y":2},{"x":30,"y":1},{"x":31,"y":1},{"x":32,"y":1},{"x":33,"y":1},{"x":33,"y":2},{"x":34,"y":2},{"x":33,"y":3},{"x":32,"y":2},{"x":31,"y":2},{"x":35,"y":2},{"x":35,"y":3},{"x":34,"y":3},{"x":36,"y":3},{"x":37,"y":3},{"x":37,"y":2},{"x":38,"y":3},{"x":38,"y":2},{"x":39,"y":2},{"x":40,"y":2},{"x":40,"y":3},{"x":40,"y":4},{"x":39,"y":3},{"x":39,"y":4},{"x":37,"y":4},{"x":36,"y":4},{"x":34,"y":1},{"x":35,"y":1},{"x":31,"y":0},{"x":32,"y":0},{"x":30,"y":2},{"x":31,"y":3},{"x":32,"y":3},{"x":35,"y":4},{"x":34,"y":4},{"x":33,"y":4},{"x":32,"y":4},{"x":31,"y":4},{"x":30,"y":4},{"x":30,"y":3}],"terrainTextureId":"polygon_terrain_0","polygon":[{"x":274,"y":1116},{"x":409,"y":1150},{"x":558,"y":1118},{"x":634,"y":1137},{"x":453,"y":1299},{"x":315,"y":1230}]}]],[[{"usedWorldBlocks":[{"x":0,"y":0},{"x":0,"y":1},{"x":1,"y":1},{"x":2,"y":1},{"x":3,"y":1},{"x":4,"y":1},{"x":4,"y":2},{"x":5,"y":2},{"x":3,"y":2},{"x":2,"y":2},{"x":1,"y":2},{"x":0,"y":2},{"x":6,"y":2},{"x":6,"y":1},{"x":7,"y":1},{"x":7,"y":2},{"x":8,"y":2},{"x":9,"y":2},{"x":8,"y":3},{"x":7,"y":3},{"x":7,"y":4},{"x":6,"y":4},{"x":6,"y":3},{"x":10,"y":2},{"x":11,"y":2},{"x":11,"y":3},{"x":11,"y":4},{"x":10,"y":4},{"x":10,"y":3},{"x":12,"y":2},{"x":12,"y":3},{"x":12,"y":4},{"x":13,"y":2},{"x":14,"y":2},{"x":14,"y":3},{"x":15,"y":3},{"x":14,"y":4},{"x":13,"y":3},{"x":13,"y":4},{"x":16,"y":2},{"x":16,"y":3},{"x":16,"y":4},{"x":15,"y":4},{"x":15,"y":2},{"x":18,"y":3},{"x":19,"y":2},{"x":19,"y":3},{"x":19,"y":4},{"x":18,"y":4},{"x":17,"y":2},{"x":17,"y":1},{"x":18,"y":2},{"x":20,"y":3},{"x":21,"y":3},{"x":21,"y":2},{"x":22,"y":2},{"x":23,"y":2},{"x":24,"y":3},{"x":23,"y":3},{"x":22,"y":3},{"x":22,"y":4},{"x":21,"y":4},{"x":20,"y":4},{"x":24,"y":1},{"x":25,"y":1},{"x":25,"y":2},{"x":25,"y":3},{"x":25,"y":4},{"x":24,"y":4},{"x":24,"y":2},{"x":26,"y":1},{"x":27,"y":1},{"x":28,"y":1},{"x":29,"y":1},{"x":29,"y":2},{"x":29,"y":3},{"x":29,"y":4},{"x":28,"y":2},{"x":27,"y":2},{"x":27,"y":3},{"x":27,"y":4},{"x":26,"y":3},{"x":26,"y":4},{"x":26,"y":2},{"x":20,"y":2},{"x":30,"y":1},{"x":31,"y":1},{"x":32,"y":1},{"x":33,"y":1},{"x":33,"y":2},{"x":34,"y":2},{"x":33,"y":3},{"x":32,"y":2},{"x":31,"y":2},{"x":35,"y":2},{"x":35,"y":3},{"x":34,"y":3},{"x":36,"y":3},{"x":37,"y":3},{"x":37,"y":2},{"x":38,"y":3},{"x":38,"y":2},{"x":39,"y":2},{"x":40,"y":2},{"x":40,"y":3},{"x":40,"y":4},{"x":39,"y":3},{"x":39,"y":4},{"x":37,"y":4},{"x":36,"y":4},{"x":34,"y":1},{"x":35,"y":1},{"x":31,"y":0},{"x":32,"y":0},{"x":30,"y":2},{"x":31,"y":3},{"x":32,"y":3},{"x":35,"y":4},{"x":34,"y":4},{"x":33,"y":4},{"x":32,"y":4},{"x":31,"y":4},{"x":30,"y":4},{"x":30,"y":3}],"terrainTextureId":"polygon_terrain_0","polygon":[{"x":485,"y":900},{"x":485,"y":822},{"x":616,"y":873},{"x":777,"y":931},{"x":940,"y":961},{"x":1087,"y":940},{"x":1336,"y":911},{"x":1504,"y":872},{"x":1708,"y":804},{"x":1766,"y":869},{"x":1610,"y":1088},{"x":1609,"y":1238},{"x":1772,"y":1315},{"x":1985,"y":1328},{"x":2017,"y":1387},{"x":1910,"y":1492},{"x":1750,"y":1470},{"x":1624,"y":1516},{"x":1479,"y":1348},{"x":1309,"y":1361},{"x":1187,"y":1273},{"x":1122,"y":1339},{"x":997,"y":1321},{"x":912,"y":1406},{"x":818,"y":1320},{"x":759,"y":1181},{"x":701,"y":1043}]},{"usedWorldBlocks":[{"x":0,"y":0},{"x":0,"y":1},{"x":1,"y":1},{"x":2,"y":1},{"x":3,"y":1},{"x":4,"y":1},{"x":4,"y":2},{"x":5,"y":2},{"x":3,"y":2},{"x":2,"y":2},{"x":1,"y":2},{"x":0,"y":2},{"x":6,"y":2},{"x":6,"y":1},{"x":7,"y":1},{"x":7,"y":2},{"x":8,"y":2},{"x":9,"y":2},{"x":8,"y":3},{"x":7,"y":3},{"x":7,"y":4},{"x":6,"y":4},{"x":6,"y":3},{"x":10,"y":2},{"x":11,"y":2},{"x":11,"y":3},{"x":11,"y":4},{"x":10,"y":4},{"x":10,"y":3},{"x":12,"y":2},{"x":12,"y":3},{"x":12,"y":4},{"x":13,"y":2},{"x":14,"y":2},{"x":14,"y":3},{"x":15,"y":3},{"x":14,"y":4},{"x":13,"y":3},{"x":13,"y":4},{"x":16,"y":2},{"x":16,"y":3},{"x":16,"y":4},{"x":15,"y":4},{"x":15,"y":2},{"x":18,"y":3},{"x":19,"y":2},{"x":19,"y":3},{"x":19,"y":4},{"x":18,"y":4},{"x":17,"y":2},{"x":17,"y":1},{"x":18,"y":2},{"x":20,"y":3},{"x":21,"y":3},{"x":21,"y":2},{"x":22,"y":2},{"x":23,"y":2},{"x":24,"y":3},{"x":23,"y":3},{"x":22,"y":3},{"x":22,"y":4},{"x":21,"y":4},{"x":20,"y":4},{"x":24,"y":1},{"x":25,"y":1},{"x":25,"y":2},{"x":25,"y":3},{"x":25,"y":4},{"x":24,"y":4},{"x":24,"y":2},{"x":26,"y":1},{"x":27,"y":1},{"x":28,"y":1},{"x":29,"y":1},{"x":29,"y":2},{"x":29,"y":3},{"x":29,"y":4},{"x":28,"y":2},{"x":27,"y":2},{"x":27,"y":3},{"x":27,"y":4},{"x":26,"y":3},{"x":26,"y":4},{"x":26,"y":2},{"x":20,"y":2},{"x":30,"y":1},{"x":31,"y":1},{"x":32,"y":1},{"x":33,"y":1},{"x":33,"y":2},{"x":34,"y":2},{"x":33,"y":3},{"x":32,"y":2},{"x":31,"y":2},{"x":35,"y":2},{"x":35,"y":3},{"x":34,"y":3},{"x":36,"y":3},{"x":37,"y":3},{"x":37,"y":2},{"x":38,"y":3},{"x":38,"y":2},{"x":39,"y":2},{"x":40,"y":2},{"x":40,"y":3},{"x":40,"y":4},{"x":39,"y":3},{"x":39,"y":4},{"x":37,"y":4},{"x":36,"y":4},{"x":34,"y":1},{"x":35,"y":1},{"x":31,"y":0},{"x":32,"y":0},{"x":30,"y":2},{"x":31,"y":3},{"x":32,"y":3},{"x":35,"y":4},{"x":34,"y":4},{"x":33,"y":4},{"x":32,"y":4},{"x":31,"y":4},{"x":30,"y":4},{"x":30,"y":3}],"terrainTextureId":"polygon_terrain_0","polygon":[{"x":2365,"y":1401},{"x":2438,"y":1357},{"x":2584,"y":1326},{"x":2730,"y":1364},{"x":2883,"y":1404},{"x":2896,"y":1579},{"x":2748,"y":1579},{"x":2645,"y":1486},{"x":2515,"y":1551},{"x":2365,"y":1551}]},{"usedWorldBlocks":[{"x":0,"y":0},{"x":0,"y":1},{"x":1,"y":1},{"x":2,"y":1},{"x":3,"y":1},{"x":4,"y":1},{"x":4,"y":2},{"x":5,"y":2},{"x":3,"y":2},{"x":2,"y":2},{"x":1,"y":2},{"x":0,"y":2},{"x":6,"y":2},{"x":6,"y":1},{"x":7,"y":1},{"x":7,"y":2},{"x":8,"y":2},{"x":9,"y":2},{"x":8,"y":3},{"x":7,"y":3},{"x":7,"y":4},{"x":6,"y":4},{"x":6,"y":3},{"x":10,"y":2},{"x":11,"y":2},{"x":11,"y":3},{"x":11,"y":4},{"x":10,"y":4},{"x":10,"y":3},{"x":12,"y":2},{"x":12,"y":3},{"x":12,"y":4},{"x":13,"y":2},{"x":14,"y":2},{"x":14,"y":3},{"x":15,"y":3},{"x":14,"y":4},{"x":13,"y":3},{"x":13,"y":4},{"x":16,"y":2},{"x":16,"y":3},{"x":16,"y":4},{"x":15,"y":4},{"x":15,"y":2},{"x":18,"y":3},{"x":19,"y":2},{"x":19,"y":3},{"x":19,"y":4},{"x":18,"y":4},{"x":17,"y":2},{"x":17,"y":1},{"x":18,"y":2},{"x":20,"y":3},{"x":21,"y":3},{"x":21,"y":2},{"x":22,"y":2},{"x":23,"y":2},{"x":24,"y":3},{"x":23,"y":3},{"x":22,"y":3},{"x":22,"y":4},{"x":21,"y":4},{"x":20,"y":4},{"x":24,"y":1},{"x":25,"y":1},{"x":25,"y":2},{"x":25,"y":3},{"x":25,"y":4},{"x":24,"y":4},{"x":24,"y":2},{"x":26,"y":1},{"x":27,"y":1},{"x":28,"y":1},{"x":29,"y":1},{"x":29,"y":2},{"x":29,"y":3},{"x":29,"y":4},{"x":28,"y":2},{"x":27,"y":2},{"x":27,"y":3},{"x":27,"y":4},{"x":26,"y":3},{"x":26,"y":4},{"x":26,"y":2},{"x":20,"y":2},{"x":30,"y":1},{"x":31,"y":1},{"x":32,"y":1},{"x":33,"y":1},{"x":33,"y":2},{"x":34,"y":2},{"x":33,"y":3},{"x":32,"y":2},{"x":31,"y":2},{"x":35,"y":2},{"x":35,"y":3},{"x":34,"y":3},{"x":36,"y":3},{"x":37,"y":3},{"x":37,"y":2},{"x":38,"y":3},{"x":38,"y":2},{"x":39,"y":2},{"x":40,"y":2},{"x":40,"y":3},{"x":40,"y":4},{"x":39,"y":3},{"x":39,"y":4},{"x":37,"y":4},{"x":36,"y":4},{"x":34,"y":1},{"x":35,"y":1},{"x":31,"y":0},{"x":32,"y":0},{"x":30,"y":2},{"x":31,"y":3},{"x":32,"y":3},{"x":35,"y":4},{"x":34,"y":4},{"x":33,"y":4},{"x":32,"y":4},{"x":31,"y":4},{"x":30,"y":4},{"x":30,"y":3}],"terrainTextureId":"polygon_terrain_0","polygon":[{"x":3295,"y":1564},{"x":3454,"y":1587},{"x":3639,"y":1556},{"x":3766,"y":1489},{"x":3828,"y":1550},{"x":3788,"y":1695},{"x":3904,"y":1766},{"x":4055,"y":1616},{"x":4220,"y":1534},{"x":4344,"y":1464},{"x":4480,"y":1472},{"x":4629,"y":1389},{"x":4779,"y":1384},{"x":5025,"y":1377},{"x":5103,"y":1566},{"x":5035,"y":1666},{"x":5096,"y":1880},{"x":5096,"y":2101},{"x":4903,"y":1926},{"x":4757,"y":1925},{"x":4615,"y":2050},{"x":4441,"y":1812},{"x":4181,"y":1786},{"x":4065,"y":1881},{"x":3843,"y":2064},{"x":3566,"y":2043},{"x":3367,"y":2058},{"x":3435,"y":1908},{"x":3379,"y":1736},{"x":3260,"y":1626}]},{"usedWorldBlocks":[{"x":0,"y":0},{"x":0,"y":1},{"x":1,"y":1},{"x":2,"y":1},{"x":3,"y":1},{"x":4,"y":1},{"x":4,"y":2},{"x":5,"y":2},{"x":3,"y":2},{"x":2,"y":2},{"x":1,"y":2},{"x":0,"y":2},{"x":6,"y":2},{"x":6,"y":1},{"x":7,"y":1},{"x":7,"y":2},{"x":8,"y":2},{"x":9,"y":2},{"x":8,"y":3},{"x":7,"y":3},{"x":7,"y":4},{"x":6,"y":4},{"x":6,"y":3},{"x":10,"y":2},{"x":11,"y":2},{"x":11,"y":3},{"x":11,"y":4},{"x":10,"y":4},{"x":10,"y":3},{"x":12,"y":2},{"x":12,"y":3},{"x":12,"y":4},{"x":13,"y":2},{"x":14,"y":2},{"x":14,"y":3},{"x":15,"y":3},{"x":14,"y":4},{"x":13,"y":3},{"x":13,"y":4},{"x":16,"y":2},{"x":16,"y":3},{"x":16,"y":4},{"x":15,"y":4},{"x":15,"y":2},{"x":18,"y":3},{"x":19,"y":2},{"x":19,"y":3},{"x":19,"y":4},{"x":18,"y":4},{"x":17,"y":2},{"x":17,"y":1},{"x":18,"y":2},{"x":20,"y":3},{"x":21,"y":3},{"x":21,"y":2},{"x":22,"y":2},{"x":23,"y":2},{"x":24,"y":3},{"x":23,"y":3},{"x":22,"y":3},{"x":22,"y":4},{"x":21,"y":4},{"x":20,"y":4},{"x":24,"y":1},{"x":25,"y":1},{"x":25,"y":2},{"x":25,"y":3},{"x":25,"y":4},{"x":24,"y":4},{"x":24,"y":2},{"x":26,"y":1},{"x":27,"y":1},{"x":28,"y":1},{"x":29,"y":1},{"x":29,"y":2},{"x":29,"y":3},{"x":29,"y":4},{"x":28,"y":2},{"x":27,"y":2},{"x":27,"y":3},{"x":27,"y":4},{"x":26,"y":3},{"x":26,"y":4},{"x":26,"y":2},{"x":20,"y":2},{"x":30,"y":1},{"x":31,"y":1},{"x":32,"y":1},{"x":33,"y":1},{"x":33,"y":2},{"x":34,"y":2},{"x":33,"y":3},{"x":32,"y":2},{"x":31,"y":2},{"x":35,"y":2},{"x":35,"y":3},{"x":34,"y":3},{"x":36,"y":3},{"x":37,"y":3},{"x":37,"y":2},{"x":38,"y":3},{"x":38,"y":2},{"x":39,"y":2},{"x":40,"y":2},{"x":40,"y":3},{"x":40,"y":4},{"x":39,"y":3},{"x":39,"y":4},{"x":37,"y":4},{"x":36,"y":4},{"x":34,"y":1},{"x":35,"y":1},{"x":31,"y":0},{"x":32,"y":0},{"x":30,"y":2},{"x":31,"y":3},{"x":32,"y":3},{"x":35,"y":4},{"x":34,"y":4},{"x":33,"y":4},{"x":32,"y":4},{"x":31,"y":4},{"x":30,"y":4},{"x":30,"y":3}],"terrainTextureId":"polygon_terrain_0","polygon":[{"x":2207,"y":888},{"x":2240,"y":810},{"x":2408,"y":817},{"x":2558,"y":784},{"x":2669,"y":863},{"x":2877,"y":944},{"x":2859,"y":1031},{"x":2709,"y":1028},{"x":2535,"y":981},{"x":2387,"y":1023},{"x":2243,"y":971}]},{"usedWorldBlocks":[{"x":0,"y":0},{"x":0,"y":1},{"x":1,"y":1},{"x":2,"y":1},{"x":3,"y":1},{"x":4,"y":1},{"x":4,"y":2},{"x":5,"y":2},{"x":3,"y":2},{"x":2,"y":2},{"x":1,"y":2},{"x":0,"y":2},{"x":6,"y":2},{"x":6,"y":1},{"x":7,"y":1},{"x":7,"y":2},{"x":8,"y":2},{"x":9,"y":2},{"x":8,"y":3},{"x":7,"y":3},{"x":7,"y":4},{"x":6,"y":4},{"x":6,"y":3},{"x":10,"y":2},{"x":11,"y":2},{"x":11,"y":3},{"x":11,"y":4},{"x":10,"y":4},{"x":10,"y":3},{"x":12,"y":2},{"x":12,"y":3},{"x":12,"y":4},{"x":13,"y":2},{"x":14,"y":2},{"x":14,"y":3},{"x":15,"y":3},{"x":14,"y":4},{"x":13,"y":3},{"x":13,"y":4},{"x":16,"y":2},{"x":16,"y":3},{"x":16,"y":4},{"x":15,"y":4},{"x":15,"y":2},{"x":18,"y":3},{"x":19,"y":2},{"x":19,"y":3},{"x":19,"y":4},{"x":18,"y":4},{"x":17,"y":2},{"x":17,"y":1},{"x":18,"y":2},{"x":20,"y":3},{"x":21,"y":3},{"x":21,"y":2},{"x":22,"y":2},{"x":23,"y":2},{"x":24,"y":3},{"x":23,"y":3},{"x":22,"y":3},{"x":22,"y":4},{"x":21,"y":4},{"x":20,"y":4},{"x":24,"y":1},{"x":25,"y":1},{"x":25,"y":2},{"x":25,"y":3},{"x":25,"y":4},{"x":24,"y":4},{"x":24,"y":2},{"x":26,"y":1},{"x":27,"y":1},{"x":28,"y":1},{"x":29,"y":1},{"x":29,"y":2},{"x":29,"y":3},{"x":29,"y":4},{"x":28,"y":2},{"x":27,"y":2},{"x":27,"y":3},{"x":27,"y":4},{"x":26,"y":3},{"x":26,"y":4},{"x":26,"y":2},{"x":20,"y":2},{"x":30,"y":1},{"x":31,"y":1},{"x":32,"y":1},{"x":33,"y":1},{"x":33,"y":2},{"x":34,"y":2},{"x":33,"y":3},{"x":32,"y":2},{"x":31,"y":2},{"x":35,"y":2},{"x":35,"y":3},{"x":34,"y":3},{"x":36,"y":3},{"x":37,"y":3},{"x":37,"y":2},{"x":38,"y":3},{"x":38,"y":2},{"x":39,"y":2},{"x":40,"y":2},{"x":40,"y":3},{"x":40,"y":4},{"x":39,"y":3},{"x":39,"y":4},{"x":37,"y":4},{"x":36,"y":4},{"x":34,"y":1},{"x":35,"y":1},{"x":31,"y":0},{"x":32,"y":0},{"x":30,"y":2},{"x":31,"y":3},{"x":32,"y":3},{"x":35,"y":4},{"x":34,"y":4},{"x":33,"y":4},{"x":32,"y":4},{"x":31,"y":4},{"x":30,"y":4},{"x":30,"y":3}],"terrainTextureId":"polygon_terrain_0","polygon":[{"x":512,"y":449},{"x":638,"y":392},{"x":848,"y":430},{"x":1019,"y":432},{"x":1177,"y":380},{"x":1413,"y":437},{"x":1437,"y":496},{"x":1355,"y":556},{"x":1165,"y":482},{"x":985,"y":582},{"x":836,"y":519},{"x":698,"y":495},{"x":527,"y":510}]},{"usedWorldBlocks":[{"x":0,"y":0},{"x":0,"y":1},{"x":1,"y":1},{"x":2,"y":1},{"x":3,"y":1},{"x":4,"y":1},{"x":4,"y":2},{"x":5,"y":2},{"x":3,"y":2},{"x":2,"y":2},{"x":1,"y":2},{"x":0,"y":2},{"x":6,"y":2},{"x":6,"y":1},{"x":7,"y":1},{"x":7,"y":2},{"x":8,"y":2},{"x":9,"y":2},{"x":8,"y":3},{"x":7,"y":3},{"x":7,"y":4},{"x":6,"y":4},{"x":6,"y":3},{"x":10,"y":2},{"x":11,"y":2},{"x":11,"y":3},{"x":11,"y":4},{"x":10,"y":4},{"x":10,"y":3},{"x":12,"y":2},{"x":12,"y":3},{"x":12,"y":4},{"x":13,"y":2},{"x":14,"y":2},{"x":14,"y":3},{"x":15,"y":3},{"x":14,"y":4},{"x":13,"y":3},{"x":13,"y":4},{"x":16,"y":2},{"x":16,"y":3},{"x":16,"y":4},{"x":15,"y":4},{"x":15,"y":2},{"x":18,"y":3},{"x":19,"y":2},{"x":19,"y":3},{"x":19,"y":4},{"x":18,"y":4},{"x":17,"y":2},{"x":17,"y":1},{"x":18,"y":2},{"x":20,"y":3},{"x":21,"y":3},{"x":21,"y":2},{"x":22,"y":2},{"x":23,"y":2},{"x":24,"y":3},{"x":23,"y":3},{"x":22,"y":3},{"x":22,"y":4},{"x":21,"y":4},{"x":20,"y":4},{"x":24,"y":1},{"x":25,"y":1},{"x":25,"y":2},{"x":25,"y":3},{"x":25,"y":4},{"x":24,"y":4},{"x":24,"y":2},{"x":26,"y":1},{"x":27,"y":1},{"x":28,"y":1},{"x":29,"y":1},{"x":29,"y":2},{"x":29,"y":3},{"x":29,"y":4},{"x":28,"y":2},{"x":27,"y":2},{"x":27,"y":3},{"x":27,"y":4},{"x":26,"y":3},{"x":26,"y":4},{"x":26,"y":2},{"x":20,"y":2},{"x":30,"y":1},{"x":31,"y":1},{"x":32,"y":1},{"x":33,"y":1},{"x":33,"y":2},{"x":34,"y":2},{"x":33,"y":3},{"x":32,"y":2},{"x":31,"y":2},{"x":35,"y":2},{"x":35,"y":3},{"x":34,"y":3},{"x":36,"y":3},{"x":37,"y":3},{"x":37,"y":2},{"x":38,"y":3},{"x":38,"y":2},{"x":39,"y":2},{"x":40,"y":2},{"x":40,"y":3},{"x":40,"y":4},{"x":39,"y":3},{"x":39,"y":4},{"x":37,"y":4},{"x":36,"y":4},{"x":34,"y":1},{"x":35,"y":1},{"x":31,"y":0},{"x":32,"y":0},{"x":30,"y":2},{"x":31,"y":3},{"x":32,"y":3},{"x":35,"y":4},{"x":34,"y":4},{"x":33,"y":4},{"x":32,"y":4},{"x":31,"y":4},{"x":30,"y":4},{"x":30,"y":3}],"terrainTextureId":"polygon_terrain_0","polygon":[{"x":233,"y":1310},{"x":403,"y":1466},{"x":571,"y":1508},{"x":722,"y":1642},{"x":899,"y":1705},{"x":1047,"y":1722},{"x":1199,"y":1714},{"x":1356,"y":1795},{"x":1519,"y":1739},{"x":1766,"y":1779},{"x":1916,"y":1769},{"x":2091,"y":1811},{"x":2238,"y":1783},{"x":2373,"y":1811},{"x":2522,"y":1790},{"x":2698,"y":1824},{"x":2952,"y":1783},{"x":3073,"y":1676},{"x":3116,"y":1760},{"x":3080,"y":1929},{"x":3173,"y":2073},{"x":3023,"y":2068},{"x":2827,"y":2061},{"x":2718,"y":2048},{"x":2613,"y":2039},{"x":2471,"y":2059},{"x":2368,"y":1950},{"x":2279,"y":1876},{"x":2102,"y":1905},{"x":2131,"y":2056},{"x":1995,"y":1913},{"x":1820,"y":1905},{"x":1742,"y":2060},{"x":1599,"y":2046},{"x":1517,"y":1921},{"x":1351,"y":1929},{"x":1250,"y":2059},{"x":1178,"y":2068},{"x":1029,"y":2064},{"x":797,"y":2058},{"x":568,"y":2066},{"x":368,"y":2036},{"x":373,"y":1886},{"x":380,"y":1729},{"x":276,"y":1619},{"x":253,"y":1475},{"x":173,"y":1332}]}]]],"worldId":0,"polygonBackgroundData":[[[{"usedWorldBlocks":[{"x":0,"y":1},{"x":0,"y":0},{"x":0,"y":2},{"x":1,"y":2},{"x":2,"y":2},{"x":3,"y":2},{"x":4,"y":2},{"x":16,"y":2},{"x":17,"y":2},{"x":18,"y":2},{"x":18,"y":3},{"x":18,"y":4},{"x":17,"y":4},{"x":17,"y":3},{"x":16,"y":4},{"x":16,"y":3},{"x":19,"y":2},{"x":19,"y":3},{"x":20,"y":2},{"x":21,"y":2},{"x":21,"y":3},{"x":20,"y":3},{"x":34,"y":1},{"x":35,"y":1},{"x":35,"y":2},{"x":34,"y":2},{"x":31,"y":1},{"x":31,"y":0},{"x":32,"y":0},{"x":32,"y":1},{"x":33,"y":1},{"x":31,"y":2},{"x":30,"y":1},{"x":32,"y":2},{"x":33,"y":2},{"x":33,"y":3},{"x":32,"y":3},{"x":31,"y":3},{"x":30,"y":2},{"x":35,"y":3},{"x":36,"y":3},{"x":34,"y":3}],"terrainTextureId":"polygon_terrain_dark_0","polygon":[{"x":99,"y":523},{"x":248,"y":506},{"x":405,"y":489},{"x":438,"y":597},{"x":413,"y":801},{"x":469,"y":1015},{"x":264,"y":1030},{"x":78,"y":940},{"x":99,"y":673}]},{"usedWorldBlocks":[{"x":0,"y":1},{"x":0,"y":0},{"x":0,"y":2},{"x":1,"y":2},{"x":2,"y":2},{"x":3,"y":2},{"x":4,"y":2},{"x":16,"y":2},{"x":17,"y":2},{"x":18,"y":2},{"x":18,"y":3},{"x":18,"y":4},{"x":17,"y":4},{"x":17,"y":3},{"x":16,"y":4},{"x":16,"y":3},{"x":19,"y":2},{"x":19,"y":3},{"x":20,"y":2},{"x":21,"y":2},{"x":21,"y":3},{"x":20,"y":3},{"x":34,"y":1},{"x":35,"y":1},{"x":35,"y":2},{"x":34,"y":2},{"x":31,"y":1},{"x":31,"y":0},{"x":32,"y":0},{"x":32,"y":1},{"x":33,"y":1},{"x":31,"y":2},{"x":30,"y":1},{"x":32,"y":2},{"x":33,"y":2},{"x":33,"y":3},{"x":32,"y":3},{"x":31,"y":3},{"x":30,"y":2},{"x":35,"y":3},{"x":36,"y":3},{"x":34,"y":3}],"terrainTextureId":"polygon_terrain_dark_0","polygon":[{"x":601,"y":1059},{"x":750,"y":1059},{"x":900,"y":1059},{"x":1112,"y":1060},{"x":1077,"y":1161},{"x":1160,"y":1329},{"x":1101,"y":1367},{"x":842,"y":1278},{"x":696,"y":1315},{"x":487,"y":1368},{"x":549,"y":1199}]},{"usedWorldBlocks":[{"x":0,"y":1},{"x":0,"y":0},{"x":0,"y":2},{"x":1,"y":2},{"x":2,"y":2},{"x":3,"y":2},{"x":4,"y":2},{"x":16,"y":2},{"x":17,"y":2},{"x":18,"y":2},{"x":18,"y":3},{"x":18,"y":4},{"x":17,"y":4},{"x":17,"y":3},{"x":16,"y":4},{"x":16,"y":3},{"x":19,"y":2},{"x":19,"y":3},{"x":20,"y":2},{"x":21,"y":2},{"x":21,"y":3},{"x":20,"y":3},{"x":34,"y":1},{"x":35,"y":1},{"x":35,"y":2},{"x":34,"y":2},{"x":31,"y":1},{"x":31,"y":0},{"x":32,"y":0},{"x":32,"y":1},{"x":33,"y":1},{"x":31,"y":2},{"x":30,"y":1},{"x":32,"y":2},{"x":33,"y":2},{"x":33,"y":3},{"x":32,"y":3},{"x":31,"y":3},{"x":30,"y":2},{"x":35,"y":3},{"x":36,"y":3},{"x":34,"y":3}],"terrainTextureId":"polygon_terrain_dark_0","polygon":[{"x":1263,"y":1283},{"x":1316,"y":1134},{"x":1532,"y":1056},{"x":1777,"y":1058},{"x":1825,"y":1135},{"x":1938,"y":1080},{"x":2062,"y":1152},{"x":2208,"y":1328},{"x":2041,"y":1269},{"x":1919,"y":1281},{"x":1702,"y":1220},{"x":1521,"y":1238},{"x":1416,"y":1347},{"x":1268,"y":1448},{"x":1263,"y":1433}]}]],[[{"usedWorldBlocks":[{"x":0,"y":1},{"x":0,"y":0},{"x":0,"y":2},{"x":1,"y":2},{"x":2,"y":2},{"x":3,"y":2},{"x":4,"y":2},{"x":16,"y":2},{"x":17,"y":2},{"x":18,"y":2},{"x":18,"y":3},{"x":18,"y":4},{"x":17,"y":4},{"x":17,"y":3},{"x":16,"y":4},{"x":16,"y":3},{"x":19,"y":2},{"x":19,"y":3},{"x":20,"y":2},{"x":21,"y":2},{"x":21,"y":3},{"x":20,"y":3},{"x":34,"y":1},{"x":35,"y":1},{"x":35,"y":2},{"x":34,"y":2},{"x":31,"y":1},{"x":31,"y":0},{"x":32,"y":0},{"x":32,"y":1},{"x":33,"y":1},{"x":31,"y":2},{"x":30,"y":1},{"x":32,"y":2},{"x":33,"y":2},{"x":33,"y":3},{"x":32,"y":3},{"x":31,"y":3},{"x":30,"y":2},{"x":35,"y":3},{"x":36,"y":3},{"x":34,"y":3}],"terrainTextureId":"polygon_terrain_dark_0","polygon":[{"x":3399,"y":1185},{"x":3543,"y":1143},{"x":3678,"y":1148},{"x":3873,"y":1049},{"x":4030,"y":1197},{"x":4219,"y":1140},{"x":4342,"y":1158},{"x":4364,"y":1336},{"x":4496,"y":1567},{"x":4313,"y":1675},{"x":4420,"y":1819},{"x":4471,"y":2048},{"x":4314,"y":2053},{"x":4164,"y":2048},{"x":3922,"y":2033},{"x":4003,"y":1840},{"x":3855,"y":1739},{"x":3688,"y":1719},{"x":3588,"y":1868},{"x":3647,"y":2037},{"x":3497,"y":2043},{"x":3322,"y":2050},{"x":3187,"y":1861},{"x":3335,"y":1668},{"x":3191,"y":1588},{"x":3227,"y":1330}]},{"usedWorldBlocks":[{"x":0,"y":1},{"x":0,"y":0},{"x":0,"y":2},{"x":1,"y":2},{"x":2,"y":2},{"x":3,"y":2},{"x":4,"y":2},{"x":16,"y":2},{"x":17,"y":2},{"x":18,"y":2},{"x":18,"y":3},{"x":18,"y":4},{"x":17,"y":4},{"x":17,"y":3},{"x":16,"y":4},{"x":16,"y":3},{"x":19,"y":2},{"x":19,"y":3},{"x":20,"y":2},{"x":21,"y":2},{"x":21,"y":3},{"x":20,"y":3},{"x":34,"y":1},{"x":35,"y":1},{"x":35,"y":2},{"x":34,"y":2},{"x":31,"y":1},{"x":31,"y":0},{"x":32,"y":0},{"x":32,"y":1},{"x":33,"y":1},{"x":31,"y":2},{"x":30,"y":1},{"x":32,"y":2},{"x":33,"y":2},{"x":33,"y":3},{"x":32,"y":3},{"x":31,"y":3},{"x":30,"y":2},{"x":35,"y":3},{"x":36,"y":3},{"x":34,"y":3}],"terrainTextureId":"polygon_terrain_dark_0","polygon":[{"x":4735,"y":1195},{"x":4956,"y":1192},{"x":4864,"y":1367},{"x":4885,"y":1587},{"x":4670,"y":1510},{"x":4736,"y":1352}]}]],[[{"usedWorldBlocks":[{"x":0,"y":1},{"x":0,"y":0},{"x":0,"y":2},{"x":1,"y":2},{"x":2,"y":2},{"x":3,"y":2},{"x":4,"y":2},{"x":16,"y":2},{"x":17,"y":2},{"x":18,"y":2},{"x":18,"y":3},{"x":18,"y":4},{"x":17,"y":4},{"x":17,"y":3},{"x":16,"y":4},{"x":16,"y":3},{"x":19,"y":2},{"x":19,"y":3},{"x":20,"y":2},{"x":21,"y":2},{"x":21,"y":3},{"x":20,"y":3},{"x":34,"y":1},{"x":35,"y":1},{"x":35,"y":2},{"x":34,"y":2},{"x":31,"y":1},{"x":31,"y":0},{"x":32,"y":0},{"x":32,"y":1},{"x":33,"y":1},{"x":31,"y":2},{"x":30,"y":1},{"x":32,"y":2},{"x":33,"y":2},{"x":33,"y":3},{"x":32,"y":3},{"x":31,"y":3},{"x":30,"y":2},{"x":35,"y":3},{"x":36,"y":3},{"x":34,"y":3}],"terrainTextureId":"polygon_terrain_dark_0","polygon":[{"x":305,"y":1174},{"x":455,"y":1174},{"x":603,"y":1159},{"x":572,"y":1261},{"x":625,"y":1421},{"x":780,"y":1614},{"x":636,"y":1656},{"x":493,"y":1701},{"x":341,"y":1749},{"x":387,"y":1576},{"x":315,"y":1322}]}]],[[{"usedWorldBlocks":[{"x":0,"y":1},{"x":0,"y":0},{"x":0,"y":2},{"x":1,"y":2},{"x":2,"y":2},{"x":3,"y":2},{"x":4,"y":2},{"x":16,"y":2},{"x":17,"y":2},{"x":18,"y":2},{"x":18,"y":3},{"x":18,"y":4},{"x":17,"y":4},{"x":17,"y":3},{"x":16,"y":4},{"x":16,"y":3},{"x":19,"y":2},{"x":19,"y":3},{"x":20,"y":2},{"x":21,"y":2},{"x":21,"y":3},{"x":20,"y":3},{"x":34,"y":1},{"x":35,"y":1},{"x":35,"y":2},{"x":34,"y":2},{"x":31,"y":1},{"x":31,"y":0},{"x":32,"y":0},{"x":32,"y":1},{"x":33,"y":1},{"x":31,"y":2},{"x":30,"y":1},{"x":32,"y":2},{"x":33,"y":2},{"x":33,"y":3},{"x":32,"y":3},{"x":31,"y":3},{"x":30,"y":2},{"x":35,"y":3},{"x":36,"y":3},{"x":34,"y":3}],"terrainTextureId":"polygon_terrain_dark_0","polygon":[{"x":2244,"y":957},{"x":2394,"y":957},{"x":2607,"y":947},{"x":2851,"y":1008},{"x":2826,"y":1202},{"x":2859,"y":1435},{"x":2754,"y":1398},{"x":2605,"y":1403},{"x":2377,"y":1464},{"x":2388,"y":1279},{"x":2326,"y":1094}]},{"usedWorldBlocks":[{"x":0,"y":1},{"x":0,"y":0},{"x":0,"y":2},{"x":1,"y":2},{"x":2,"y":2},{"x":3,"y":2},{"x":4,"y":2},{"x":16,"y":2},{"x":17,"y":2},{"x":18,"y":2},{"x":18,"y":3},{"x":18,"y":4},{"x":17,"y":4},{"x":17,"y":3},{"x":16,"y":4},{"x":16,"y":3},{"x":19,"y":2},{"x":19,"y":3},{"x":20,"y":2},{"x":21,"y":2},{"x":21,"y":3},{"x":20,"y":3},{"x":34,"y":1},{"x":35,"y":1},{"x":35,"y":2},{"x":34,"y":2},{"x":31,"y":1},{"x":31,"y":0},{"x":32,"y":0},{"x":32,"y":1},{"x":33,"y":1},{"x":31,"y":2},{"x":30,"y":1},{"x":32,"y":2},{"x":33,"y":2},{"x":33,"y":3},{"x":32,"y":3},{"x":31,"y":3},{"x":30,"y":2},{"x":35,"y":3},{"x":36,"y":3},{"x":34,"y":3}],"terrainTextureId":"polygon_terrain_dark_0","polygon":[{"x":533,"y":501},{"x":689,"y":469},{"x":889,"y":501},{"x":1122,"y":451},{"x":1245,"y":456},{"x":1396,"y":482},{"x":1409,"y":616},{"x":1482,"y":771},{"x":1502,"y":959},{"x":1395,"y":990},{"x":1302,"y":937},{"x":1150,"y":952},{"x":904,"y":1011},{"x":768,"y":947},{"x":561,"y":851},{"x":614,"y":660}]},{"usedWorldBlocks":[{"x":0,"y":1},{"x":0,"y":0},{"x":0,"y":2},{"x":1,"y":2},{"x":2,"y":2},{"x":3,"y":2},{"x":4,"y":2},{"x":16,"y":2},{"x":17,"y":2},{"x":18,"y":2},{"x":18,"y":3},{"x":18,"y":4},{"x":17,"y":4},{"x":17,"y":3},{"x":16,"y":4},{"x":16,"y":3},{"x":19,"y":2},{"x":19,"y":3},{"x":20,"y":2},{"x":21,"y":2},{"x":21,"y":3},{"x":20,"y":3},{"x":34,"y":1},{"x":35,"y":1},{"x":35,"y":2},{"x":34,"y":2},{"x":31,"y":1},{"x":31,"y":0},{"x":32,"y":0},{"x":32,"y":1},{"x":33,"y":1},{"x":31,"y":2},{"x":30,"y":1},{"x":32,"y":2},{"x":33,"y":2},{"x":33,"y":3},{"x":32,"y":3},{"x":31,"y":3},{"x":30,"y":2},{"x":35,"y":3},{"x":36,"y":3},{"x":34,"y":3}],"terrainTextureId":"polygon_terrain_dark_0","polygon":[{"x":498,"y":897},{"x":644,"y":923},{"x":783,"y":1131},{"x":866,"y":1312},{"x":904,"y":1339},{"x":1004,"y":1268},{"x":1204,"y":1254},{"x":1337,"y":1341},{"x":1499,"y":1302},{"x":1648,"y":1476},{"x":1797,"y":1440},{"x":1963,"y":1402},{"x":1889,"y":1560},{"x":1928,"y":1829},{"x":1705,"y":1822},{"x":1484,"y":1834},{"x":1278,"y":1817},{"x":1044,"y":1749},{"x":895,"y":1726},{"x":747,"y":1703},{"x":527,"y":1548},{"x":337,"y":1487},{"x":241,"y":1344},{"x":359,"y":1239},{"x":506,"y":1030}]},{"usedWorldBlocks":[{"x":0,"y":1},{"x":0,"y":0},{"x":0,"y":2},{"x":1,"y":2},{"x":2,"y":2},{"x":3,"y":2},{"x":4,"y":2},{"x":16,"y":2},{"x":17,"y":2},{"x":18,"y":2},{"x":18,"y":3},{"x":18,"y":4},{"x":17,"y":4},{"x":17,"y":3},{"x":16,"y":4},{"x":16,"y":3},{"x":19,"y":2},{"x":19,"y":3},{"x":20,"y":2},{"x":21,"y":2},{"x":21,"y":3},{"x":20,"y":3},{"x":34,"y":1},{"x":35,"y":1},{"x":35,"y":2},{"x":34,"y":2},{"x":31,"y":1},{"x":31,"y":0},{"x":32,"y":0},{"x":32,"y":1},{"x":33,"y":1},{"x":31,"y":2},{"x":30,"y":1},{"x":32,"y":2},{"x":33,"y":2},{"x":33,"y":3},{"x":32,"y":3},{"x":31,"y":3},{"x":30,"y":2},{"x":35,"y":3},{"x":36,"y":3},{"x":34,"y":3}],"terrainTextureId":"polygon_terrain_dark_0","polygon":[{"x":2365,"y":1495},{"x":2515,"y":1495},{"x":2675,"y":1442},{"x":2880,"y":1554},{"x":2880,"y":1654},{"x":3014,"y":1825},{"x":2751,"y":1850},{"x":2601,"y":1849},{"x":2348,"y":1849},{"x":2383,"y":1650}]}]]],"libraryElements":null,"staticElementData":[{"position":{"x":1465,"y":894},"scaleX":1,"elementId":"table_direction","rotation":0,"scaleY":1},{"position":{"x":2538,"y":1017},"scaleX":0.99,"elementId":"table_warning","rotation":-10.7,"scaleY":0.99},{"position":{"x":2859,"y":1204},"scaleX":0.99,"elementId":"table_danger","rotation":-60.18616159906301,"scaleY":0.99},{"position":{"x":3609,"y":851},"scaleX":1,"elementId":"table_direction","rotation":0,"scaleY":1},{"position":{"x":5515,"y":1014},"scaleX":1,"elementId":"table_warning","rotation":0,"scaleY":1},{"position":{"x":5584,"y":1440},"scaleX":0.99,"elementId":"table_danger","rotation":27.61,"scaleY":0.99},{"position":{"x":6496,"y":1536},"scaleX":0.99,"elementId":"table_danger","rotation":-33.85,"scaleY":0.99},{"position":{"x":6205,"y":1279},"scaleX":1,"elementId":"table_direction","rotation":0,"scaleY":1},{"position":{"x":8694,"y":1040},"scaleX":0.98,"elementId":"table_direction","rotation":-18.068200015526436,"scaleY":0.98},{"position":{"x":10577,"y":1051},"scaleX":1,"elementId":"table_warning","rotation":0,"scaleY":1},{"position":{"x":9772,"y":1418},"scaleX":0.99,"elementId":"table_direction","rotation":5.279147733514775,"scaleY":0.99},{"position":{"x":10136,"y":1635},"scaleX":1,"elementId":"table_direction","rotation":0,"scaleY":1},{"position":{"x":9787,"y":1849},"scaleX":1,"elementId":"table_danger","rotation":20.62,"scaleY":1},{"position":{"x":12825,"y":544},"scaleX":0.99,"elementId":"table_warning","rotation":9.47,"scaleY":0.99},{"position":{"x":13304,"y":781},"scaleX":1,"elementId":"table_direction","rotation":-7.85,"scaleY":1},{"position":{"x":13265,"y":1174},"scaleX":0.99,"elementId":"table_danger","rotation":-30.3,"scaleY":0.99},{"position":{"x":15514,"y":760},"scaleX":1,"elementId":"table_direction","rotation":5.53,"scaleY":1},{"position":{"x":15211,"y":1230},"scaleX":0.99,"elementId":"table_direction","rotation":8.35,"scaleY":0.99},{"position":{"x":14833,"y":682},"scaleX":1,"elementId":"table_warning","rotation":-20.98,"scaleY":1},{"position":{"x":16388,"y":346},"scaleX":0.99,"elementId":"table_direction","rotation":10.05,"scaleY":0.99},{"position":{"x":14890,"y":1350},"scaleX":1,"elementId":"table_danger","rotation":36.46,"scaleY":1},{"position":{"x":17259,"y":740},"scaleX":1,"elementId":"table_direction","rotation":0,"scaleY":1},{"position":{"x":16675,"y":728},"scaleX":1,"elementId":"table_warning","rotation":0,"scaleY":1},{"position":{"x":17547,"y":1241},"scaleX":1,"elementId":"table_direction","rotation":0,"scaleY":1},{"position":{"x":17852,"y":1714},"scaleX":1,"elementId":"table_warning","rotation":0,"scaleY":1},{"position":{"x":18138,"y":1893},"scaleX":1,"elementId":"table_danger","rotation":35.74,"scaleY":1},{"position":{"x":18629,"y":1461},"scaleX":1,"elementId":"table_direction","rotation":-16.08,"scaleY":1},{"position":{"x":17861,"y":849},"scaleX":1,"elementId":"table_warning","rotation":22.03,"scaleY":1}],"enemyPathData":null,"levelId":0}