{"startPoint":{"x":927,"y":1008},"finishPoint":{"x":19398,"y":616},"collectableItems":[{"x":1624,"y":993},{"x":1677,"y":947},{"x":1730,"y":899},{"x":1775,"y":842},{"x":1827,"y":787},{"x":2873,"y":904},{"x":2938,"y":897},{"x":3006,"y":911},{"x":6848,"y":339},{"x":6952,"y":338},{"x":7059,"y":365},{"x":7163,"y":426},{"x":7254,"y":510},{"x":10912,"y":242},{"x":10996,"y":234},{"x":11082,"y":227},{"x":12674,"y":550},{"x":12762,"y":587},{"x":12940,"y":687},{"x":12848,"y":632},{"x":13038,"y":750},{"x":15365,"y":828},{"x":15297,"y":781},{"x":15297,"y":828},{"x":15297,"y":878},{"x":15365,"y":780},{"x":15365,"y":878},{"x":18335,"y":463},{"x":18336,"y":515},{"x":18396,"y":514},{"x":18395,"y":461},{"x":18453,"y":461},{"x":18455,"y":513},{"x":18934,"y":545},{"x":19004,"y":533},{"x":19077,"y":544}],"cameraBounds":{"x":0,"y":0,"width":20000,"height":1331,"left":0,"bottom":1331,"right":20000,"top":0,"topLeft":{"x":0,"y":0,"length":0},"size":{"x":20000,"y":1331,"length":20044.240095349087},"bottomRight":{"x":20000,"y":1331,"length":20044.240095349087}},"dynamicElementData":null,"bridgePoints":[{"bridgeAY":1059,"bridgeBX":3801,"bridgeAX":3400,"bridgeBY":932},{"bridgeAY":840,"bridgeBX":7219,"bridgeAX":6636,"bridgeBY":698},{"bridgeAY":422,"bridgeBX":10774,"bridgeAX":9936,"bridgeBY":344},{"bridgeAY":370,"bridgeBX":11749,"bridgeAX":11328,"bridgeBY":343},{"bridgeAY":905,"bridgeBX":5068,"bridgeAX":4779,"bridgeBY":821},{"bridgeAY":1081,"bridgeBX":16358,"bridgeAX":16061,"bridgeBY":925}],"starValues":[21200,22200,23200],"polygonGroundData":[[[{"usedWorldBlocks":[{"x":1,"y":2},{"x":2,"y":2},{"x":3,"y":2},{"x":3,"y":1},{"x":4,"y":1},{"x":4,"y":2},{"x":5,"y":2},{"x":0,"y":2},{"x":0,"y":1},{"x":0,"y":0},{"x":6,"y":2},{"x":7,"y":1},{"x":8,"y":1},{"x":8,"y":2},{"x":9,"y":1},{"x":9,"y":2},{"x":7,"y":2},{"x":10,"y":2},{"x":10,"y":1},{"x":11,"y":2},{"x":12,"y":2},{"x":12,"y":1},{"x":13,"y":1},{"x":13,"y":2},{"x":11,"y":1},{"x":12,"y":0},{"x":13,"y":0},{"x":14,"y":1},{"x":15,"y":1},{"x":15,"y":2},{"x":14,"y":2},{"x":16,"y":1},{"x":16,"y":2},{"x":17,"y":1},{"x":18,"y":1},{"x":19,"y":1},{"x":19,"y":0},{"x":19,"y":2},{"x":18,"y":2},{"x":17,"y":2},{"x":21,"y":0},{"x":22,"y":0},{"x":22,"y":1},{"x":23,"y":1},{"x":23,"y":2},{"x":22,"y":2},{"x":21,"y":1},{"x":23,"y":0},{"x":24,"y":0},{"x":25,"y":1},{"x":26,"y":1},{"x":26,"y":2},{"x":27,"y":2},{"x":27,"y":1},{"x":28,"y":1},{"x":29,"y":1},{"x":29,"y":2},{"x":28,"y":2},{"x":25,"y":2},{"x":24,"y":2},{"x":24,"y":1},{"x":25,"y":0},{"x":26,"y":0},{"x":30,"y":2},{"x":31,"y":2},{"x":32,"y":2},{"x":30,"y":1},{"x":31,"y":1},{"x":31,"y":0},{"x":33,"y":1},{"x":34,"y":1},{"x":35,"y":1},{"x":36,"y":1},{"x":37,"y":1},{"x":37,"y":2},{"x":36,"y":2},{"x":35,"y":2},{"x":34,"y":2},{"x":33,"y":2},{"x":32,"y":1},{"x":38,"y":1},{"x":39,"y":1},{"x":40,"y":1},{"x":40,"y":2},{"x":39,"y":2}],"terrainTextureId":"polygon_terrain_0","polygon":[{"x":505,"y":1085},{"x":758,"y":1085},{"x":983,"y":1082},{"x":1188,"y":1081},{"x":1293,"y":1130},{"x":1453,"y":1133},{"x":1653,"y":1069},{"x":1793,"y":950},{"x":1862,"y":857},{"x":1992,"y":826},{"x":2090,"y":956},{"x":2227,"y":1013},{"x":2342,"y":1114},{"x":2496,"y":1145},{"x":2636,"y":1091},{"x":2803,"y":1026},{"x":2864,"y":1094},{"x":2835,"y":1364},{"x":2569,"y":1358},{"x":2327,"y":1380},{"x":2211,"y":1363},{"x":2056,"y":1362},{"x":1852,"y":1394},{"x":1679,"y":1267},{"x":1528,"y":1235},{"x":1407,"y":1381},{"x":1130,"y":1433},{"x":945,"y":1436},{"x":797,"y":1408},{"x":501,"y":1384},{"x":386,"y":1356},{"x":215,"y":1407},{"x":29,"y":1428},{"x":38,"y":1178},{"x":26,"y":1036},{"x":28,"y":886},{"x":32,"y":736},{"x":43,"y":586},{"x":53,"y":436},{"x":65,"y":276},{"x":208,"y":319},{"x":398,"y":376},{"x":402,"y":524},{"x":267,"y":664},{"x":127,"y":896},{"x":126,"y":1069},{"x":348,"y":1084}]},{"usedWorldBlocks":[{"x":1,"y":2},{"x":2,"y":2},{"x":3,"y":2},{"x":3,"y":1},{"x":4,"y":1},{"x":4,"y":2},{"x":5,"y":2},{"x":0,"y":2},{"x":0,"y":1},{"x":0,"y":0},{"x":6,"y":2},{"x":7,"y":1},{"x":8,"y":1},{"x":8,"y":2},{"x":9,"y":1},{"x":9,"y":2},{"x":7,"y":2},{"x":10,"y":2},{"x":10,"y":1},{"x":11,"y":2},{"x":12,"y":2},{"x":12,"y":1},{"x":13,"y":1},{"x":13,"y":2},{"x":11,"y":1},{"x":12,"y":0},{"x":13,"y":0},{"x":14,"y":1},{"x":15,"y":1},{"x":15,"y":2},{"x":14,"y":2},{"x":16,"y":1},{"x":16,"y":2},{"x":17,"y":1},{"x":18,"y":1},{"x":19,"y":1},{"x":19,"y":0},{"x":19,"y":2},{"x":18,"y":2},{"x":17,"y":2},{"x":21,"y":0},{"x":22,"y":0},{"x":22,"y":1},{"x":23,"y":1},{"x":23,"y":2},{"x":22,"y":2},{"x":21,"y":1},{"x":23,"y":0},{"x":24,"y":0},{"x":25,"y":1},{"x":26,"y":1},{"x":26,"y":2},{"x":27,"y":2},{"x":27,"y":1},{"x":28,"y":1},{"x":29,"y":1},{"x":29,"y":2},{"x":28,"y":2},{"x":25,"y":2},{"x":24,"y":2},{"x":24,"y":1},{"x":25,"y":0},{"x":26,"y":0},{"x":30,"y":2},{"x":31,"y":2},{"x":32,"y":2},{"x":30,"y":1},{"x":31,"y":1},{"x":31,"y":0},{"x":33,"y":1},{"x":34,"y":1},{"x":35,"y":1},{"x":36,"y":1},{"x":37,"y":1},{"x":37,"y":2},{"x":36,"y":2},{"x":35,"y":2},{"x":34,"y":2},{"x":33,"y":2},{"x":32,"y":1},{"x":38,"y":1},{"x":39,"y":1},{"x":40,"y":1},{"x":40,"y":2},{"x":39,"y":2}],"terrainTextureId":"polygon_terrain_0","polygon":[{"x":3060,"y":1084},{"x":3230,"y":1043},{"x":3387,"y":1062},{"x":3296,"y":1258},{"x":3350,"y":1381},{"x":3089,"y":1411},{"x":3144,"y":1219}]},{"usedWorldBlocks":[{"x":1,"y":2},{"x":2,"y":2},{"x":3,"y":2},{"x":3,"y":1},{"x":4,"y":1},{"x":4,"y":2},{"x":5,"y":2},{"x":0,"y":2},{"x":0,"y":1},{"x":0,"y":0},{"x":6,"y":2},{"x":7,"y":1},{"x":8,"y":1},{"x":8,"y":2},{"x":9,"y":1},{"x":9,"y":2},{"x":7,"y":2},{"x":10,"y":2},{"x":10,"y":1},{"x":11,"y":2},{"x":12,"y":2},{"x":12,"y":1},{"x":13,"y":1},{"x":13,"y":2},{"x":11,"y":1},{"x":12,"y":0},{"x":13,"y":0},{"x":14,"y":1},{"x":15,"y":1},{"x":15,"y":2},{"x":14,"y":2},{"x":16,"y":1},{"x":16,"y":2},{"x":17,"y":1},{"x":18,"y":1},{"x":19,"y":1},{"x":19,"y":0},{"x":19,"y":2},{"x":18,"y":2},{"x":17,"y":2},{"x":21,"y":0},{"x":22,"y":0},{"x":22,"y":1},{"x":23,"y":1},{"x":23,"y":2},{"x":22,"y":2},{"x":21,"y":1},{"x":23,"y":0},{"x":24,"y":0},{"x":25,"y":1},{"x":26,"y":1},{"x":26,"y":2},{"x":27,"y":2},{"x":27,"y":1},{"x":28,"y":1},{"x":29,"y":1},{"x":29,"y":2},{"x":28,"y":2},{"x":25,"y":2},{"x":24,"y":2},{"x":24,"y":1},{"x":25,"y":0},{"x":26,"y":0},{"x":30,"y":2},{"x":31,"y":2},{"x":32,"y":2},{"x":30,"y":1},{"x":31,"y":1},{"x":31,"y":0},{"x":33,"y":1},{"x":34,"y":1},{"x":35,"y":1},{"x":36,"y":1},{"x":37,"y":1},{"x":37,"y":2},{"x":36,"y":2},{"x":35,"y":2},{"x":34,"y":2},{"x":33,"y":2},{"x":32,"y":1},{"x":38,"y":1},{"x":39,"y":1},{"x":40,"y":1},{"x":40,"y":2},{"x":39,"y":2}],"terrainTextureId":"polygon_terrain_0","polygon":[{"x":3847,"y":904},{"x":4024,"y":933},{"x":4119,"y":1002},{"x":4280,"y":1006},{"x":4412,"y":1017},{"x":4566,"y":960},{"x":4706,"y":905},{"x":4784,"y":914},{"x":4802,"y":982},{"x":4743,"y":1123},{"x":4580,"y":1092},{"x":4350,"y":1112},{"x":4174,"y":1050},{"x":3997,"y":1054},{"x":3914,"y":1138},{"x":3814,"y":1105},{"x":3812,"y":946}]}]],[[{"usedWorldBlocks":[{"x":1,"y":2},{"x":2,"y":2},{"x":3,"y":2},{"x":3,"y":1},{"x":4,"y":1},{"x":4,"y":2},{"x":5,"y":2},{"x":0,"y":2},{"x":0,"y":1},{"x":0,"y":0},{"x":6,"y":2},{"x":7,"y":1},{"x":8,"y":1},{"x":8,"y":2},{"x":9,"y":1},{"x":9,"y":2},{"x":7,"y":2},{"x":10,"y":2},{"x":10,"y":1},{"x":11,"y":2},{"x":12,"y":2},{"x":12,"y":1},{"x":13,"y":1},{"x":13,"y":2},{"x":11,"y":1},{"x":12,"y":0},{"x":13,"y":0},{"x":14,"y":1},{"x":15,"y":1},{"x":15,"y":2},{"x":14,"y":2},{"x":16,"y":1},{"x":16,"y":2},{"x":17,"y":1},{"x":18,"y":1},{"x":19,"y":1},{"x":19,"y":0},{"x":19,"y":2},{"x":18,"y":2},{"x":17,"y":2},{"x":21,"y":0},{"x":22,"y":0},{"x":22,"y":1},{"x":23,"y":1},{"x":23,"y":2},{"x":22,"y":2},{"x":21,"y":1},{"x":23,"y":0},{"x":24,"y":0},{"x":25,"y":1},{"x":26,"y":1},{"x":26,"y":2},{"x":27,"y":2},{"x":27,"y":1},{"x":28,"y":1},{"x":29,"y":1},{"x":29,"y":2},{"x":28,"y":2},{"x":25,"y":2},{"x":24,"y":2},{"x":24,"y":1},{"x":25,"y":0},{"x":26,"y":0},{"x":30,"y":2},{"x":31,"y":2},{"x":32,"y":2},{"x":30,"y":1},{"x":31,"y":1},{"x":31,"y":0},{"x":33,"y":1},{"x":34,"y":1},{"x":35,"y":1},{"x":36,"y":1},{"x":37,"y":1},{"x":37,"y":2},{"x":36,"y":2},{"x":35,"y":2},{"x":34,"y":2},{"x":33,"y":2},{"x":32,"y":1},{"x":38,"y":1},{"x":39,"y":1},{"x":40,"y":1},{"x":40,"y":2},{"x":39,"y":2}],"terrainTextureId":"polygon_terrain_0","polygon":[{"x":91,"y":1357},{"x":57,"y":1153},{"x":103,"y":976},{"x":62,"y":839},{"x":108,"y":806},{"x":326,"y":716},{"x":364,"y":807},{"x":455,"y":986},{"x":592,"y":1108},{"x":777,"y":1128},{"x":925,"y":1085},{"x":1090,"y":1087},{"x":1258,"y":975},{"x":1443,"y":935},{"x":1600,"y":841},{"x":1636,"y":888},{"x":1540,"y":1141},{"x":1510,"y":1357},{"x":1336,"y":1364},{"x":1148,"y":1383},{"x":998,"y":1384},{"x":826,"y":1386},{"x":598,"y":1373},{"x":362,"y":1389}]},{"usedWorldBlocks":[{"x":1,"y":2},{"x":2,"y":2},{"x":3,"y":2},{"x":3,"y":1},{"x":4,"y":1},{"x":4,"y":2},{"x":5,"y":2},{"x":0,"y":2},{"x":0,"y":1},{"x":0,"y":0},{"x":6,"y":2},{"x":7,"y":1},{"x":8,"y":1},{"x":8,"y":2},{"x":9,"y":1},{"x":9,"y":2},{"x":7,"y":2},{"x":10,"y":2},{"x":10,"y":1},{"x":11,"y":2},{"x":12,"y":2},{"x":12,"y":1},{"x":13,"y":1},{"x":13,"y":2},{"x":11,"y":1},{"x":12,"y":0},{"x":13,"y":0},{"x":14,"y":1},{"x":15,"y":1},{"x":15,"y":2},{"x":14,"y":2},{"x":16,"y":1},{"x":16,"y":2},{"x":17,"y":1},{"x":18,"y":1},{"x":19,"y":1},{"x":19,"y":0},{"x":19,"y":2},{"x":18,"y":2},{"x":17,"y":2},{"x":21,"y":0},{"x":22,"y":0},{"x":22,"y":1},{"x":23,"y":1},{"x":23,"y":2},{"x":22,"y":2},{"x":21,"y":1},{"x":23,"y":0},{"x":24,"y":0},{"x":25,"y":1},{"x":26,"y":1},{"x":26,"y":2},{"x":27,"y":2},{"x":27,"y":1},{"x":28,"y":1},{"x":29,"y":1},{"x":29,"y":2},{"x":28,"y":2},{"x":25,"y":2},{"x":24,"y":2},{"x":24,"y":1},{"x":25,"y":0},{"x":26,"y":0},{"x":30,"y":2},{"x":31,"y":2},{"x":32,"y":2},{"x":30,"y":1},{"x":31,"y":1},{"x":31,"y":0},{"x":33,"y":1},{"x":34,"y":1},{"x":35,"y":1},{"x":36,"y":1},{"x":37,"y":1},{"x":37,"y":2},{"x":36,"y":2},{"x":35,"y":2},{"x":34,"y":2},{"x":33,"y":2},{"x":32,"y":1},{"x":38,"y":1},{"x":39,"y":1},{"x":40,"y":1},{"x":40,"y":2},{"x":39,"y":2}],"terrainTextureId":"polygon_terrain_0","polygon":[{"x":574,"y":747},{"x":748,"y":749},{"x":871,"y":694},{"x":999,"y":616},{"x":1145,"y":569},{"x":1281,"y":494},{"x":1483,"y":513},{"x":1629,"y":479},{"x":1790,"y":425},{"x":1817,"y":464},{"x":1721,"y":551},{"x":1572,"y":571},{"x":1326,"y":603},{"x":1126,"y":691},{"x":991,"y":757},{"x":817,"y":843},{"x":616,"y":822}]},{"usedWorldBlocks":[{"x":1,"y":2},{"x":2,"y":2},{"x":3,"y":2},{"x":3,"y":1},{"x":4,"y":1},{"x":4,"y":2},{"x":5,"y":2},{"x":0,"y":2},{"x":0,"y":1},{"x":0,"y":0},{"x":6,"y":2},{"x":7,"y":1},{"x":8,"y":1},{"x":8,"y":2},{"x":9,"y":1},{"x":9,"y":2},{"x":7,"y":2},{"x":10,"y":2},{"x":10,"y":1},{"x":11,"y":2},{"x":12,"y":2},{"x":12,"y":1},{"x":13,"y":1},{"x":13,"y":2},{"x":11,"y":1},{"x":12,"y":0},{"x":13,"y":0},{"x":14,"y":1},{"x":15,"y":1},{"x":15,"y":2},{"x":14,"y":2},{"x":16,"y":1},{"x":16,"y":2},{"x":17,"y":1},{"x":18,"y":1},{"x":19,"y":1},{"x":19,"y":0},{"x":19,"y":2},{"x":18,"y":2},{"x":17,"y":2},{"x":21,"y":0},{"x":22,"y":0},{"x":22,"y":1},{"x":23,"y":1},{"x":23,"y":2},{"x":22,"y":2},{"x":21,"y":1},{"x":23,"y":0},{"x":24,"y":0},{"x":25,"y":1},{"x":26,"y":1},{"x":26,"y":2},{"x":27,"y":2},{"x":27,"y":1},{"x":28,"y":1},{"x":29,"y":1},{"x":29,"y":2},{"x":28,"y":2},{"x":25,"y":2},{"x":24,"y":2},{"x":24,"y":1},{"x":25,"y":0},{"x":26,"y":0},{"x":30,"y":2},{"x":31,"y":2},{"x":32,"y":2},{"x":30,"y":1},{"x":31,"y":1},{"x":31,"y":0},{"x":33,"y":1},{"x":34,"y":1},{"x":35,"y":1},{"x":36,"y":1},{"x":37,"y":1},{"x":37,"y":2},{"x":36,"y":2},{"x":35,"y":2},{"x":34,"y":2},{"x":33,"y":2},{"x":32,"y":1},{"x":38,"y":1},{"x":39,"y":1},{"x":40,"y":1},{"x":40,"y":2},{"x":39,"y":2}],"terrainTextureId":"polygon_terrain_0","polygon":[{"x":2236,"y":688},{"x":2438,"y":667},{"x":2565,"y":757},{"x":2727,"y":796},{"x":2676,"y":950},{"x":2644,"y":1082},{"x":2679,"y":1228},{"x":2787,"y":1368},{"x":2637,"y":1366},{"x":2390,"y":1384},{"x":2502,"y":1241},{"x":2481,"y":1052},{"x":2335,"y":878}]},{"usedWorldBlocks":[{"x":1,"y":2},{"x":2,"y":2},{"x":3,"y":2},{"x":3,"y":1},{"x":4,"y":1},{"x":4,"y":2},{"x":5,"y":2},{"x":0,"y":2},{"x":0,"y":1},{"x":0,"y":0},{"x":6,"y":2},{"x":7,"y":1},{"x":8,"y":1},{"x":8,"y":2},{"x":9,"y":1},{"x":9,"y":2},{"x":7,"y":2},{"x":10,"y":2},{"x":10,"y":1},{"x":11,"y":2},{"x":12,"y":2},{"x":12,"y":1},{"x":13,"y":1},{"x":13,"y":2},{"x":11,"y":1},{"x":12,"y":0},{"x":13,"y":0},{"x":14,"y":1},{"x":15,"y":1},{"x":15,"y":2},{"x":14,"y":2},{"x":16,"y":1},{"x":16,"y":2},{"x":17,"y":1},{"x":18,"y":1},{"x":19,"y":1},{"x":19,"y":0},{"x":19,"y":2},{"x":18,"y":2},{"x":17,"y":2},{"x":21,"y":0},{"x":22,"y":0},{"x":22,"y":1},{"x":23,"y":1},{"x":23,"y":2},{"x":22,"y":2},{"x":21,"y":1},{"x":23,"y":0},{"x":24,"y":0},{"x":25,"y":1},{"x":26,"y":1},{"x":26,"y":2},{"x":27,"y":2},{"x":27,"y":1},{"x":28,"y":1},{"x":29,"y":1},{"x":29,"y":2},{"x":28,"y":2},{"x":25,"y":2},{"x":24,"y":2},{"x":24,"y":1},{"x":25,"y":0},{"x":26,"y":0},{"x":30,"y":2},{"x":31,"y":2},{"x":32,"y":2},{"x":30,"y":1},{"x":31,"y":1},{"x":31,"y":0},{"x":33,"y":1},{"x":34,"y":1},{"x":35,"y":1},{"x":36,"y":1},{"x":37,"y":1},{"x":37,"y":2},{"x":36,"y":2},{"x":35,"y":2},{"x":34,"y":2},{"x":33,"y":2},{"x":32,"y":1},{"x":38,"y":1},{"x":39,"y":1},{"x":40,"y":1},{"x":40,"y":2},{"x":39,"y":2}],"terrainTextureId":"polygon_terrain_0","polygon":[{"x":2925,"y":1018},{"x":2994,"y":1022},{"x":3131,"y":999},{"x":3268,"y":1064},{"x":3469,"y":1060},{"x":3668,"y":982},{"x":3856,"y":986},{"x":3973,"y":900},{"x":4054,"y":751},{"x":4237,"y":710},{"x":4411,"y":593},{"x":4561,"y":599},{"x":4716,"y":550},{"x":4848,"y":417},{"x":4926,"y":420},{"x":4957,"y":455},{"x":4910,"y":690},{"x":4926,"y":839},{"x":4893,"y":975},{"x":4963,"y":1138},{"x":4877,"y":1363},{"x":4688,"y":1368},{"x":4830,"y":1106},{"x":4735,"y":908},{"x":4593,"y":911},{"x":4466,"y":1000},{"x":4298,"y":919},{"x":4117,"y":978},{"x":4123,"y":1177},{"x":4262,"y":1367},{"x":4112,"y":1373},{"x":3884,"y":1382},{"x":3653,"y":1407},{"x":3520,"y":1386},{"x":3391,"y":1378},{"x":3249,"y":1405},{"x":3152,"y":1234},{"x":2947,"y":1134}]}]],[[{"usedWorldBlocks":[{"x":1,"y":2},{"x":2,"y":2},{"x":3,"y":2},{"x":3,"y":1},{"x":4,"y":1},{"x":4,"y":2},{"x":5,"y":2},{"x":0,"y":2},{"x":0,"y":1},{"x":0,"y":0},{"x":6,"y":2},{"x":7,"y":1},{"x":8,"y":1},{"x":8,"y":2},{"x":9,"y":1},{"x":9,"y":2},{"x":7,"y":2},{"x":10,"y":2},{"x":10,"y":1},{"x":11,"y":2},{"x":12,"y":2},{"x":12,"y":1},{"x":13,"y":1},{"x":13,"y":2},{"x":11,"y":1},{"x":12,"y":0},{"x":13,"y":0},{"x":14,"y":1},{"x":15,"y":1},{"x":15,"y":2},{"x":14,"y":2},{"x":16,"y":1},{"x":16,"y":2},{"x":17,"y":1},{"x":18,"y":1},{"x":19,"y":1},{"x":19,"y":0},{"x":19,"y":2},{"x":18,"y":2},{"x":17,"y":2},{"x":21,"y":0},{"x":22,"y":0},{"x":22,"y":1},{"x":23,"y":1},{"x":23,"y":2},{"x":22,"y":2},{"x":21,"y":1},{"x":23,"y":0},{"x":24,"y":0},{"x":25,"y":1},{"x":26,"y":1},{"x":26,"y":2},{"x":27,"y":2},{"x":27,"y":1},{"x":28,"y":1},{"x":29,"y":1},{"x":29,"y":2},{"x":28,"y":2},{"x":25,"y":2},{"x":24,"y":2},{"x":24,"y":1},{"x":25,"y":0},{"x":26,"y":0},{"x":30,"y":2},{"x":31,"y":2},{"x":32,"y":2},{"x":30,"y":1},{"x":31,"y":1},{"x":31,"y":0},{"x":33,"y":1},{"x":34,"y":1},{"x":35,"y":1},{"x":36,"y":1},{"x":37,"y":1},{"x":37,"y":2},{"x":36,"y":2},{"x":35,"y":2},{"x":34,"y":2},{"x":33,"y":2},{"x":32,"y":1},{"x":38,"y":1},{"x":39,"y":1},{"x":40,"y":1},{"x":40,"y":2},{"x":39,"y":2}],"terrainTextureId":"polygon_terrain_0","polygon":[{"x":772,"y":381},{"x":824,"y":328},{"x":973,"y":315},{"x":1144,"y":301},{"x":1314,"y":387},{"x":1396,"y":518},{"x":1539,"y":634},{"x":1528,"y":876},{"x":1503,"y":1084},{"x":1466,"y":1230},{"x":1428,"y":1376},{"x":1313,"y":1368},{"x":1094,"y":1375},{"x":1115,"y":1253},{"x":1105,"y":1106},{"x":1015,"y":964},{"x":1095,"y":683},{"x":993,"y":519},{"x":822,"y":482}]},{"usedWorldBlocks":[{"x":1,"y":2},{"x":2,"y":2},{"x":3,"y":2},{"x":3,"y":1},{"x":4,"y":1},{"x":4,"y":2},{"x":5,"y":2},{"x":0,"y":2},{"x":0,"y":1},{"x":0,"y":0},{"x":6,"y":2},{"x":7,"y":1},{"x":8,"y":1},{"x":8,"y":2},{"x":9,"y":1},{"x":9,"y":2},{"x":7,"y":2},{"x":10,"y":2},{"x":10,"y":1},{"x":11,"y":2},{"x":12,"y":2},{"x":12,"y":1},{"x":13,"y":1},{"x":13,"y":2},{"x":11,"y":1},{"x":12,"y":0},{"x":13,"y":0},{"x":14,"y":1},{"x":15,"y":1},{"x":15,"y":2},{"x":14,"y":2},{"x":16,"y":1},{"x":16,"y":2},{"x":17,"y":1},{"x":18,"y":1},{"x":19,"y":1},{"x":19,"y":0},{"x":19,"y":2},{"x":18,"y":2},{"x":17,"y":2},{"x":21,"y":0},{"x":22,"y":0},{"x":22,"y":1},{"x":23,"y":1},{"x":23,"y":2},{"x":22,"y":2},{"x":21,"y":1},{"x":23,"y":0},{"x":24,"y":0},{"x":25,"y":1},{"x":26,"y":1},{"x":26,"y":2},{"x":27,"y":2},{"x":27,"y":1},{"x":28,"y":1},{"x":29,"y":1},{"x":29,"y":2},{"x":28,"y":2},{"x":25,"y":2},{"x":24,"y":2},{"x":24,"y":1},{"x":25,"y":0},{"x":26,"y":0},{"x":30,"y":2},{"x":31,"y":2},{"x":32,"y":2},{"x":30,"y":1},{"x":31,"y":1},{"x":31,"y":0},{"x":33,"y":1},{"x":34,"y":1},{"x":35,"y":1},{"x":36,"y":1},{"x":37,"y":1},{"x":37,"y":2},{"x":36,"y":2},{"x":35,"y":2},{"x":34,"y":2},{"x":33,"y":2},{"x":32,"y":1},{"x":38,"y":1},{"x":39,"y":1},{"x":40,"y":1},{"x":40,"y":2},{"x":39,"y":2}],"terrainTextureId":"polygon_terrain_0","polygon":[{"x":1791,"y":332},{"x":1919,"y":325},{"x":2054,"y":353},{"x":2212,"y":314},{"x":2318,"y":270},{"x":2385,"y":417},{"x":2505,"y":536},{"x":2710,"y":657},{"x":2795,"y":803},{"x":2905,"y":886},{"x":3045,"y":972},{"x":3194,"y":994},{"x":3342,"y":1016},{"x":3604,"y":1006},{"x":3748,"y":966},{"x":3910,"y":976},{"x":4037,"y":885},{"x":4199,"y":871},{"x":4330,"y":818},{"x":4495,"y":812},{"x":4622,"y":750},{"x":4763,"y":695},{"x":4914,"y":683},{"x":4954,"y":726},{"x":4961,"y":832},{"x":4903,"y":966},{"x":4958,"y":1082},{"x":4958,"y":1247},{"x":4859,"y":1373},{"x":4658,"y":1358},{"x":4569,"y":1371},{"x":4462,"y":1183},{"x":4384,"y":1073},{"x":4253,"y":1043},{"x":4057,"y":1127},{"x":3919,"y":1121},{"x":3767,"y":1200},{"x":3656,"y":1353},{"x":3458,"y":1348},{"x":3312,"y":1377},{"x":3091,"y":1367},{"x":2886,"y":1221},{"x":2716,"y":1206},{"x":2588,"y":1372},{"x":2485,"y":1375},{"x":2296,"y":1385},{"x":2378,"y":1165},{"x":2252,"y":973},{"x":2170,"y":967},{"x":1965,"y":1038},{"x":1822,"y":884},{"x":1868,"y":711},{"x":1740,"y":560},{"x":1748,"y":403}]},{"usedWorldBlocks":[{"x":1,"y":2},{"x":2,"y":2},{"x":3,"y":2},{"x":3,"y":1},{"x":4,"y":1},{"x":4,"y":2},{"x":5,"y":2},{"x":0,"y":2},{"x":0,"y":1},{"x":0,"y":0},{"x":6,"y":2},{"x":7,"y":1},{"x":8,"y":1},{"x":8,"y":2},{"x":9,"y":1},{"x":9,"y":2},{"x":7,"y":2},{"x":10,"y":2},{"x":10,"y":1},{"x":11,"y":2},{"x":12,"y":2},{"x":12,"y":1},{"x":13,"y":1},{"x":13,"y":2},{"x":11,"y":1},{"x":12,"y":0},{"x":13,"y":0},{"x":14,"y":1},{"x":15,"y":1},{"x":15,"y":2},{"x":14,"y":2},{"x":16,"y":1},{"x":16,"y":2},{"x":17,"y":1},{"x":18,"y":1},{"x":19,"y":1},{"x":19,"y":0},{"x":19,"y":2},{"x":18,"y":2},{"x":17,"y":2},{"x":21,"y":0},{"x":22,"y":0},{"x":22,"y":1},{"x":23,"y":1},{"x":23,"y":2},{"x":22,"y":2},{"x":21,"y":1},{"x":23,"y":0},{"x":24,"y":0},{"x":25,"y":1},{"x":26,"y":1},{"x":26,"y":2},{"x":27,"y":2},{"x":27,"y":1},{"x":28,"y":1},{"x":29,"y":1},{"x":29,"y":2},{"x":28,"y":2},{"x":25,"y":2},{"x":24,"y":2},{"x":24,"y":1},{"x":25,"y":0},{"x":26,"y":0},{"x":30,"y":2},{"x":31,"y":2},{"x":32,"y":2},{"x":30,"y":1},{"x":31,"y":1},{"x":31,"y":0},{"x":33,"y":1},{"x":34,"y":1},{"x":35,"y":1},{"x":36,"y":1},{"x":37,"y":1},{"x":37,"y":2},{"x":36,"y":2},{"x":35,"y":2},{"x":34,"y":2},{"x":33,"y":2},{"x":32,"y":1},{"x":38,"y":1},{"x":39,"y":1},{"x":40,"y":1},{"x":40,"y":2},{"x":39,"y":2}],"terrainTextureId":"polygon_terrain_0","polygon":[{"x":2561,"y":293},{"x":2713,"y":295},{"x":2859,"y":266},{"x":3009,"y":280},{"x":3167,"y":244},{"x":3365,"y":314},{"x":3427,"y":467},{"x":3584,"y":570},{"x":3793,"y":551},{"x":3804,"y":616},{"x":3675,"y":759},{"x":3452,"y":679},{"x":3297,"y":698},{"x":3240,"y":546},{"x":3145,"y":423},{"x":2960,"y":364},{"x":2764,"y":387},{"x":2601,"y":356}]}]],[[{"usedWorldBlocks":[{"x":1,"y":2},{"x":2,"y":2},{"x":3,"y":2},{"x":3,"y":1},{"x":4,"y":1},{"x":4,"y":2},{"x":5,"y":2},{"x":0,"y":2},{"x":0,"y":1},{"x":0,"y":0},{"x":6,"y":2},{"x":7,"y":1},{"x":8,"y":1},{"x":8,"y":2},{"x":9,"y":1},{"x":9,"y":2},{"x":7,"y":2},{"x":10,"y":2},{"x":10,"y":1},{"x":11,"y":2},{"x":12,"y":2},{"x":12,"y":1},{"x":13,"y":1},{"x":13,"y":2},{"x":11,"y":1},{"x":12,"y":0},{"x":13,"y":0},{"x":14,"y":1},{"x":15,"y":1},{"x":15,"y":2},{"x":14,"y":2},{"x":16,"y":1},{"x":16,"y":2},{"x":17,"y":1},{"x":18,"y":1},{"x":19,"y":1},{"x":19,"y":0},{"x":19,"y":2},{"x":18,"y":2},{"x":17,"y":2},{"x":21,"y":0},{"x":22,"y":0},{"x":22,"y":1},{"x":23,"y":1},{"x":23,"y":2},{"x":22,"y":2},{"x":21,"y":1},{"x":23,"y":0},{"x":24,"y":0},{"x":25,"y":1},{"x":26,"y":1},{"x":26,"y":2},{"x":27,"y":2},{"x":27,"y":1},{"x":28,"y":1},{"x":29,"y":1},{"x":29,"y":2},{"x":28,"y":2},{"x":25,"y":2},{"x":24,"y":2},{"x":24,"y":1},{"x":25,"y":0},{"x":26,"y":0},{"x":30,"y":2},{"x":31,"y":2},{"x":32,"y":2},{"x":30,"y":1},{"x":31,"y":1},{"x":31,"y":0},{"x":33,"y":1},{"x":34,"y":1},{"x":35,"y":1},{"x":36,"y":1},{"x":37,"y":1},{"x":37,"y":2},{"x":36,"y":2},{"x":35,"y":2},{"x":34,"y":2},{"x":33,"y":2},{"x":32,"y":1},{"x":38,"y":1},{"x":39,"y":1},{"x":40,"y":1},{"x":40,"y":2},{"x":39,"y":2}],"terrainTextureId":"polygon_terrain_0","polygon":[{"x":269,"y":1009},{"x":419,"y":1009},{"x":535,"y":1073},{"x":650,"y":1104},{"x":796,"y":1055},{"x":1035,"y":1082},{"x":1093,"y":1136},{"x":1003,"y":1220},{"x":813,"y":1379},{"x":622,"y":1372},{"x":368,"y":1362},{"x":269,"y":1159}]},{"usedWorldBlocks":[{"x":1,"y":2},{"x":2,"y":2},{"x":3,"y":2},{"x":3,"y":1},{"x":4,"y":1},{"x":4,"y":2},{"x":5,"y":2},{"x":0,"y":2},{"x":0,"y":1},{"x":0,"y":0},{"x":6,"y":2},{"x":7,"y":1},{"x":8,"y":1},{"x":8,"y":2},{"x":9,"y":1},{"x":9,"y":2},{"x":7,"y":2},{"x":10,"y":2},{"x":10,"y":1},{"x":11,"y":2},{"x":12,"y":2},{"x":12,"y":1},{"x":13,"y":1},{"x":13,"y":2},{"x":11,"y":1},{"x":12,"y":0},{"x":13,"y":0},{"x":14,"y":1},{"x":15,"y":1},{"x":15,"y":2},{"x":14,"y":2},{"x":16,"y":1},{"x":16,"y":2},{"x":17,"y":1},{"x":18,"y":1},{"x":19,"y":1},{"x":19,"y":0},{"x":19,"y":2},{"x":18,"y":2},{"x":17,"y":2},{"x":21,"y":0},{"x":22,"y":0},{"x":22,"y":1},{"x":23,"y":1},{"x":23,"y":2},{"x":22,"y":2},{"x":21,"y":1},{"x":23,"y":0},{"x":24,"y":0},{"x":25,"y":1},{"x":26,"y":1},{"x":26,"y":2},{"x":27,"y":2},{"x":27,"y":1},{"x":28,"y":1},{"x":29,"y":1},{"x":29,"y":2},{"x":28,"y":2},{"x":25,"y":2},{"x":24,"y":2},{"x":24,"y":1},{"x":25,"y":0},{"x":26,"y":0},{"x":30,"y":2},{"x":31,"y":2},{"x":32,"y":2},{"x":30,"y":1},{"x":31,"y":1},{"x":31,"y":0},{"x":33,"y":1},{"x":34,"y":1},{"x":35,"y":1},{"x":36,"y":1},{"x":37,"y":1},{"x":37,"y":2},{"x":36,"y":2},{"x":35,"y":2},{"x":34,"y":2},{"x":33,"y":2},{"x":32,"y":1},{"x":38,"y":1},{"x":39,"y":1},{"x":40,"y":1},{"x":40,"y":2},{"x":39,"y":2}],"terrainTextureId":"polygon_terrain_0","polygon":[{"x":454,"y":528},{"x":604,"y":528},{"x":792,"y":472},{"x":972,"y":623},{"x":992,"y":703},{"x":897,"y":731},{"x":622,"y":678},{"x":407,"y":615}]},{"usedWorldBlocks":[{"x":1,"y":2},{"x":2,"y":2},{"x":3,"y":2},{"x":3,"y":1},{"x":4,"y":1},{"x":4,"y":2},{"x":5,"y":2},{"x":0,"y":2},{"x":0,"y":1},{"x":0,"y":0},{"x":6,"y":2},{"x":7,"y":1},{"x":8,"y":1},{"x":8,"y":2},{"x":9,"y":1},{"x":9,"y":2},{"x":7,"y":2},{"x":10,"y":2},{"x":10,"y":1},{"x":11,"y":2},{"x":12,"y":2},{"x":12,"y":1},{"x":13,"y":1},{"x":13,"y":2},{"x":11,"y":1},{"x":12,"y":0},{"x":13,"y":0},{"x":14,"y":1},{"x":15,"y":1},{"x":15,"y":2},{"x":14,"y":2},{"x":16,"y":1},{"x":16,"y":2},{"x":17,"y":1},{"x":18,"y":1},{"x":19,"y":1},{"x":19,"y":0},{"x":19,"y":2},{"x":18,"y":2},{"x":17,"y":2},{"x":21,"y":0},{"x":22,"y":0},{"x":22,"y":1},{"x":23,"y":1},{"x":23,"y":2},{"x":22,"y":2},{"x":21,"y":1},{"x":23,"y":0},{"x":24,"y":0},{"x":25,"y":1},{"x":26,"y":1},{"x":26,"y":2},{"x":27,"y":2},{"x":27,"y":1},{"x":28,"y":1},{"x":29,"y":1},{"x":29,"y":2},{"x":28,"y":2},{"x":25,"y":2},{"x":24,"y":2},{"x":24,"y":1},{"x":25,"y":0},{"x":26,"y":0},{"x":30,"y":2},{"x":31,"y":2},{"x":32,"y":2},{"x":30,"y":1},{"x":31,"y":1},{"x":31,"y":0},{"x":33,"y":1},{"x":34,"y":1},{"x":35,"y":1},{"x":36,"y":1},{"x":37,"y":1},{"x":37,"y":2},{"x":36,"y":2},{"x":35,"y":2},{"x":34,"y":2},{"x":33,"y":2},{"x":32,"y":1},{"x":38,"y":1},{"x":39,"y":1},{"x":40,"y":1},{"x":40,"y":2},{"x":39,"y":2}],"terrainTextureId":"polygon_terrain_0","polygon":[{"x":1612,"y":715},{"x":1744,"y":702},{"x":1894,"y":625},{"x":2019,"y":549},{"x":2170,"y":522},{"x":2347,"y":577},{"x":2472,"y":755},{"x":2694,"y":882},{"x":2871,"y":886},{"x":3029,"y":860},{"x":3137,"y":802},{"x":3281,"y":660},{"x":3314,"y":613},{"x":3457,"y":665},{"x":3603,"y":679},{"x":3892,"y":625},{"x":3881,"y":711},{"x":3611,"y":819},{"x":3571,"y":887},{"x":3608,"y":1007},{"x":3591,"y":1167},{"x":3709,"y":1261},{"x":3843,"y":1367},{"x":3639,"y":1358},{"x":3414,"y":1404},{"x":3369,"y":1270},{"x":3281,"y":1106},{"x":3096,"y":1008},{"x":2883,"y":1011},{"x":2734,"y":1135},{"x":2570,"y":1353},{"x":2439,"y":1364},{"x":2374,"y":1221},{"x":2352,"y":1050},{"x":2296,"y":899},{"x":2146,"y":759},{"x":1959,"y":748},{"x":1771,"y":853},{"x":1689,"y":968},{"x":1691,"y":1120},{"x":1773,"y":1363},{"x":1522,"y":1383},{"x":1506,"y":1195},{"x":1421,"y":1100},{"x":1357,"y":920},{"x":1513,"y":820}]},{"usedWorldBlocks":[{"x":1,"y":2},{"x":2,"y":2},{"x":3,"y":2},{"x":3,"y":1},{"x":4,"y":1},{"x":4,"y":2},{"x":5,"y":2},{"x":0,"y":2},{"x":0,"y":1},{"x":0,"y":0},{"x":6,"y":2},{"x":7,"y":1},{"x":8,"y":1},{"x":8,"y":2},{"x":9,"y":1},{"x":9,"y":2},{"x":7,"y":2},{"x":10,"y":2},{"x":10,"y":1},{"x":11,"y":2},{"x":12,"y":2},{"x":12,"y":1},{"x":13,"y":1},{"x":13,"y":2},{"x":11,"y":1},{"x":12,"y":0},{"x":13,"y":0},{"x":14,"y":1},{"x":15,"y":1},{"x":15,"y":2},{"x":14,"y":2},{"x":16,"y":1},{"x":16,"y":2},{"x":17,"y":1},{"x":18,"y":1},{"x":19,"y":1},{"x":19,"y":0},{"x":19,"y":2},{"x":18,"y":2},{"x":17,"y":2},{"x":21,"y":0},{"x":22,"y":0},{"x":22,"y":1},{"x":23,"y":1},{"x":23,"y":2},{"x":22,"y":2},{"x":21,"y":1},{"x":23,"y":0},{"x":24,"y":0},{"x":25,"y":1},{"x":26,"y":1},{"x":26,"y":2},{"x":27,"y":2},{"x":27,"y":1},{"x":28,"y":1},{"x":29,"y":1},{"x":29,"y":2},{"x":28,"y":2},{"x":25,"y":2},{"x":24,"y":2},{"x":24,"y":1},{"x":25,"y":0},{"x":26,"y":0},{"x":30,"y":2},{"x":31,"y":2},{"x":32,"y":2},{"x":30,"y":1},{"x":31,"y":1},{"x":31,"y":0},{"x":33,"y":1},{"x":34,"y":1},{"x":35,"y":1},{"x":36,"y":1},{"x":37,"y":1},{"x":37,"y":2},{"x":36,"y":2},{"x":35,"y":2},{"x":34,"y":2},{"x":33,"y":2},{"x":32,"y":1},{"x":38,"y":1},{"x":39,"y":1},{"x":40,"y":1},{"x":40,"y":2},{"x":39,"y":2}],"terrainTextureId":"polygon_terrain_0","polygon":[{"x":4128,"y":686},{"x":4262,"y":691},{"x":4511,"y":706},{"x":4772,"y":627},{"x":4922,"y":615},{"x":5095,"y":601},{"x":5057,"y":718},{"x":5044,"y":898},{"x":5057,"y":1064},{"x":5034,"y":1185},{"x":5030,"y":1359},{"x":4880,"y":1364},{"x":4697,"y":1371},{"x":4594,"y":1178},{"x":4502,"y":1060},{"x":4240,"y":945},{"x":4108,"y":819}]}]]],"worldId":0,"polygonBackgroundData":[[[{"usedWorldBlocks":[{"x":2,"y":2},{"x":3,"y":2},{"x":7,"y":2},{"x":8,"y":2},{"x":9,"y":2},{"x":10,"y":1},{"x":11,"y":1},{"x":12,"y":1},{"x":13,"y":1},{"x":12,"y":2},{"x":11,"y":2},{"x":10,"y":2},{"x":24,"y":0},{"x":25,"y":0},{"x":26,"y":0},{"x":26,"y":1},{"x":27,"y":1},{"x":27,"y":2},{"x":26,"y":2},{"x":25,"y":1},{"x":24,"y":1},{"x":22,"y":0},{"x":23,"y":0},{"x":23,"y":1},{"x":24,"y":2},{"x":23,"y":2},{"x":22,"y":2},{"x":22,"y":1},{"x":30,"y":1},{"x":31,"y":1},{"x":31,"y":2},{"x":30,"y":2},{"x":37,"y":1},{"x":37,"y":2}],"terrainTextureId":"polygon_terrain_dark_0","polygon":[{"x":1414,"y":1238},{"x":1564,"y":1238},{"x":1733,"y":1250},{"x":1839,"y":1374},{"x":1689,"y":1378},{"x":1414,"y":1388}]},{"usedWorldBlocks":[{"x":2,"y":2},{"x":3,"y":2},{"x":7,"y":2},{"x":8,"y":2},{"x":9,"y":2},{"x":10,"y":1},{"x":11,"y":1},{"x":12,"y":1},{"x":13,"y":1},{"x":12,"y":2},{"x":11,"y":2},{"x":10,"y":2},{"x":24,"y":0},{"x":25,"y":0},{"x":26,"y":0},{"x":26,"y":1},{"x":27,"y":1},{"x":27,"y":2},{"x":26,"y":2},{"x":25,"y":1},{"x":24,"y":1},{"x":22,"y":0},{"x":23,"y":0},{"x":23,"y":1},{"x":24,"y":2},{"x":23,"y":2},{"x":22,"y":2},{"x":22,"y":1},{"x":30,"y":1},{"x":31,"y":1},{"x":31,"y":2},{"x":30,"y":2},{"x":37,"y":1},{"x":37,"y":2}],"terrainTextureId":"polygon_terrain_dark_0","polygon":[{"x":3819,"y":1097},{"x":3971,"y":1050},{"x":4171,"y":1019},{"x":4349,"y":1054},{"x":4518,"y":1064},{"x":4668,"y":1075},{"x":4751,"y":1090},{"x":4704,"y":1196},{"x":4751,"y":1382},{"x":4533,"y":1392},{"x":4384,"y":1413},{"x":4234,"y":1414},{"x":4072,"y":1415},{"x":3839,"y":1377},{"x":3855,"y":1202}]}]],[[{"usedWorldBlocks":[{"x":2,"y":2},{"x":3,"y":2},{"x":7,"y":2},{"x":8,"y":2},{"x":9,"y":2},{"x":10,"y":1},{"x":11,"y":1},{"x":12,"y":1},{"x":13,"y":1},{"x":12,"y":2},{"x":11,"y":2},{"x":10,"y":2},{"x":24,"y":0},{"x":25,"y":0},{"x":26,"y":0},{"x":26,"y":1},{"x":27,"y":1},{"x":27,"y":2},{"x":26,"y":2},{"x":25,"y":1},{"x":24,"y":1},{"x":22,"y":0},{"x":23,"y":0},{"x":23,"y":1},{"x":24,"y":2},{"x":23,"y":2},{"x":22,"y":2},{"x":22,"y":1},{"x":30,"y":1},{"x":31,"y":1},{"x":31,"y":2},{"x":30,"y":2},{"x":37,"y":1},{"x":37,"y":2}],"terrainTextureId":"polygon_terrain_dark_0","polygon":[{"x":328,"y":727},{"x":467,"y":778},{"x":583,"y":759},{"x":848,"y":802},{"x":1063,"y":690},{"x":1210,"y":612},{"x":1429,"y":525},{"x":1514,"y":546},{"x":1660,"y":563},{"x":1642,"y":652},{"x":1570,"y":749},{"x":1616,"y":888},{"x":1451,"y":926},{"x":1242,"y":1089},{"x":1119,"y":1142},{"x":971,"y":1118},{"x":843,"y":1154},{"x":673,"y":1146},{"x":453,"y":1089},{"x":377,"y":892}]}]],[[{"usedWorldBlocks":[{"x":2,"y":2},{"x":3,"y":2},{"x":7,"y":2},{"x":8,"y":2},{"x":9,"y":2},{"x":10,"y":1},{"x":11,"y":1},{"x":12,"y":1},{"x":13,"y":1},{"x":12,"y":2},{"x":11,"y":2},{"x":10,"y":2},{"x":24,"y":0},{"x":25,"y":0},{"x":26,"y":0},{"x":26,"y":1},{"x":27,"y":1},{"x":27,"y":2},{"x":26,"y":2},{"x":25,"y":1},{"x":24,"y":1},{"x":22,"y":0},{"x":23,"y":0},{"x":23,"y":1},{"x":24,"y":2},{"x":23,"y":2},{"x":22,"y":2},{"x":22,"y":1},{"x":30,"y":1},{"x":31,"y":1},{"x":31,"y":2},{"x":30,"y":2},{"x":37,"y":1},{"x":37,"y":2}],"terrainTextureId":"polygon_terrain_dark_0","polygon":[{"x":2269,"y":357},{"x":2408,"y":353},{"x":2575,"y":317},{"x":2746,"y":299},{"x":3010,"y":368},{"x":3220,"y":418},{"x":3299,"y":630},{"x":3568,"y":667},{"x":3769,"y":623},{"x":3790,"y":774},{"x":3930,"y":984},{"x":3729,"y":1045},{"x":3495,"y":1036},{"x":3213,"y":1025},{"x":2990,"y":991},{"x":2784,"y":861},{"x":2624,"y":659},{"x":2419,"y":507},{"x":2269,"y":507}]},{"usedWorldBlocks":[{"x":2,"y":2},{"x":3,"y":2},{"x":7,"y":2},{"x":8,"y":2},{"x":9,"y":2},{"x":10,"y":1},{"x":11,"y":1},{"x":12,"y":1},{"x":13,"y":1},{"x":12,"y":2},{"x":11,"y":2},{"x":10,"y":2},{"x":24,"y":0},{"x":25,"y":0},{"x":26,"y":0},{"x":26,"y":1},{"x":27,"y":1},{"x":27,"y":2},{"x":26,"y":2},{"x":25,"y":1},{"x":24,"y":1},{"x":22,"y":0},{"x":23,"y":0},{"x":23,"y":1},{"x":24,"y":2},{"x":23,"y":2},{"x":22,"y":2},{"x":22,"y":1},{"x":30,"y":1},{"x":31,"y":1},{"x":31,"y":2},{"x":30,"y":2},{"x":37,"y":1},{"x":37,"y":2}],"terrainTextureId":"polygon_terrain_dark_0","polygon":[{"x":1266,"y":416},{"x":1408,"y":450},{"x":1583,"y":417},{"x":1826,"y":424},{"x":1807,"y":605},{"x":1866,"y":715},{"x":1852,"y":853},{"x":1882,"y":964},{"x":2005,"y":1024},{"x":2179,"y":966},{"x":2309,"y":958},{"x":2375,"y":1121},{"x":2408,"y":1285},{"x":2354,"y":1383},{"x":2126,"y":1384},{"x":1999,"y":1363},{"x":1770,"y":1374},{"x":1636,"y":1386},{"x":1428,"y":1391},{"x":1415,"y":1296},{"x":1438,"y":1153},{"x":1488,"y":940},{"x":1500,"y":739},{"x":1416,"y":566}]}]],[[{"usedWorldBlocks":[{"x":2,"y":2},{"x":3,"y":2},{"x":7,"y":2},{"x":8,"y":2},{"x":9,"y":2},{"x":10,"y":1},{"x":11,"y":1},{"x":12,"y":1},{"x":13,"y":1},{"x":12,"y":2},{"x":11,"y":2},{"x":10,"y":2},{"x":24,"y":0},{"x":25,"y":0},{"x":26,"y":0},{"x":26,"y":1},{"x":27,"y":1},{"x":27,"y":2},{"x":26,"y":2},{"x":25,"y":1},{"x":24,"y":1},{"x":22,"y":0},{"x":23,"y":0},{"x":23,"y":1},{"x":24,"y":2},{"x":23,"y":2},{"x":22,"y":2},{"x":22,"y":1},{"x":30,"y":1},{"x":31,"y":1},{"x":31,"y":2},{"x":30,"y":2},{"x":37,"y":1},{"x":37,"y":2}],"terrainTextureId":"polygon_terrain_dark_0","polygon":[{"x":447,"y":612},{"x":642,"y":649},{"x":776,"y":663},{"x":958,"y":692},{"x":982,"y":816},{"x":958,"y":980},{"x":963,"y":1140},{"x":816,"y":1170},{"x":618,"y":1210},{"x":479,"y":1160},{"x":335,"y":1111},{"x":349,"y":909},{"x":433,"y":761}]},{"usedWorldBlocks":[{"x":2,"y":2},{"x":3,"y":2},{"x":7,"y":2},{"x":8,"y":2},{"x":9,"y":2},{"x":10,"y":1},{"x":11,"y":1},{"x":12,"y":1},{"x":13,"y":1},{"x":12,"y":2},{"x":11,"y":2},{"x":10,"y":2},{"x":24,"y":0},{"x":25,"y":0},{"x":26,"y":0},{"x":26,"y":1},{"x":27,"y":1},{"x":27,"y":2},{"x":26,"y":2},{"x":25,"y":1},{"x":24,"y":1},{"x":22,"y":0},{"x":23,"y":0},{"x":23,"y":1},{"x":24,"y":2},{"x":23,"y":2},{"x":22,"y":2},{"x":22,"y":1},{"x":30,"y":1},{"x":31,"y":1},{"x":31,"y":2},{"x":30,"y":2},{"x":37,"y":1},{"x":37,"y":2}],"terrainTextureId":"polygon_terrain_dark_0","polygon":[{"x":3528,"y":746},{"x":3676,"y":726},{"x":3879,"y":701},{"x":3853,"y":848},{"x":3859,"y":1000},{"x":3811,"y":1143},{"x":3834,"y":1379},{"x":3690,"y":1309},{"x":3557,"y":1192},{"x":3528,"y":896}]}]]],"libraryElements":null,"staticElementData":[{"position":{"x":1139,"y":994},"scaleX":1,"elementId":"table_direction","rotation":0,"scaleY":1},{"position":{"x":2537,"y":1038},"scaleX":0.98,"elementId":"table_warning","rotation":-11.524654815145094,"scaleY":0.98},{"position":{"x":2877,"y":993},"scaleX":0.98,"elementId":"table_danger","rotation":37.34699911202505,"scaleY":0.98},{"position":{"x":5180,"y":681},"scaleX":0.97,"elementId":"table_warning","rotation":-9.03,"scaleY":0.97},{"position":{"x":6741,"y":350},"scaleX":1,"elementId":"table_direction","rotation":0,"scaleY":1},{"position":{"x":7700,"y":703},"scaleX":0.98,"elementId":"table_danger","rotation":19.53869745727133,"scaleY":0.98},{"position":{"x":12188,"y":233},"scaleX":0.97,"elementId":"table_warning","rotation":-4.77,"scaleY":0.97},{"position":{"x":13687,"y":478},"scaleX":1,"elementId":"table_direction","rotation":0,"scaleY":1},{"position":{"x":12409,"y":283},"scaleX":0.99,"elementId":"table_direction","rotation":53.11,"scaleY":0.99},{"position":{"x":18795,"y":555},"scaleX":1,"elementId":"table_warning","rotation":0,"scaleY":1},{"position":{"x":15006,"y":995},"scaleX":0.98,"elementId":"table_danger","rotation":59.96514152045849,"scaleY":0.98},{"position":{"x":15349,"y":551},"scaleX":0.99,"elementId":"table_warning","rotation":-39.25,"scaleY":0.99},{"position":{"x":14732,"y":617},"scaleX":1,"elementId":"table_direction","rotation":0,"scaleY":1},{"position":{"x":7924,"y":939},"scaleX":1,"elementId":"table_direction","rotation":0,"scaleY":1},{"position":{"x":5611,"y":666},"scaleX":1,"elementId":"table_direction","rotation":0,"scaleY":1},{"position":{"x":3196,"y":965},"scaleX":1,"elementId":"table_direction","rotation":0,"scaleY":1},{"position":{"x":17346,"y":487},"scaleX":0.99,"elementId":"table_direction","rotation":26.34464021477868,"scaleY":0.99},{"position":{"x":18714,"y":1160},"scaleX":1,"elementId":"table_danger","rotation":30.42,"scaleY":1},{"position":{"x":7744,"y":1208},"scaleX":0.98,"elementId":"table_danger","rotation":31.064617263001992,"scaleY":0.98}],"enemyPathData":null,"levelId":0}