{"startPoint":{"x":1409,"y":467},"finishPoint":{"x":19570,"y":1123},"levelId":0,"staticElementData":[{"elementId":"table_direction","scaleX":0.99,"rotation":31.813132975702395,"position":{"x":2275,"y":357},"scaleY":0.99},{"elementId":"table_direction","scaleX":1,"rotation":0,"position":{"x":579,"y":465},"scaleY":1},{"elementId":"table_danger","scaleX":1,"rotation":0,"position":{"x":484,"y":465},"scaleY":1},{"elementId":"table_direction","scaleX":1,"rotation":-8.03,"position":{"x":4814,"y":991},"scaleY":1},{"elementId":"table_danger","scaleX":0.99,"rotation":-23.14,"position":{"x":4204,"y":1190},"scaleY":0.99},{"elementId":"table_warning","scaleX":0.99,"rotation":-25.35,"position":{"x":7912,"y":1055},"scaleY":0.99},{"elementId":"table_direction","scaleX":0.98,"rotation":-8.06,"position":{"x":8424,"y":940},"scaleY":0.98},{"elementId":"table_danger","scaleX":1,"rotation":36.42,"position":{"x":8168,"y":1400},"scaleY":1},{"elementId":"table_direction","scaleX":1,"rotation":0,"position":{"x":9651,"y":955},"scaleY":1},{"elementId":"table_direction","scaleX":1,"rotation":0,"position":{"x":9688,"y":1358},"scaleY":1},{"elementId":"table_danger","scaleX":0.99,"rotation":-22.01,"position":{"x":9596,"y":1915},"scaleY":0.99},{"elementId":"table_warning","scaleX":1,"rotation":-14.07,"position":{"x":13392,"y":1147},"scaleY":1},{"elementId":"table_direction","scaleX":0.99,"rotation":-16.2,"position":{"x":13962,"y":1039},"scaleY":0.99},{"elementId":"table_direction","scaleX":1,"rotation":0,"position":{"x":14358,"y":1413},"scaleY":1},{"elementId":"table_danger","scaleX":1,"rotation":35.94,"position":{"x":13456,"y":1738},"scaleY":1},{"elementId":"table_direction","scaleX":1,"rotation":0,"position":{"x":17304,"y":796},"scaleY":1},{"elementId":"table_direction","scaleX":1,"rotation":0,"position":{"x":19006,"y":1069},"scaleY":1},{"elementId":"table_danger","scaleX":1,"rotation":35.88,"position":{"x":18854,"y":1703},"scaleY":1},{"elementId":"table_danger","scaleX":0.99,"rotation":31.09,"position":{"x":17853,"y":1415},"scaleY":0.99},{"elementId":"table_direction","scaleX":1,"rotation":11.1,"position":{"x":14873,"y":959},"scaleY":1},{"elementId":"table_direction","scaleX":1,"rotation":23.97,"position":{"x":8552,"y":1322},"scaleY":1},{"elementId":"table_help_a","scaleX":1,"rotation":0,"position":{"x":1570,"y":442},"scaleY":1},{"elementId":"table_help_d","scaleX":1,"rotation":-23.07899622522158,"position":{"x":1799,"y":404},"scaleY":1},{"elementId":"table_help_c","scaleX":0.99,"rotation":-22.636756795132364,"position":{"x":1914,"y":354},"scaleY":0.99},{"elementId":"table_help_b","scaleX":0.99,"rotation":-14.392882509558154,"position":{"x":1687,"y":439},"scaleY":0.99}],"collectableItems":[{"x":2086,"y":323},{"x":2373,"y":454},{"x":2147,"y":333},{"x":2203,"y":358},{"x":2319,"y":422},{"x":3774,"y":725},{"x":3828,"y":759},{"x":3879,"y":788},{"x":3935,"y":814},{"x":6787,"y":574},{"x":6830,"y":619},{"x":6859,"y":675},{"x":6879,"y":734},{"x":6901,"y":790},{"x":9002,"y":754},{"x":9053,"y":756},{"x":9107,"y":757},{"x":9051,"y":712},{"x":9104,"y":713},{"x":9155,"y":717},{"x":12763,"y":901},{"x":12822,"y":901},{"x":12883,"y":902},{"x":12821,"y":850},{"x":12761,"y":851},{"x":12881,"y":850},{"x":14741,"y":898},{"x":14702,"y":861},{"x":14782,"y":937},{"x":14655,"y":826},{"x":17993,"y":1098},{"x":18063,"y":1098},{"x":18139,"y":1099},{"x":18797,"y":1113},{"x":18743,"y":1112},{"x":18690,"y":1111},{"x":18635,"y":1109},{"x":18581,"y":1108},{"x":16237,"y":832},{"x":16296,"y":824},{"x":16355,"y":838}],"cameraBounds":{"x":0,"y":0,"width":20000,"height":2000,"left":0,"bottom":2000,"right":20000,"top":0,"topLeft":{"x":0,"y":0,"length":0},"size":{"x":20000,"y":2000,"length":20099.751242241782},"bottomRight":{"x":20000,"y":2000,"length":20099.751242241782}},"polygonBackgroundData":[[[]],[[{"polygon":[{"x":3505,"y":1041},{"x":3724,"y":1010},{"x":3830,"y":1042},{"x":4050,"y":1077},{"x":4248,"y":1132},{"x":4397,"y":1112},{"x":4546,"y":1092},{"x":4696,"y":1072},{"x":4683,"y":1188},{"x":4729,"y":1333},{"x":4824,"y":1447},{"x":4686,"y":1571},{"x":4774,"y":1652},{"x":4721,"y":1907},{"x":4665,"y":2031},{"x":4494,"y":2019},{"x":4249,"y":2031},{"x":4235,"y":1785},{"x":4052,"y":1585},{"x":3852,"y":1536},{"x":3631,"y":1471},{"x":3455,"y":1376},{"x":3565,"y":1168}],"usedWorldBlocks":[{"x":17,"y":2},{"x":18,"y":2},{"x":19,"y":2},{"x":19,"y":3},{"x":19,"y":4},{"x":18,"y":4},{"x":18,"y":3},{"x":17,"y":3},{"x":16,"y":2},{"x":27,"y":2},{"x":28,"y":2},{"x":29,"y":2},{"x":29,"y":3},{"x":29,"y":4},{"x":28,"y":4},{"x":28,"y":3}],"terrainTextureId":"polygon_terrain_dark_0"}]],[[{"polygon":[{"x":3965,"y":1156},{"x":4118,"y":1115},{"x":4337,"y":1127},{"x":4547,"y":1039},{"x":4708,"y":1130},{"x":4907,"y":1097},{"x":4858,"y":1228},{"x":4882,"y":1452},{"x":4667,"y":1567},{"x":4572,"y":1567},{"x":4659,"y":1778},{"x":4693,"y":1968},{"x":4659,"y":2036},{"x":4465,"y":2068},{"x":4282,"y":2041},{"x":4147,"y":1933},{"x":4080,"y":1766},{"x":4170,"y":1686},{"x":4190,"y":1523},{"x":3996,"y":1473},{"x":3824,"y":1401},{"x":3937,"y":1279}],"usedWorldBlocks":[{"x":17,"y":2},{"x":18,"y":2},{"x":19,"y":2},{"x":19,"y":3},{"x":19,"y":4},{"x":18,"y":4},{"x":18,"y":3},{"x":17,"y":3},{"x":16,"y":2},{"x":27,"y":2},{"x":28,"y":2},{"x":29,"y":2},{"x":29,"y":3},{"x":29,"y":4},{"x":28,"y":4},{"x":28,"y":3}],"terrainTextureId":"polygon_terrain_dark_0"}]],[[]]],"bridgePoints":[{"bridgeAY":979,"bridgeBX":4654,"bridgeAX":4189,"bridgeBY":1097},{"bridgeAY":1072,"bridgeBX":5408,"bridgeAX":4928,"bridgeBY":1058},{"bridgeAY":1454,"bridgeBX":10353,"bridgeAX":9938,"bridgeBY":1389},{"bridgeAY":1437,"bridgeBX":15359,"bridgeAX":14916,"bridgeBY":1252},{"bridgeAY":1167,"bridgeBX":18246,"bridgeAX":17946,"bridgeBY":1167}],"polygonGroundData":[[[{"polygon":[{"x":497,"y":544},{"x":646,"y":544},{"x":796,"y":544},{"x":946,"y":544},{"x":1096,"y":545},{"x":1246,"y":545},{"x":1396,"y":545},{"x":1653,"y":546},{"x":1801,"y":521},{"x":1959,"y":438},{"x":2107,"y":387},{"x":2260,"y":445},{"x":2413,"y":553},{"x":2534,"y":642},{"x":2655,"y":730},{"x":2801,"y":764},{"x":2948,"y":732},{"x":3063,"y":636},{"x":3231,"y":497},{"x":3351,"y":473},{"x":3550,"y":579},{"x":3660,"y":720},{"x":3796,"y":807},{"x":3934,"y":877},{"x":4174,"y":963},{"x":4108,"y":1096},{"x":3849,"y":1101},{"x":3567,"y":1160},{"x":3457,"y":1290},{"x":3348,"y":1331},{"x":3199,"y":1437},{"x":3049,"y":1427},{"x":2900,"y":1416},{"x":2729,"y":1404},{"x":2522,"y":1362},{"x":2414,"y":1122},{"x":2186,"y":1149},{"x":2007,"y":1138},{"x":1923,"y":1063},{"x":1811,"y":990},{"x":1718,"y":981},{"x":1664,"y":914},{"x":1391,"y":909},{"x":1187,"y":914},{"x":1097,"y":1089},{"x":1102,"y":1238},{"x":1110,"y":1486},{"x":913,"y":1415},{"x":687,"y":1387},{"x":573,"y":1309},{"x":458,"y":1166},{"x":499,"y":1021},{"x":578,"y":747},{"x":506,"y":646}],"usedWorldBlocks":[{"x":0,"y":1},{"x":1,"y":1},{"x":2,"y":1},{"x":3,"y":1},{"x":3,"y":0},{"x":4,"y":0},{"x":4,"y":1},{"x":5,"y":1},{"x":6,"y":1},{"x":6,"y":0},{"x":7,"y":1},{"x":8,"y":1},{"x":8,"y":2},{"x":7,"y":2},{"x":6,"y":2},{"x":5,"y":2},{"x":4,"y":2},{"x":3,"y":2},{"x":2,"y":2},{"x":1,"y":2},{"x":0,"y":2},{"x":9,"y":2},{"x":9,"y":3},{"x":8,"y":3},{"x":10,"y":2},{"x":11,"y":2},{"x":11,"y":1},{"x":12,"y":2},{"x":12,"y":1},{"x":13,"y":1},{"x":13,"y":2},{"x":14,"y":2},{"x":15,"y":2},{"x":16,"y":2},{"x":16,"y":3},{"x":16,"y":4},{"x":15,"y":4},{"x":15,"y":3},{"x":14,"y":3},{"x":13,"y":3},{"x":12,"y":3},{"x":11,"y":3},{"x":17,"y":2},{"x":17,"y":3},{"x":18,"y":3},{"x":18,"y":4},{"x":17,"y":4},{"x":19,"y":3},{"x":19,"y":2},{"x":19,"y":4},{"x":17,"y":1},{"x":18,"y":1},{"x":18,"y":2},{"x":14,"y":0},{"x":15,"y":0},{"x":16,"y":0},{"x":16,"y":1},{"x":15,"y":1},{"x":20,"y":2},{"x":21,"y":2},{"x":22,"y":2},{"x":22,"y":1},{"x":23,"y":1},{"x":24,"y":1},{"x":24,"y":2},{"x":25,"y":1},{"x":25,"y":2},{"x":26,"y":2},{"x":27,"y":2},{"x":26,"y":3},{"x":26,"y":4},{"x":25,"y":3},{"x":24,"y":3},{"x":23,"y":2},{"x":23,"y":3},{"x":22,"y":3},{"x":21,"y":3},{"x":22,"y":4},{"x":21,"y":4},{"x":20,"y":3},{"x":28,"y":2},{"x":28,"y":3},{"x":28,"y":4},{"x":27,"y":4},{"x":27,"y":3},{"x":29,"y":3},{"x":29,"y":2},{"x":29,"y":4},{"x":28,"y":1},{"x":29,"y":1},{"x":30,"y":2},{"x":31,"y":2},{"x":31,"y":1},{"x":32,"y":1},{"x":32,"y":2},{"x":33,"y":2},{"x":34,"y":2},{"x":34,"y":1},{"x":34,"y":3},{"x":33,"y":3},{"x":34,"y":4},{"x":33,"y":4},{"x":31,"y":3},{"x":31,"y":4},{"x":35,"y":2},{"x":35,"y":3},{"x":36,"y":4},{"x":35,"y":4},{"x":36,"y":2},{"x":37,"y":2},{"x":38,"y":2},{"x":37,"y":3},{"x":37,"y":4},{"x":36,"y":3},{"x":39,"y":2},{"x":40,"y":2},{"x":40,"y":3},{"x":40,"y":4},{"x":39,"y":4},{"x":38,"y":4},{"x":38,"y":3}],"terrainTextureId":"polygon_terrain_0"},{"polygon":[{"x":4253,"y":1254},{"x":4458,"y":1150},{"x":4647,"y":1106},{"x":4906,"y":1058},{"x":4914,"y":1106},{"x":4808,"y":1265},{"x":4704,"y":1506},{"x":4790,"y":1628},{"x":4929,"y":1825},{"x":4687,"y":1815},{"x":4547,"y":1788},{"x":4422,"y":1790},{"x":4291,"y":1793},{"x":4273,"y":1644},{"x":4246,"y":1415}],"usedWorldBlocks":[{"x":0,"y":1},{"x":1,"y":1},{"x":2,"y":1},{"x":3,"y":1},{"x":3,"y":0},{"x":4,"y":0},{"x":4,"y":1},{"x":5,"y":1},{"x":6,"y":1},{"x":6,"y":0},{"x":7,"y":1},{"x":8,"y":1},{"x":8,"y":2},{"x":7,"y":2},{"x":6,"y":2},{"x":5,"y":2},{"x":4,"y":2},{"x":3,"y":2},{"x":2,"y":2},{"x":1,"y":2},{"x":0,"y":2},{"x":9,"y":2},{"x":9,"y":3},{"x":8,"y":3},{"x":10,"y":2},{"x":11,"y":2},{"x":11,"y":1},{"x":12,"y":2},{"x":12,"y":1},{"x":13,"y":1},{"x":13,"y":2},{"x":14,"y":2},{"x":15,"y":2},{"x":16,"y":2},{"x":16,"y":3},{"x":16,"y":4},{"x":15,"y":4},{"x":15,"y":3},{"x":14,"y":3},{"x":13,"y":3},{"x":12,"y":3},{"x":11,"y":3},{"x":17,"y":2},{"x":17,"y":3},{"x":18,"y":3},{"x":18,"y":4},{"x":17,"y":4},{"x":19,"y":3},{"x":19,"y":2},{"x":19,"y":4},{"x":17,"y":1},{"x":18,"y":1},{"x":18,"y":2},{"x":14,"y":0},{"x":15,"y":0},{"x":16,"y":0},{"x":16,"y":1},{"x":15,"y":1},{"x":20,"y":2},{"x":21,"y":2},{"x":22,"y":2},{"x":22,"y":1},{"x":23,"y":1},{"x":24,"y":1},{"x":24,"y":2},{"x":25,"y":1},{"x":25,"y":2},{"x":26,"y":2},{"x":27,"y":2},{"x":26,"y":3},{"x":26,"y":4},{"x":25,"y":3},{"x":24,"y":3},{"x":23,"y":2},{"x":23,"y":3},{"x":22,"y":3},{"x":21,"y":3},{"x":22,"y":4},{"x":21,"y":4},{"x":20,"y":3},{"x":28,"y":2},{"x":28,"y":3},{"x":28,"y":4},{"x":27,"y":4},{"x":27,"y":3},{"x":29,"y":3},{"x":29,"y":2},{"x":29,"y":4},{"x":28,"y":1},{"x":29,"y":1},{"x":30,"y":2},{"x":31,"y":2},{"x":31,"y":1},{"x":32,"y":1},{"x":32,"y":2},{"x":33,"y":2},{"x":34,"y":2},{"x":34,"y":1},{"x":34,"y":3},{"x":33,"y":3},{"x":34,"y":4},{"x":33,"y":4},{"x":31,"y":3},{"x":31,"y":4},{"x":35,"y":2},{"x":35,"y":3},{"x":36,"y":4},{"x":35,"y":4},{"x":36,"y":2},{"x":37,"y":2},{"x":38,"y":2},{"x":37,"y":3},{"x":37,"y":4},{"x":36,"y":3},{"x":39,"y":2},{"x":40,"y":2},{"x":40,"y":3},{"x":40,"y":4},{"x":39,"y":4},{"x":38,"y":4},{"x":38,"y":3}],"terrainTextureId":"polygon_terrain_0"}]],[[{"polygon":[{"x":406,"y":1087},{"x":454,"y":1042},{"x":632,"y":1024},{"x":793,"y":948},{"x":1010,"y":1041},{"x":1171,"y":1013},{"x":1307,"y":913},{"x":1406,"y":799},{"x":1602,"y":574},{"x":1701,"y":567},{"x":1808,"y":659},{"x":1871,"y":825},{"x":1941,"y":1042},{"x":2130,"y":1213},{"x":2276,"y":1270},{"x":2419,"y":1295},{"x":2569,"y":1289},{"x":2712,"y":1246},{"x":2856,"y":1202},{"x":3034,"y":1071},{"x":3110,"y":1116},{"x":3046,"y":1263},{"x":3104,"y":1401},{"x":3163,"y":1539},{"x":3152,"y":1712},{"x":3257,"y":1824},{"x":3335,"y":2062},{"x":3207,"y":2031},{"x":3046,"y":2036},{"x":2879,"y":2042},{"x":2771,"y":2044},{"x":2582,"y":2046},{"x":2628,"y":1903},{"x":2687,"y":1720},{"x":2764,"y":1543},{"x":2684,"y":1399},{"x":2468,"y":1439},{"x":2406,"y":1576},{"x":2339,"y":1723},{"x":2091,"y":1843},{"x":1877,"y":1745},{"x":1758,"y":1651},{"x":1650,"y":1600},{"x":1488,"y":1505},{"x":1362,"y":1355},{"x":1229,"y":1387},{"x":1147,"y":1455},{"x":1197,"y":1627},{"x":1094,"y":1755},{"x":975,"y":1712},{"x":753,"y":1628},{"x":613,"y":1369},{"x":406,"y":1237}],"usedWorldBlocks":[{"x":0,"y":1},{"x":1,"y":1},{"x":2,"y":1},{"x":3,"y":1},{"x":3,"y":0},{"x":4,"y":0},{"x":4,"y":1},{"x":5,"y":1},{"x":6,"y":1},{"x":6,"y":0},{"x":7,"y":1},{"x":8,"y":1},{"x":8,"y":2},{"x":7,"y":2},{"x":6,"y":2},{"x":5,"y":2},{"x":4,"y":2},{"x":3,"y":2},{"x":2,"y":2},{"x":1,"y":2},{"x":0,"y":2},{"x":9,"y":2},{"x":9,"y":3},{"x":8,"y":3},{"x":10,"y":2},{"x":11,"y":2},{"x":11,"y":1},{"x":12,"y":2},{"x":12,"y":1},{"x":13,"y":1},{"x":13,"y":2},{"x":14,"y":2},{"x":15,"y":2},{"x":16,"y":2},{"x":16,"y":3},{"x":16,"y":4},{"x":15,"y":4},{"x":15,"y":3},{"x":14,"y":3},{"x":13,"y":3},{"x":12,"y":3},{"x":11,"y":3},{"x":17,"y":2},{"x":17,"y":3},{"x":18,"y":3},{"x":18,"y":4},{"x":17,"y":4},{"x":19,"y":3},{"x":19,"y":2},{"x":19,"y":4},{"x":17,"y":1},{"x":18,"y":1},{"x":18,"y":2},{"x":14,"y":0},{"x":15,"y":0},{"x":16,"y":0},{"x":16,"y":1},{"x":15,"y":1},{"x":20,"y":2},{"x":21,"y":2},{"x":22,"y":2},{"x":22,"y":1},{"x":23,"y":1},{"x":24,"y":1},{"x":24,"y":2},{"x":25,"y":1},{"x":25,"y":2},{"x":26,"y":2},{"x":27,"y":2},{"x":26,"y":3},{"x":26,"y":4},{"x":25,"y":3},{"x":24,"y":3},{"x":23,"y":2},{"x":23,"y":3},{"x":22,"y":3},{"x":21,"y":3},{"x":22,"y":4},{"x":21,"y":4},{"x":20,"y":3},{"x":28,"y":2},{"x":28,"y":3},{"x":28,"y":4},{"x":27,"y":4},{"x":27,"y":3},{"x":29,"y":3},{"x":29,"y":2},{"x":29,"y":4},{"x":28,"y":1},{"x":29,"y":1},{"x":30,"y":2},{"x":31,"y":2},{"x":31,"y":1},{"x":32,"y":1},{"x":32,"y":2},{"x":33,"y":2},{"x":34,"y":2},{"x":34,"y":1},{"x":34,"y":3},{"x":33,"y":3},{"x":34,"y":4},{"x":33,"y":4},{"x":31,"y":3},{"x":31,"y":4},{"x":35,"y":2},{"x":35,"y":3},{"x":36,"y":4},{"x":35,"y":4},{"x":36,"y":2},{"x":37,"y":2},{"x":38,"y":2},{"x":37,"y":3},{"x":37,"y":4},{"x":36,"y":3},{"x":39,"y":2},{"x":40,"y":2},{"x":40,"y":3},{"x":40,"y":4},{"x":39,"y":4},{"x":38,"y":4},{"x":38,"y":3}],"terrainTextureId":"polygon_terrain_0"},{"polygon":[{"x":3352,"y":1375},{"x":3413,"y":1316},{"x":3567,"y":1423},{"x":3728,"y":1456},{"x":3862,"y":1513},{"x":4048,"y":1559},{"x":4200,"y":1550},{"x":4402,"y":1501},{"x":4405,"y":1561},{"x":4282,"y":1688},{"x":4260,"y":1822},{"x":4272,"y":2058},{"x":4104,"y":2068},{"x":4132,"y":1876},{"x":4059,"y":1761},{"x":3884,"y":1816},{"x":3964,"y":2058},{"x":3712,"y":2066},{"x":3776,"y":1917},{"x":3686,"y":1678},{"x":3559,"y":1588},{"x":3399,"y":1519}],"usedWorldBlocks":[{"x":0,"y":1},{"x":1,"y":1},{"x":2,"y":1},{"x":3,"y":1},{"x":3,"y":0},{"x":4,"y":0},{"x":4,"y":1},{"x":5,"y":1},{"x":6,"y":1},{"x":6,"y":0},{"x":7,"y":1},{"x":8,"y":1},{"x":8,"y":2},{"x":7,"y":2},{"x":6,"y":2},{"x":5,"y":2},{"x":4,"y":2},{"x":3,"y":2},{"x":2,"y":2},{"x":1,"y":2},{"x":0,"y":2},{"x":9,"y":2},{"x":9,"y":3},{"x":8,"y":3},{"x":10,"y":2},{"x":11,"y":2},{"x":11,"y":1},{"x":12,"y":2},{"x":12,"y":1},{"x":13,"y":1},{"x":13,"y":2},{"x":14,"y":2},{"x":15,"y":2},{"x":16,"y":2},{"x":16,"y":3},{"x":16,"y":4},{"x":15,"y":4},{"x":15,"y":3},{"x":14,"y":3},{"x":13,"y":3},{"x":12,"y":3},{"x":11,"y":3},{"x":17,"y":2},{"x":17,"y":3},{"x":18,"y":3},{"x":18,"y":4},{"x":17,"y":4},{"x":19,"y":3},{"x":19,"y":2},{"x":19,"y":4},{"x":17,"y":1},{"x":18,"y":1},{"x":18,"y":2},{"x":14,"y":0},{"x":15,"y":0},{"x":16,"y":0},{"x":16,"y":1},{"x":15,"y":1},{"x":20,"y":2},{"x":21,"y":2},{"x":22,"y":2},{"x":22,"y":1},{"x":23,"y":1},{"x":24,"y":1},{"x":24,"y":2},{"x":25,"y":1},{"x":25,"y":2},{"x":26,"y":2},{"x":27,"y":2},{"x":26,"y":3},{"x":26,"y":4},{"x":25,"y":3},{"x":24,"y":3},{"x":23,"y":2},{"x":23,"y":3},{"x":22,"y":3},{"x":21,"y":3},{"x":22,"y":4},{"x":21,"y":4},{"x":20,"y":3},{"x":28,"y":2},{"x":28,"y":3},{"x":28,"y":4},{"x":27,"y":4},{"x":27,"y":3},{"x":29,"y":3},{"x":29,"y":2},{"x":29,"y":4},{"x":28,"y":1},{"x":29,"y":1},{"x":30,"y":2},{"x":31,"y":2},{"x":31,"y":1},{"x":32,"y":1},{"x":32,"y":2},{"x":33,"y":2},{"x":34,"y":2},{"x":34,"y":1},{"x":34,"y":3},{"x":33,"y":3},{"x":34,"y":4},{"x":33,"y":4},{"x":31,"y":3},{"x":31,"y":4},{"x":35,"y":2},{"x":35,"y":3},{"x":36,"y":4},{"x":35,"y":4},{"x":36,"y":2},{"x":37,"y":2},{"x":38,"y":2},{"x":37,"y":3},{"x":37,"y":4},{"x":36,"y":3},{"x":39,"y":2},{"x":40,"y":2},{"x":40,"y":3},{"x":40,"y":4},{"x":39,"y":4},{"x":38,"y":4},{"x":38,"y":3}],"terrainTextureId":"polygon_terrain_0"},{"polygon":[{"x":4586,"y":1515},{"x":4715,"y":1438},{"x":4923,"y":1446},{"x":4922,"y":1595},{"x":4878,"y":1760},{"x":4951,"y":1943},{"x":4921,"y":2148},{"x":4771,"y":2145},{"x":4481,"y":2140},{"x":4684,"y":1957},{"x":4702,"y":1808},{"x":4723,"y":1649}],"usedWorldBlocks":[{"x":0,"y":1},{"x":1,"y":1},{"x":2,"y":1},{"x":3,"y":1},{"x":3,"y":0},{"x":4,"y":0},{"x":4,"y":1},{"x":5,"y":1},{"x":6,"y":1},{"x":6,"y":0},{"x":7,"y":1},{"x":8,"y":1},{"x":8,"y":2},{"x":7,"y":2},{"x":6,"y":2},{"x":5,"y":2},{"x":4,"y":2},{"x":3,"y":2},{"x":2,"y":2},{"x":1,"y":2},{"x":0,"y":2},{"x":9,"y":2},{"x":9,"y":3},{"x":8,"y":3},{"x":10,"y":2},{"x":11,"y":2},{"x":11,"y":1},{"x":12,"y":2},{"x":12,"y":1},{"x":13,"y":1},{"x":13,"y":2},{"x":14,"y":2},{"x":15,"y":2},{"x":16,"y":2},{"x":16,"y":3},{"x":16,"y":4},{"x":15,"y":4},{"x":15,"y":3},{"x":14,"y":3},{"x":13,"y":3},{"x":12,"y":3},{"x":11,"y":3},{"x":17,"y":2},{"x":17,"y":3},{"x":18,"y":3},{"x":18,"y":4},{"x":17,"y":4},{"x":19,"y":3},{"x":19,"y":2},{"x":19,"y":4},{"x":17,"y":1},{"x":18,"y":1},{"x":18,"y":2},{"x":14,"y":0},{"x":15,"y":0},{"x":16,"y":0},{"x":16,"y":1},{"x":15,"y":1},{"x":20,"y":2},{"x":21,"y":2},{"x":22,"y":2},{"x":22,"y":1},{"x":23,"y":1},{"x":24,"y":1},{"x":24,"y":2},{"x":25,"y":1},{"x":25,"y":2},{"x":26,"y":2},{"x":27,"y":2},{"x":26,"y":3},{"x":26,"y":4},{"x":25,"y":3},{"x":24,"y":3},{"x":23,"y":2},{"x":23,"y":3},{"x":22,"y":3},{"x":21,"y":3},{"x":22,"y":4},{"x":21,"y":4},{"x":20,"y":3},{"x":28,"y":2},{"x":28,"y":3},{"x":28,"y":4},{"x":27,"y":4},{"x":27,"y":3},{"x":29,"y":3},{"x":29,"y":2},{"x":29,"y":4},{"x":28,"y":1},{"x":29,"y":1},{"x":30,"y":2},{"x":31,"y":2},{"x":31,"y":1},{"x":32,"y":1},{"x":32,"y":2},{"x":33,"y":2},{"x":34,"y":2},{"x":34,"y":1},{"x":34,"y":3},{"x":33,"y":3},{"x":34,"y":4},{"x":33,"y":4},{"x":31,"y":3},{"x":31,"y":4},{"x":35,"y":2},{"x":35,"y":3},{"x":36,"y":4},{"x":35,"y":4},{"x":36,"y":2},{"x":37,"y":2},{"x":38,"y":2},{"x":37,"y":3},{"x":37,"y":4},{"x":36,"y":3},{"x":39,"y":2},{"x":40,"y":2},{"x":40,"y":3},{"x":40,"y":4},{"x":39,"y":4},{"x":38,"y":4},{"x":38,"y":3}],"terrainTextureId":"polygon_terrain_0"},{"polygon":[{"x":3413,"y":1028},{"x":3559,"y":996},{"x":3718,"y":963},{"x":3802,"y":914},{"x":3997,"y":843},{"x":4063,"y":977},{"x":4212,"y":1068},{"x":4360,"y":1094},{"x":4507,"y":1066},{"x":4686,"y":1031},{"x":4735,"y":1084},{"x":4590,"y":1122},{"x":4338,"y":1188},{"x":4163,"y":1162},{"x":3993,"y":1106},{"x":3855,"y":1117},{"x":3749,"y":1056},{"x":3486,"y":1083}],"usedWorldBlocks":[{"x":0,"y":1},{"x":1,"y":1},{"x":2,"y":1},{"x":3,"y":1},{"x":3,"y":0},{"x":4,"y":0},{"x":4,"y":1},{"x":5,"y":1},{"x":6,"y":1},{"x":6,"y":0},{"x":7,"y":1},{"x":8,"y":1},{"x":8,"y":2},{"x":7,"y":2},{"x":6,"y":2},{"x":5,"y":2},{"x":4,"y":2},{"x":3,"y":2},{"x":2,"y":2},{"x":1,"y":2},{"x":0,"y":2},{"x":9,"y":2},{"x":9,"y":3},{"x":8,"y":3},{"x":10,"y":2},{"x":11,"y":2},{"x":11,"y":1},{"x":12,"y":2},{"x":12,"y":1},{"x":13,"y":1},{"x":13,"y":2},{"x":14,"y":2},{"x":15,"y":2},{"x":16,"y":2},{"x":16,"y":3},{"x":16,"y":4},{"x":15,"y":4},{"x":15,"y":3},{"x":14,"y":3},{"x":13,"y":3},{"x":12,"y":3},{"x":11,"y":3},{"x":17,"y":2},{"x":17,"y":3},{"x":18,"y":3},{"x":18,"y":4},{"x":17,"y":4},{"x":19,"y":3},{"x":19,"y":2},{"x":19,"y":4},{"x":17,"y":1},{"x":18,"y":1},{"x":18,"y":2},{"x":14,"y":0},{"x":15,"y":0},{"x":16,"y":0},{"x":16,"y":1},{"x":15,"y":1},{"x":20,"y":2},{"x":21,"y":2},{"x":22,"y":2},{"x":22,"y":1},{"x":23,"y":1},{"x":24,"y":1},{"x":24,"y":2},{"x":25,"y":1},{"x":25,"y":2},{"x":26,"y":2},{"x":27,"y":2},{"x":26,"y":3},{"x":26,"y":4},{"x":25,"y":3},{"x":24,"y":3},{"x":23,"y":2},{"x":23,"y":3},{"x":22,"y":3},{"x":21,"y":3},{"x":22,"y":4},{"x":21,"y":4},{"x":20,"y":3},{"x":28,"y":2},{"x":28,"y":3},{"x":28,"y":4},{"x":27,"y":4},{"x":27,"y":3},{"x":29,"y":3},{"x":29,"y":2},{"x":29,"y":4},{"x":28,"y":1},{"x":29,"y":1},{"x":30,"y":2},{"x":31,"y":2},{"x":31,"y":1},{"x":32,"y":1},{"x":32,"y":2},{"x":33,"y":2},{"x":34,"y":2},{"x":34,"y":1},{"x":34,"y":3},{"x":33,"y":3},{"x":34,"y":4},{"x":33,"y":4},{"x":31,"y":3},{"x":31,"y":4},{"x":35,"y":2},{"x":35,"y":3},{"x":36,"y":4},{"x":35,"y":4},{"x":36,"y":2},{"x":37,"y":2},{"x":38,"y":2},{"x":37,"y":3},{"x":37,"y":4},{"x":36,"y":3},{"x":39,"y":2},{"x":40,"y":2},{"x":40,"y":3},{"x":40,"y":4},{"x":39,"y":4},{"x":38,"y":4},{"x":38,"y":3}],"terrainTextureId":"polygon_terrain_0"},{"polygon":[{"x":2486,"y":58},{"x":2720,"y":54},{"x":2908,"y":85},{"x":2989,"y":151},{"x":3086,"y":156},{"x":3258,"y":180},{"x":3439,"y":118},{"x":3394,"y":358},{"x":3238,"y":514},{"x":3154,"y":763},{"x":2938,"y":686},{"x":2877,"y":530},{"x":2684,"y":427},{"x":2557,"y":190}],"usedWorldBlocks":[{"x":0,"y":1},{"x":1,"y":1},{"x":2,"y":1},{"x":3,"y":1},{"x":3,"y":0},{"x":4,"y":0},{"x":4,"y":1},{"x":5,"y":1},{"x":6,"y":1},{"x":6,"y":0},{"x":7,"y":1},{"x":8,"y":1},{"x":8,"y":2},{"x":7,"y":2},{"x":6,"y":2},{"x":5,"y":2},{"x":4,"y":2},{"x":3,"y":2},{"x":2,"y":2},{"x":1,"y":2},{"x":0,"y":2},{"x":9,"y":2},{"x":9,"y":3},{"x":8,"y":3},{"x":10,"y":2},{"x":11,"y":2},{"x":11,"y":1},{"x":12,"y":2},{"x":12,"y":1},{"x":13,"y":1},{"x":13,"y":2},{"x":14,"y":2},{"x":15,"y":2},{"x":16,"y":2},{"x":16,"y":3},{"x":16,"y":4},{"x":15,"y":4},{"x":15,"y":3},{"x":14,"y":3},{"x":13,"y":3},{"x":12,"y":3},{"x":11,"y":3},{"x":17,"y":2},{"x":17,"y":3},{"x":18,"y":3},{"x":18,"y":4},{"x":17,"y":4},{"x":19,"y":3},{"x":19,"y":2},{"x":19,"y":4},{"x":17,"y":1},{"x":18,"y":1},{"x":18,"y":2},{"x":14,"y":0},{"x":15,"y":0},{"x":16,"y":0},{"x":16,"y":1},{"x":15,"y":1},{"x":20,"y":2},{"x":21,"y":2},{"x":22,"y":2},{"x":22,"y":1},{"x":23,"y":1},{"x":24,"y":1},{"x":24,"y":2},{"x":25,"y":1},{"x":25,"y":2},{"x":26,"y":2},{"x":27,"y":2},{"x":26,"y":3},{"x":26,"y":4},{"x":25,"y":3},{"x":24,"y":3},{"x":23,"y":2},{"x":23,"y":3},{"x":22,"y":3},{"x":21,"y":3},{"x":22,"y":4},{"x":21,"y":4},{"x":20,"y":3},{"x":28,"y":2},{"x":28,"y":3},{"x":28,"y":4},{"x":27,"y":4},{"x":27,"y":3},{"x":29,"y":3},{"x":29,"y":2},{"x":29,"y":4},{"x":28,"y":1},{"x":29,"y":1},{"x":30,"y":2},{"x":31,"y":2},{"x":31,"y":1},{"x":32,"y":1},{"x":32,"y":2},{"x":33,"y":2},{"x":34,"y":2},{"x":34,"y":1},{"x":34,"y":3},{"x":33,"y":3},{"x":34,"y":4},{"x":33,"y":4},{"x":31,"y":3},{"x":31,"y":4},{"x":35,"y":2},{"x":35,"y":3},{"x":36,"y":4},{"x":35,"y":4},{"x":36,"y":2},{"x":37,"y":2},{"x":38,"y":2},{"x":37,"y":3},{"x":37,"y":4},{"x":36,"y":3},{"x":39,"y":2},{"x":40,"y":2},{"x":40,"y":3},{"x":40,"y":4},{"x":39,"y":4},{"x":38,"y":4},{"x":38,"y":3}],"terrainTextureId":"polygon_terrain_0"}]],[[{"polygon":[{"x":356,"y":1406},{"x":415,"y":1360},{"x":564,"y":1354},{"x":759,"y":1295},{"x":874,"y":1199},{"x":999,"y":1094},{"x":1138,"y":1024},{"x":1280,"y":1026},{"x":1462,"y":921},{"x":1661,"y":919},{"x":1885,"y":786},{"x":2017,"y":849},{"x":2107,"y":982},{"x":2288,"y":1065},{"x":2495,"y":1064},{"x":2714,"y":971},{"x":2766,"y":1069},{"x":2727,"y":1136},{"x":2776,"y":1248},{"x":2928,"y":1354},{"x":3077,"y":1365},{"x":3216,"y":1309},{"x":3355,"y":1253},{"x":3545,"y":1176},{"x":3523,"y":1273},{"x":3385,"y":1440},{"x":3313,"y":1556},{"x":3357,"y":1701},{"x":3451,"y":1857},{"x":3411,"y":2049},{"x":3292,"y":2056},{"x":3156,"y":2060},{"x":3097,"y":1922},{"x":3083,"y":1780},{"x":2949,"y":1578},{"x":2706,"y":1571},{"x":2582,"y":1655},{"x":2416,"y":1768},{"x":2260,"y":1747},{"x":2181,"y":1651},{"x":2043,"y":1579},{"x":1881,"y":1491},{"x":1731,"y":1492},{"x":1559,"y":1570},{"x":1442,"y":1769},{"x":1231,"y":1758},{"x":1157,"y":1549},{"x":947,"y":1482},{"x":809,"y":1480},{"x":762,"y":1611},{"x":835,"y":1756},{"x":942,"y":1851},{"x":1093,"y":2053},{"x":969,"y":2044},{"x":866,"y":2063},{"x":635,"y":2064},{"x":631,"y":1915},{"x":567,"y":1788},{"x":581,"y":1609},{"x":449,"y":1547},{"x":316,"y":1606}],"usedWorldBlocks":[{"x":0,"y":1},{"x":1,"y":1},{"x":2,"y":1},{"x":3,"y":1},{"x":3,"y":0},{"x":4,"y":0},{"x":4,"y":1},{"x":5,"y":1},{"x":6,"y":1},{"x":6,"y":0},{"x":7,"y":1},{"x":8,"y":1},{"x":8,"y":2},{"x":7,"y":2},{"x":6,"y":2},{"x":5,"y":2},{"x":4,"y":2},{"x":3,"y":2},{"x":2,"y":2},{"x":1,"y":2},{"x":0,"y":2},{"x":9,"y":2},{"x":9,"y":3},{"x":8,"y":3},{"x":10,"y":2},{"x":11,"y":2},{"x":11,"y":1},{"x":12,"y":2},{"x":12,"y":1},{"x":13,"y":1},{"x":13,"y":2},{"x":14,"y":2},{"x":15,"y":2},{"x":16,"y":2},{"x":16,"y":3},{"x":16,"y":4},{"x":15,"y":4},{"x":15,"y":3},{"x":14,"y":3},{"x":13,"y":3},{"x":12,"y":3},{"x":11,"y":3},{"x":17,"y":2},{"x":17,"y":3},{"x":18,"y":3},{"x":18,"y":4},{"x":17,"y":4},{"x":19,"y":3},{"x":19,"y":2},{"x":19,"y":4},{"x":17,"y":1},{"x":18,"y":1},{"x":18,"y":2},{"x":14,"y":0},{"x":15,"y":0},{"x":16,"y":0},{"x":16,"y":1},{"x":15,"y":1},{"x":20,"y":2},{"x":21,"y":2},{"x":22,"y":2},{"x":22,"y":1},{"x":23,"y":1},{"x":24,"y":1},{"x":24,"y":2},{"x":25,"y":1},{"x":25,"y":2},{"x":26,"y":2},{"x":27,"y":2},{"x":26,"y":3},{"x":26,"y":4},{"x":25,"y":3},{"x":24,"y":3},{"x":23,"y":2},{"x":23,"y":3},{"x":22,"y":3},{"x":21,"y":3},{"x":22,"y":4},{"x":21,"y":4},{"x":20,"y":3},{"x":28,"y":2},{"x":28,"y":3},{"x":28,"y":4},{"x":27,"y":4},{"x":27,"y":3},{"x":29,"y":3},{"x":29,"y":2},{"x":29,"y":4},{"x":28,"y":1},{"x":29,"y":1},{"x":30,"y":2},{"x":31,"y":2},{"x":31,"y":1},{"x":32,"y":1},{"x":32,"y":2},{"x":33,"y":2},{"x":34,"y":2},{"x":34,"y":1},{"x":34,"y":3},{"x":33,"y":3},{"x":34,"y":4},{"x":33,"y":4},{"x":31,"y":3},{"x":31,"y":4},{"x":35,"y":2},{"x":35,"y":3},{"x":36,"y":4},{"x":35,"y":4},{"x":36,"y":2},{"x":37,"y":2},{"x":38,"y":2},{"x":37,"y":3},{"x":37,"y":4},{"x":36,"y":3},{"x":39,"y":2},{"x":40,"y":2},{"x":40,"y":3},{"x":40,"y":4},{"x":39,"y":4},{"x":38,"y":4},{"x":38,"y":3}],"terrainTextureId":"polygon_terrain_0"},{"polygon":[{"x":3819,"y":1367},{"x":3964,"y":1423},{"x":4130,"y":1477},{"x":4401,"y":1495},{"x":4381,"y":1561},{"x":4235,"y":1623},{"x":4134,"y":1754},{"x":4190,"y":1905},{"x":4316,"y":2034},{"x":4166,"y":2037},{"x":4016,"y":2040},{"x":3846,"y":2044},{"x":3941,"y":1797},{"x":3927,"y":1609},{"x":3762,"y":1439}],"usedWorldBlocks":[{"x":0,"y":1},{"x":1,"y":1},{"x":2,"y":1},{"x":3,"y":1},{"x":3,"y":0},{"x":4,"y":0},{"x":4,"y":1},{"x":5,"y":1},{"x":6,"y":1},{"x":6,"y":0},{"x":7,"y":1},{"x":8,"y":1},{"x":8,"y":2},{"x":7,"y":2},{"x":6,"y":2},{"x":5,"y":2},{"x":4,"y":2},{"x":3,"y":2},{"x":2,"y":2},{"x":1,"y":2},{"x":0,"y":2},{"x":9,"y":2},{"x":9,"y":3},{"x":8,"y":3},{"x":10,"y":2},{"x":11,"y":2},{"x":11,"y":1},{"x":12,"y":2},{"x":12,"y":1},{"x":13,"y":1},{"x":13,"y":2},{"x":14,"y":2},{"x":15,"y":2},{"x":16,"y":2},{"x":16,"y":3},{"x":16,"y":4},{"x":15,"y":4},{"x":15,"y":3},{"x":14,"y":3},{"x":13,"y":3},{"x":12,"y":3},{"x":11,"y":3},{"x":17,"y":2},{"x":17,"y":3},{"x":18,"y":3},{"x":18,"y":4},{"x":17,"y":4},{"x":19,"y":3},{"x":19,"y":2},{"x":19,"y":4},{"x":17,"y":1},{"x":18,"y":1},{"x":18,"y":2},{"x":14,"y":0},{"x":15,"y":0},{"x":16,"y":0},{"x":16,"y":1},{"x":15,"y":1},{"x":20,"y":2},{"x":21,"y":2},{"x":22,"y":2},{"x":22,"y":1},{"x":23,"y":1},{"x":24,"y":1},{"x":24,"y":2},{"x":25,"y":1},{"x":25,"y":2},{"x":26,"y":2},{"x":27,"y":2},{"x":26,"y":3},{"x":26,"y":4},{"x":25,"y":3},{"x":24,"y":3},{"x":23,"y":2},{"x":23,"y":3},{"x":22,"y":3},{"x":21,"y":3},{"x":22,"y":4},{"x":21,"y":4},{"x":20,"y":3},{"x":28,"y":2},{"x":28,"y":3},{"x":28,"y":4},{"x":27,"y":4},{"x":27,"y":3},{"x":29,"y":3},{"x":29,"y":2},{"x":29,"y":4},{"x":28,"y":1},{"x":29,"y":1},{"x":30,"y":2},{"x":31,"y":2},{"x":31,"y":1},{"x":32,"y":1},{"x":32,"y":2},{"x":33,"y":2},{"x":34,"y":2},{"x":34,"y":1},{"x":34,"y":3},{"x":33,"y":3},{"x":34,"y":4},{"x":33,"y":4},{"x":31,"y":3},{"x":31,"y":4},{"x":35,"y":2},{"x":35,"y":3},{"x":36,"y":4},{"x":35,"y":4},{"x":36,"y":2},{"x":37,"y":2},{"x":38,"y":2},{"x":37,"y":3},{"x":37,"y":4},{"x":36,"y":3},{"x":39,"y":2},{"x":40,"y":2},{"x":40,"y":3},{"x":40,"y":4},{"x":39,"y":4},{"x":38,"y":4},{"x":38,"y":3}],"terrainTextureId":"polygon_terrain_0"},{"polygon":[{"x":4551,"y":1547},{"x":4701,"y":1525},{"x":4897,"y":1422},{"x":4921,"y":1482},{"x":4889,"y":1640},{"x":4796,"y":1755},{"x":4811,"y":1916},{"x":4899,"y":2048},{"x":4643,"y":2055},{"x":4640,"y":1888},{"x":4562,"y":1678}],"usedWorldBlocks":[{"x":0,"y":1},{"x":1,"y":1},{"x":2,"y":1},{"x":3,"y":1},{"x":3,"y":0},{"x":4,"y":0},{"x":4,"y":1},{"x":5,"y":1},{"x":6,"y":1},{"x":6,"y":0},{"x":7,"y":1},{"x":8,"y":1},{"x":8,"y":2},{"x":7,"y":2},{"x":6,"y":2},{"x":5,"y":2},{"x":4,"y":2},{"x":3,"y":2},{"x":2,"y":2},{"x":1,"y":2},{"x":0,"y":2},{"x":9,"y":2},{"x":9,"y":3},{"x":8,"y":3},{"x":10,"y":2},{"x":11,"y":2},{"x":11,"y":1},{"x":12,"y":2},{"x":12,"y":1},{"x":13,"y":1},{"x":13,"y":2},{"x":14,"y":2},{"x":15,"y":2},{"x":16,"y":2},{"x":16,"y":3},{"x":16,"y":4},{"x":15,"y":4},{"x":15,"y":3},{"x":14,"y":3},{"x":13,"y":3},{"x":12,"y":3},{"x":11,"y":3},{"x":17,"y":2},{"x":17,"y":3},{"x":18,"y":3},{"x":18,"y":4},{"x":17,"y":4},{"x":19,"y":3},{"x":19,"y":2},{"x":19,"y":4},{"x":17,"y":1},{"x":18,"y":1},{"x":18,"y":2},{"x":14,"y":0},{"x":15,"y":0},{"x":16,"y":0},{"x":16,"y":1},{"x":15,"y":1},{"x":20,"y":2},{"x":21,"y":2},{"x":22,"y":2},{"x":22,"y":1},{"x":23,"y":1},{"x":24,"y":1},{"x":24,"y":2},{"x":25,"y":1},{"x":25,"y":2},{"x":26,"y":2},{"x":27,"y":2},{"x":26,"y":3},{"x":26,"y":4},{"x":25,"y":3},{"x":24,"y":3},{"x":23,"y":2},{"x":23,"y":3},{"x":22,"y":3},{"x":21,"y":3},{"x":22,"y":4},{"x":21,"y":4},{"x":20,"y":3},{"x":28,"y":2},{"x":28,"y":3},{"x":28,"y":4},{"x":27,"y":4},{"x":27,"y":3},{"x":29,"y":3},{"x":29,"y":2},{"x":29,"y":4},{"x":28,"y":1},{"x":29,"y":1},{"x":30,"y":2},{"x":31,"y":2},{"x":31,"y":1},{"x":32,"y":1},{"x":32,"y":2},{"x":33,"y":2},{"x":34,"y":2},{"x":34,"y":1},{"x":34,"y":3},{"x":33,"y":3},{"x":34,"y":4},{"x":33,"y":4},{"x":31,"y":3},{"x":31,"y":4},{"x":35,"y":2},{"x":35,"y":3},{"x":36,"y":4},{"x":35,"y":4},{"x":36,"y":2},{"x":37,"y":2},{"x":38,"y":2},{"x":37,"y":3},{"x":37,"y":4},{"x":36,"y":3},{"x":39,"y":2},{"x":40,"y":2},{"x":40,"y":3},{"x":40,"y":4},{"x":39,"y":4},{"x":38,"y":4},{"x":38,"y":3}],"terrainTextureId":"polygon_terrain_0"},{"polygon":[{"x":3939,"y":1141},{"x":4060,"y":1087},{"x":4217,"y":1007},{"x":4354,"y":945},{"x":4545,"y":863},{"x":4651,"y":883},{"x":4802,"y":1023},{"x":4946,"y":1065},{"x":4895,"y":1125},{"x":4727,"y":1164},{"x":4523,"y":1067},{"x":4318,"y":1161},{"x":4141,"y":1146},{"x":3984,"y":1188}],"usedWorldBlocks":[{"x":0,"y":1},{"x":1,"y":1},{"x":2,"y":1},{"x":3,"y":1},{"x":3,"y":0},{"x":4,"y":0},{"x":4,"y":1},{"x":5,"y":1},{"x":6,"y":1},{"x":6,"y":0},{"x":7,"y":1},{"x":8,"y":1},{"x":8,"y":2},{"x":7,"y":2},{"x":6,"y":2},{"x":5,"y":2},{"x":4,"y":2},{"x":3,"y":2},{"x":2,"y":2},{"x":1,"y":2},{"x":0,"y":2},{"x":9,"y":2},{"x":9,"y":3},{"x":8,"y":3},{"x":10,"y":2},{"x":11,"y":2},{"x":11,"y":1},{"x":12,"y":2},{"x":12,"y":1},{"x":13,"y":1},{"x":13,"y":2},{"x":14,"y":2},{"x":15,"y":2},{"x":16,"y":2},{"x":16,"y":3},{"x":16,"y":4},{"x":15,"y":4},{"x":15,"y":3},{"x":14,"y":3},{"x":13,"y":3},{"x":12,"y":3},{"x":11,"y":3},{"x":17,"y":2},{"x":17,"y":3},{"x":18,"y":3},{"x":18,"y":4},{"x":17,"y":4},{"x":19,"y":3},{"x":19,"y":2},{"x":19,"y":4},{"x":17,"y":1},{"x":18,"y":1},{"x":18,"y":2},{"x":14,"y":0},{"x":15,"y":0},{"x":16,"y":0},{"x":16,"y":1},{"x":15,"y":1},{"x":20,"y":2},{"x":21,"y":2},{"x":22,"y":2},{"x":22,"y":1},{"x":23,"y":1},{"x":24,"y":1},{"x":24,"y":2},{"x":25,"y":1},{"x":25,"y":2},{"x":26,"y":2},{"x":27,"y":2},{"x":26,"y":3},{"x":26,"y":4},{"x":25,"y":3},{"x":24,"y":3},{"x":23,"y":2},{"x":23,"y":3},{"x":22,"y":3},{"x":21,"y":3},{"x":22,"y":4},{"x":21,"y":4},{"x":20,"y":3},{"x":28,"y":2},{"x":28,"y":3},{"x":28,"y":4},{"x":27,"y":4},{"x":27,"y":3},{"x":29,"y":3},{"x":29,"y":2},{"x":29,"y":4},{"x":28,"y":1},{"x":29,"y":1},{"x":30,"y":2},{"x":31,"y":2},{"x":31,"y":1},{"x":32,"y":1},{"x":32,"y":2},{"x":33,"y":2},{"x":34,"y":2},{"x":34,"y":1},{"x":34,"y":3},{"x":33,"y":3},{"x":34,"y":4},{"x":33,"y":4},{"x":31,"y":3},{"x":31,"y":4},{"x":35,"y":2},{"x":35,"y":3},{"x":36,"y":4},{"x":35,"y":4},{"x":36,"y":2},{"x":37,"y":2},{"x":38,"y":2},{"x":37,"y":3},{"x":37,"y":4},{"x":36,"y":3},{"x":39,"y":2},{"x":40,"y":2},{"x":40,"y":3},{"x":40,"y":4},{"x":39,"y":4},{"x":38,"y":4},{"x":38,"y":3}],"terrainTextureId":"polygon_terrain_0"}]],[[{"polygon":[{"x":361,"y":1262},{"x":414,"y":1221},{"x":555,"y":1149},{"x":697,"y":1124},{"x":846,"y":1121},{"x":981,"y":982},{"x":1208,"y":902},{"x":1253,"y":982},{"x":1387,"y":1045},{"x":1612,"y":1101},{"x":1743,"y":1175},{"x":1882,"y":1157},{"x":2025,"y":1085},{"x":2130,"y":987},{"x":2331,"y":868},{"x":2376,"y":925},{"x":2323,"y":1065},{"x":2264,"y":1221},{"x":2141,"y":1380},{"x":2080,"y":1506},{"x":2079,"y":1676},{"x":1937,"y":1843},{"x":2050,"y":2069},{"x":1901,"y":2063},{"x":1638,"y":2052},{"x":1716,"y":1890},{"x":1621,"y":1696},{"x":1635,"y":1520},{"x":1468,"y":1434},{"x":1356,"y":1334},{"x":1201,"y":1195},{"x":1005,"y":1182},{"x":857,"y":1382},{"x":803,"y":1522},{"x":838,"y":1689},{"x":873,"y":1835},{"x":919,"y":2022},{"x":772,"y":2019},{"x":570,"y":2032},{"x":623,"y":1891},{"x":717,"y":1638},{"x":646,"y":1428},{"x":506,"y":1398},{"x":365,"y":1468}],"usedWorldBlocks":[{"x":0,"y":1},{"x":1,"y":1},{"x":2,"y":1},{"x":3,"y":1},{"x":3,"y":0},{"x":4,"y":0},{"x":4,"y":1},{"x":5,"y":1},{"x":6,"y":1},{"x":6,"y":0},{"x":7,"y":1},{"x":8,"y":1},{"x":8,"y":2},{"x":7,"y":2},{"x":6,"y":2},{"x":5,"y":2},{"x":4,"y":2},{"x":3,"y":2},{"x":2,"y":2},{"x":1,"y":2},{"x":0,"y":2},{"x":9,"y":2},{"x":9,"y":3},{"x":8,"y":3},{"x":10,"y":2},{"x":11,"y":2},{"x":11,"y":1},{"x":12,"y":2},{"x":12,"y":1},{"x":13,"y":1},{"x":13,"y":2},{"x":14,"y":2},{"x":15,"y":2},{"x":16,"y":2},{"x":16,"y":3},{"x":16,"y":4},{"x":15,"y":4},{"x":15,"y":3},{"x":14,"y":3},{"x":13,"y":3},{"x":12,"y":3},{"x":11,"y":3},{"x":17,"y":2},{"x":17,"y":3},{"x":18,"y":3},{"x":18,"y":4},{"x":17,"y":4},{"x":19,"y":3},{"x":19,"y":2},{"x":19,"y":4},{"x":17,"y":1},{"x":18,"y":1},{"x":18,"y":2},{"x":14,"y":0},{"x":15,"y":0},{"x":16,"y":0},{"x":16,"y":1},{"x":15,"y":1},{"x":20,"y":2},{"x":21,"y":2},{"x":22,"y":2},{"x":22,"y":1},{"x":23,"y":1},{"x":24,"y":1},{"x":24,"y":2},{"x":25,"y":1},{"x":25,"y":2},{"x":26,"y":2},{"x":27,"y":2},{"x":26,"y":3},{"x":26,"y":4},{"x":25,"y":3},{"x":24,"y":3},{"x":23,"y":2},{"x":23,"y":3},{"x":22,"y":3},{"x":21,"y":3},{"x":22,"y":4},{"x":21,"y":4},{"x":20,"y":3},{"x":28,"y":2},{"x":28,"y":3},{"x":28,"y":4},{"x":27,"y":4},{"x":27,"y":3},{"x":29,"y":3},{"x":29,"y":2},{"x":29,"y":4},{"x":28,"y":1},{"x":29,"y":1},{"x":30,"y":2},{"x":31,"y":2},{"x":31,"y":1},{"x":32,"y":1},{"x":32,"y":2},{"x":33,"y":2},{"x":34,"y":2},{"x":34,"y":1},{"x":34,"y":3},{"x":33,"y":3},{"x":34,"y":4},{"x":33,"y":4},{"x":31,"y":3},{"x":31,"y":4},{"x":35,"y":2},{"x":35,"y":3},{"x":36,"y":4},{"x":35,"y":4},{"x":36,"y":2},{"x":37,"y":2},{"x":38,"y":2},{"x":37,"y":3},{"x":37,"y":4},{"x":36,"y":3},{"x":39,"y":2},{"x":40,"y":2},{"x":40,"y":3},{"x":40,"y":4},{"x":39,"y":4},{"x":38,"y":4},{"x":38,"y":3}],"terrainTextureId":"polygon_terrain_0"},{"polygon":[{"x":2520,"y":1145},{"x":2679,"y":1171},{"x":2930,"y":1151},{"x":2924,"y":1219},{"x":2759,"y":1413},{"x":2857,"y":1533},{"x":2876,"y":1783},{"x":2912,"y":1935},{"x":3022,"y":2081},{"x":2770,"y":2072},{"x":2636,"y":2063},{"x":2516,"y":2070},{"x":2583,"y":1926},{"x":2591,"y":1746},{"x":2623,"y":1592},{"x":2612,"y":1419},{"x":2522,"y":1293}],"usedWorldBlocks":[{"x":0,"y":1},{"x":1,"y":1},{"x":2,"y":1},{"x":3,"y":1},{"x":3,"y":0},{"x":4,"y":0},{"x":4,"y":1},{"x":5,"y":1},{"x":6,"y":1},{"x":6,"y":0},{"x":7,"y":1},{"x":8,"y":1},{"x":8,"y":2},{"x":7,"y":2},{"x":6,"y":2},{"x":5,"y":2},{"x":4,"y":2},{"x":3,"y":2},{"x":2,"y":2},{"x":1,"y":2},{"x":0,"y":2},{"x":9,"y":2},{"x":9,"y":3},{"x":8,"y":3},{"x":10,"y":2},{"x":11,"y":2},{"x":11,"y":1},{"x":12,"y":2},{"x":12,"y":1},{"x":13,"y":1},{"x":13,"y":2},{"x":14,"y":2},{"x":15,"y":2},{"x":16,"y":2},{"x":16,"y":3},{"x":16,"y":4},{"x":15,"y":4},{"x":15,"y":3},{"x":14,"y":3},{"x":13,"y":3},{"x":12,"y":3},{"x":11,"y":3},{"x":17,"y":2},{"x":17,"y":3},{"x":18,"y":3},{"x":18,"y":4},{"x":17,"y":4},{"x":19,"y":3},{"x":19,"y":2},{"x":19,"y":4},{"x":17,"y":1},{"x":18,"y":1},{"x":18,"y":2},{"x":14,"y":0},{"x":15,"y":0},{"x":16,"y":0},{"x":16,"y":1},{"x":15,"y":1},{"x":20,"y":2},{"x":21,"y":2},{"x":22,"y":2},{"x":22,"y":1},{"x":23,"y":1},{"x":24,"y":1},{"x":24,"y":2},{"x":25,"y":1},{"x":25,"y":2},{"x":26,"y":2},{"x":27,"y":2},{"x":26,"y":3},{"x":26,"y":4},{"x":25,"y":3},{"x":24,"y":3},{"x":23,"y":2},{"x":23,"y":3},{"x":22,"y":3},{"x":21,"y":3},{"x":22,"y":4},{"x":21,"y":4},{"x":20,"y":3},{"x":28,"y":2},{"x":28,"y":3},{"x":28,"y":4},{"x":27,"y":4},{"x":27,"y":3},{"x":29,"y":3},{"x":29,"y":2},{"x":29,"y":4},{"x":28,"y":1},{"x":29,"y":1},{"x":30,"y":2},{"x":31,"y":2},{"x":31,"y":1},{"x":32,"y":1},{"x":32,"y":2},{"x":33,"y":2},{"x":34,"y":2},{"x":34,"y":1},{"x":34,"y":3},{"x":33,"y":3},{"x":34,"y":4},{"x":33,"y":4},{"x":31,"y":3},{"x":31,"y":4},{"x":35,"y":2},{"x":35,"y":3},{"x":36,"y":4},{"x":35,"y":4},{"x":36,"y":2},{"x":37,"y":2},{"x":38,"y":2},{"x":37,"y":3},{"x":37,"y":4},{"x":36,"y":3},{"x":39,"y":2},{"x":40,"y":2},{"x":40,"y":3},{"x":40,"y":4},{"x":39,"y":4},{"x":38,"y":4},{"x":38,"y":3}],"terrainTextureId":"polygon_terrain_0"},{"polygon":[{"x":3223,"y":1190},{"x":3294,"y":1147},{"x":3451,"y":1178},{"x":3592,"y":1172},{"x":3842,"y":1184},{"x":4037,"y":1144},{"x":4083,"y":1194},{"x":3972,"y":1295},{"x":3759,"y":1487},{"x":3752,"y":1637},{"x":3819,"y":1771},{"x":3886,"y":1906},{"x":3971,"y":2077},{"x":3750,"y":2059},{"x":3646,"y":2075},{"x":3513,"y":2042},{"x":3332,"y":2081},{"x":3389,"y":1948},{"x":3455,"y":1705},{"x":3353,"y":1456},{"x":3223,"y":1340}],"usedWorldBlocks":[{"x":0,"y":1},{"x":1,"y":1},{"x":2,"y":1},{"x":3,"y":1},{"x":3,"y":0},{"x":4,"y":0},{"x":4,"y":1},{"x":5,"y":1},{"x":6,"y":1},{"x":6,"y":0},{"x":7,"y":1},{"x":8,"y":1},{"x":8,"y":2},{"x":7,"y":2},{"x":6,"y":2},{"x":5,"y":2},{"x":4,"y":2},{"x":3,"y":2},{"x":2,"y":2},{"x":1,"y":2},{"x":0,"y":2},{"x":9,"y":2},{"x":9,"y":3},{"x":8,"y":3},{"x":10,"y":2},{"x":11,"y":2},{"x":11,"y":1},{"x":12,"y":2},{"x":12,"y":1},{"x":13,"y":1},{"x":13,"y":2},{"x":14,"y":2},{"x":15,"y":2},{"x":16,"y":2},{"x":16,"y":3},{"x":16,"y":4},{"x":15,"y":4},{"x":15,"y":3},{"x":14,"y":3},{"x":13,"y":3},{"x":12,"y":3},{"x":11,"y":3},{"x":17,"y":2},{"x":17,"y":3},{"x":18,"y":3},{"x":18,"y":4},{"x":17,"y":4},{"x":19,"y":3},{"x":19,"y":2},{"x":19,"y":4},{"x":17,"y":1},{"x":18,"y":1},{"x":18,"y":2},{"x":14,"y":0},{"x":15,"y":0},{"x":16,"y":0},{"x":16,"y":1},{"x":15,"y":1},{"x":20,"y":2},{"x":21,"y":2},{"x":22,"y":2},{"x":22,"y":1},{"x":23,"y":1},{"x":24,"y":1},{"x":24,"y":2},{"x":25,"y":1},{"x":25,"y":2},{"x":26,"y":2},{"x":27,"y":2},{"x":26,"y":3},{"x":26,"y":4},{"x":25,"y":3},{"x":24,"y":3},{"x":23,"y":2},{"x":23,"y":3},{"x":22,"y":3},{"x":21,"y":3},{"x":22,"y":4},{"x":21,"y":4},{"x":20,"y":3},{"x":28,"y":2},{"x":28,"y":3},{"x":28,"y":4},{"x":27,"y":4},{"x":27,"y":3},{"x":29,"y":3},{"x":29,"y":2},{"x":29,"y":4},{"x":28,"y":1},{"x":29,"y":1},{"x":30,"y":2},{"x":31,"y":2},{"x":31,"y":1},{"x":32,"y":1},{"x":32,"y":2},{"x":33,"y":2},{"x":34,"y":2},{"x":34,"y":1},{"x":34,"y":3},{"x":33,"y":3},{"x":34,"y":4},{"x":33,"y":4},{"x":31,"y":3},{"x":31,"y":4},{"x":35,"y":2},{"x":35,"y":3},{"x":36,"y":4},{"x":35,"y":4},{"x":36,"y":2},{"x":37,"y":2},{"x":38,"y":2},{"x":37,"y":3},{"x":37,"y":4},{"x":36,"y":3},{"x":39,"y":2},{"x":40,"y":2},{"x":40,"y":3},{"x":40,"y":4},{"x":39,"y":4},{"x":38,"y":4},{"x":38,"y":3}],"terrainTextureId":"polygon_terrain_0"},{"polygon":[{"x":4237,"y":1241},{"x":4384,"y":1213},{"x":4544,"y":1217},{"x":4714,"y":1164},{"x":4905,"y":1144},{"x":5060,"y":1090},{"x":5051,"y":1316},{"x":5033,"y":1529},{"x":5063,"y":1682},{"x":5053,"y":1906},{"x":5054,"y":2052},{"x":4760,"y":2033},{"x":4585,"y":2027},{"x":4438,"y":2065},{"x":4387,"y":1886},{"x":4387,"y":1736},{"x":4460,"y":1582},{"x":4387,"y":1391},{"x":4257,"y":1333}],"usedWorldBlocks":[{"x":0,"y":1},{"x":1,"y":1},{"x":2,"y":1},{"x":3,"y":1},{"x":3,"y":0},{"x":4,"y":0},{"x":4,"y":1},{"x":5,"y":1},{"x":6,"y":1},{"x":6,"y":0},{"x":7,"y":1},{"x":8,"y":1},{"x":8,"y":2},{"x":7,"y":2},{"x":6,"y":2},{"x":5,"y":2},{"x":4,"y":2},{"x":3,"y":2},{"x":2,"y":2},{"x":1,"y":2},{"x":0,"y":2},{"x":9,"y":2},{"x":9,"y":3},{"x":8,"y":3},{"x":10,"y":2},{"x":11,"y":2},{"x":11,"y":1},{"x":12,"y":2},{"x":12,"y":1},{"x":13,"y":1},{"x":13,"y":2},{"x":14,"y":2},{"x":15,"y":2},{"x":16,"y":2},{"x":16,"y":3},{"x":16,"y":4},{"x":15,"y":4},{"x":15,"y":3},{"x":14,"y":3},{"x":13,"y":3},{"x":12,"y":3},{"x":11,"y":3},{"x":17,"y":2},{"x":17,"y":3},{"x":18,"y":3},{"x":18,"y":4},{"x":17,"y":4},{"x":19,"y":3},{"x":19,"y":2},{"x":19,"y":4},{"x":17,"y":1},{"x":18,"y":1},{"x":18,"y":2},{"x":14,"y":0},{"x":15,"y":0},{"x":16,"y":0},{"x":16,"y":1},{"x":15,"y":1},{"x":20,"y":2},{"x":21,"y":2},{"x":22,"y":2},{"x":22,"y":1},{"x":23,"y":1},{"x":24,"y":1},{"x":24,"y":2},{"x":25,"y":1},{"x":25,"y":2},{"x":26,"y":2},{"x":27,"y":2},{"x":26,"y":3},{"x":26,"y":4},{"x":25,"y":3},{"x":24,"y":3},{"x":23,"y":2},{"x":23,"y":3},{"x":22,"y":3},{"x":21,"y":3},{"x":22,"y":4},{"x":21,"y":4},{"x":20,"y":3},{"x":28,"y":2},{"x":28,"y":3},{"x":28,"y":4},{"x":27,"y":4},{"x":27,"y":3},{"x":29,"y":3},{"x":29,"y":2},{"x":29,"y":4},{"x":28,"y":1},{"x":29,"y":1},{"x":30,"y":2},{"x":31,"y":2},{"x":31,"y":1},{"x":32,"y":1},{"x":32,"y":2},{"x":33,"y":2},{"x":34,"y":2},{"x":34,"y":1},{"x":34,"y":3},{"x":33,"y":3},{"x":34,"y":4},{"x":33,"y":4},{"x":31,"y":3},{"x":31,"y":4},{"x":35,"y":2},{"x":35,"y":3},{"x":36,"y":4},{"x":35,"y":4},{"x":36,"y":2},{"x":37,"y":2},{"x":38,"y":2},{"x":37,"y":3},{"x":37,"y":4},{"x":36,"y":3},{"x":39,"y":2},{"x":40,"y":2},{"x":40,"y":3},{"x":40,"y":4},{"x":39,"y":4},{"x":38,"y":4},{"x":38,"y":3}],"terrainTextureId":"polygon_terrain_0"}]]],"enemyPathData":null,"dynamicElementData":null,"libraryElements":null,"worldId":0,"starValues":[20400,21400,22400]}