{"startPoint":{"x":1176,"y":549},"finishPoint":{"x":19227,"y":959},"collectableItems":[{"x":1911,"y":563},{"x":1978,"y":561},{"x":2043,"y":561},{"x":2117,"y":560},{"x":2279,"y":570},{"x":2345,"y":581},{"x":2417,"y":609},{"x":4082,"y":1013},{"x":4147,"y":1014},{"x":4149,"y":1065},{"x":4209,"y":1066},{"x":7696,"y":962},{"x":7694,"y":914},{"x":7746,"y":915},{"x":7748,"y":963},{"x":8565,"y":1222},{"x":8564,"y":1171},{"x":8617,"y":1173},{"x":8618,"y":1221},{"x":11415,"y":375},{"x":11474,"y":382},{"x":11537,"y":409},{"x":11588,"y":448},{"x":13021,"y":1229},{"x":13096,"y":1254},{"x":13183,"y":1280},{"x":12930,"y":1208},{"x":15648,"y":700},{"x":15709,"y":734},{"x":15771,"y":772},{"x":15848,"y":805},{"x":15931,"y":816},{"x":16610,"y":753},{"x":16609,"y":705},{"x":16568,"y":731},{"x":16655,"y":731},{"x":18342,"y":903},{"x":18413,"y":904},{"x":18412,"y":849},{"x":18340,"y":850},{"x":18377,"y":876}],"cameraBounds":{"x":0,"y":69,"width":20000,"height":1931,"left":0,"bottom":2000,"right":20000,"top":69,"topLeft":{"x":0,"y":69,"length":69},"size":{"x":20000,"y":1931,"length":20093.00278704007},"bottomRight":{"x":20000,"y":2000,"length":20099.751242241782}},"dynamicElementData":null,"bridgePoints":[{"bridgeAY":1264,"bridgeBX":5237,"bridgeAX":4889,"bridgeBY":1170},{"bridgeAY":1271,"bridgeBX":6698,"bridgeAX":5839,"bridgeBY":1003},{"bridgeAY":1385,"bridgeBX":10154,"bridgeAX":9301,"bridgeBY":1100},{"bridgeAY":1611,"bridgeBX":15274,"bridgeAX":14916,"bridgeBY":1577},{"bridgeAY":1063,"bridgeBX":15320,"bridgeAX":14940,"bridgeBY":885},{"bridgeAY":1275,"bridgeBX":17725,"bridgeAX":17375,"bridgeBY":1191}],"starValues":[20900,21900,22900],"polygonGroundData":[[[{"usedWorldBlocks":[{"x":0,"y":1},{"x":1,"y":1},{"x":2,"y":1},{"x":3,"y":1},{"x":4,"y":1},{"x":4,"y":2},{"x":5,"y":1},{"x":6,"y":1},{"x":6,"y":2},{"x":5,"y":2},{"x":6,"y":3},{"x":6,"y":4},{"x":5,"y":4},{"x":5,"y":3},{"x":4,"y":3},{"x":3,"y":2},{"x":2,"y":2},{"x":0,"y":0},{"x":1,"y":0},{"x":7,"y":2},{"x":8,"y":2},{"x":9,"y":2},{"x":9,"y":3},{"x":9,"y":4},{"x":8,"y":3},{"x":8,"y":4},{"x":7,"y":4},{"x":7,"y":3},{"x":10,"y":2},{"x":11,"y":2},{"x":11,"y":3},{"x":11,"y":4},{"x":10,"y":4},{"x":13,"y":2},{"x":13,"y":1},{"x":14,"y":2},{"x":15,"y":2},{"x":14,"y":3},{"x":14,"y":4},{"x":16,"y":2},{"x":16,"y":3},{"x":16,"y":4},{"x":17,"y":2},{"x":18,"y":2},{"x":18,"y":3},{"x":18,"y":4},{"x":17,"y":4},{"x":17,"y":3},{"x":20,"y":2},{"x":20,"y":1},{"x":21,"y":1},{"x":22,"y":1},{"x":22,"y":0},{"x":23,"y":0},{"x":23,"y":1},{"x":22,"y":2},{"x":23,"y":2},{"x":23,"y":3},{"x":24,"y":4},{"x":23,"y":4},{"x":22,"y":3},{"x":21,"y":3},{"x":21,"y":2},{"x":20,"y":3},{"x":24,"y":1},{"x":24,"y":2},{"x":25,"y":2},{"x":25,"y":3},{"x":26,"y":3},{"x":26,"y":4},{"x":25,"y":4},{"x":24,"y":3},{"x":26,"y":2},{"x":27,"y":2},{"x":27,"y":3},{"x":27,"y":4},{"x":28,"y":3},{"x":29,"y":3},{"x":29,"y":4},{"x":28,"y":4},{"x":28,"y":2},{"x":29,"y":2},{"x":30,"y":1},{"x":31,"y":1},{"x":32,"y":1},{"x":33,"y":1},{"x":32,"y":2},{"x":31,"y":2},{"x":30,"y":2},{"x":30,"y":3},{"x":31,"y":3},{"x":31,"y":4},{"x":30,"y":4},{"x":32,"y":3},{"x":33,"y":3},{"x":33,"y":4},{"x":32,"y":4},{"x":34,"y":2},{"x":35,"y":2},{"x":34,"y":3},{"x":34,"y":4},{"x":33,"y":2},{"x":34,"y":1},{"x":36,"y":2},{"x":36,"y":1},{"x":36,"y":3},{"x":37,"y":4},{"x":36,"y":4},{"x":37,"y":2},{"x":38,"y":2},{"x":38,"y":1},{"x":39,"y":1},{"x":40,"y":1},{"x":40,"y":2},{"x":40,"y":3},{"x":39,"y":2},{"x":38,"y":3},{"x":39,"y":3},{"x":39,"y":4},{"x":38,"y":4},{"x":37,"y":3}],"terrainTextureId":"polygon_terrain_0","polygon":[{"x":214,"y":537},{"x":337,"y":627},{"x":487,"y":627},{"x":637,"y":627},{"x":787,"y":627},{"x":937,"y":627},{"x":1149,"y":628},{"x":1299,"y":627},{"x":1449,"y":627},{"x":1599,"y":627},{"x":1749,"y":627},{"x":1899,"y":627},{"x":2049,"y":626},{"x":2221,"y":625},{"x":2248,"y":700},{"x":2193,"y":934},{"x":2316,"y":1007},{"x":2471,"y":1018},{"x":2611,"y":952},{"x":2759,"y":873},{"x":2905,"y":892},{"x":3102,"y":853},{"x":3204,"y":967},{"x":3180,"y":1057},{"x":3044,"y":1137},{"x":2939,"y":1309},{"x":3145,"y":1443},{"x":3174,"y":1590},{"x":3267,"y":1738},{"x":3232,"y":1884},{"x":3268,"y":2060},{"x":3118,"y":2049},{"x":2956,"y":2038},{"x":2806,"y":2041},{"x":2604,"y":2045},{"x":2672,"y":1780},{"x":2593,"y":1656},{"x":2385,"y":1577},{"x":2211,"y":1533},{"x":2081,"y":1499},{"x":1942,"y":1440},{"x":1779,"y":1448},{"x":1849,"y":1312},{"x":1892,"y":1168},{"x":1956,"y":955},{"x":1921,"y":822},{"x":1789,"y":809},{"x":1621,"y":737},{"x":1472,"y":756},{"x":1372,"y":806},{"x":1338,"y":924},{"x":1354,"y":1073},{"x":1381,"y":1327},{"x":1160,"y":1184},{"x":1141,"y":1018},{"x":1017,"y":815},{"x":867,"y":924},{"x":705,"y":725},{"x":557,"y":697},{"x":462,"y":813},{"x":366,"y":930},{"x":94,"y":940},{"x":47,"y":802},{"x":82,"y":543},{"x":96,"y":394},{"x":82,"y":228},{"x":89,"y":56},{"x":232,"y":36},{"x":386,"y":45},{"x":578,"y":33},{"x":794,"y":53},{"x":689,"y":201},{"x":486,"y":148},{"x":319,"y":350},{"x":185,"y":389}]},{"usedWorldBlocks":[{"x":0,"y":1},{"x":1,"y":1},{"x":2,"y":1},{"x":3,"y":1},{"x":4,"y":1},{"x":4,"y":2},{"x":5,"y":1},{"x":6,"y":1},{"x":6,"y":2},{"x":5,"y":2},{"x":6,"y":3},{"x":6,"y":4},{"x":5,"y":4},{"x":5,"y":3},{"x":4,"y":3},{"x":3,"y":2},{"x":2,"y":2},{"x":0,"y":0},{"x":1,"y":0},{"x":7,"y":2},{"x":8,"y":2},{"x":9,"y":2},{"x":9,"y":3},{"x":9,"y":4},{"x":8,"y":3},{"x":8,"y":4},{"x":7,"y":4},{"x":7,"y":3},{"x":10,"y":2},{"x":11,"y":2},{"x":11,"y":3},{"x":11,"y":4},{"x":10,"y":4},{"x":13,"y":2},{"x":13,"y":1},{"x":14,"y":2},{"x":15,"y":2},{"x":14,"y":3},{"x":14,"y":4},{"x":16,"y":2},{"x":16,"y":3},{"x":16,"y":4},{"x":17,"y":2},{"x":18,"y":2},{"x":18,"y":3},{"x":18,"y":4},{"x":17,"y":4},{"x":17,"y":3},{"x":20,"y":2},{"x":20,"y":1},{"x":21,"y":1},{"x":22,"y":1},{"x":22,"y":0},{"x":23,"y":0},{"x":23,"y":1},{"x":22,"y":2},{"x":23,"y":2},{"x":23,"y":3},{"x":24,"y":4},{"x":23,"y":4},{"x":22,"y":3},{"x":21,"y":3},{"x":21,"y":2},{"x":20,"y":3},{"x":24,"y":1},{"x":24,"y":2},{"x":25,"y":2},{"x":25,"y":3},{"x":26,"y":3},{"x":26,"y":4},{"x":25,"y":4},{"x":24,"y":3},{"x":26,"y":2},{"x":27,"y":2},{"x":27,"y":3},{"x":27,"y":4},{"x":28,"y":3},{"x":29,"y":3},{"x":29,"y":4},{"x":28,"y":4},{"x":28,"y":2},{"x":29,"y":2},{"x":30,"y":1},{"x":31,"y":1},{"x":32,"y":1},{"x":33,"y":1},{"x":32,"y":2},{"x":31,"y":2},{"x":30,"y":2},{"x":30,"y":3},{"x":31,"y":3},{"x":31,"y":4},{"x":30,"y":4},{"x":32,"y":3},{"x":33,"y":3},{"x":33,"y":4},{"x":32,"y":4},{"x":34,"y":2},{"x":35,"y":2},{"x":34,"y":3},{"x":34,"y":4},{"x":33,"y":2},{"x":34,"y":1},{"x":36,"y":2},{"x":36,"y":1},{"x":36,"y":3},{"x":37,"y":4},{"x":36,"y":4},{"x":37,"y":2},{"x":38,"y":2},{"x":38,"y":1},{"x":39,"y":1},{"x":40,"y":1},{"x":40,"y":2},{"x":40,"y":3},{"x":39,"y":2},{"x":38,"y":3},{"x":39,"y":3},{"x":39,"y":4},{"x":38,"y":4},{"x":37,"y":3}],"terrainTextureId":"polygon_terrain_0","polygon":[{"x":3473,"y":1136},{"x":3621,"y":1116},{"x":3768,"y":1053},{"x":3985,"y":1070},{"x":4099,"y":1209},{"x":4219,"y":1298},{"x":4348,"y":1354},{"x":4495,"y":1326},{"x":4643,"y":1297},{"x":4872,"y":1254},{"x":4900,"y":1326},{"x":4722,"y":1544},{"x":4710,"y":1693},{"x":4750,"y":1861},{"x":4880,"y":2041},{"x":4583,"y":2034},{"x":4620,"y":1880},{"x":4576,"y":1651},{"x":4481,"y":1485},{"x":4345,"y":1453},{"x":4107,"y":1536},{"x":4075,"y":1757},{"x":4141,"y":1894},{"x":4184,"y":2038},{"x":3932,"y":2047},{"x":3763,"y":2075},{"x":3820,"y":1936},{"x":3923,"y":1686},{"x":3878,"y":1490},{"x":3797,"y":1358},{"x":3623,"y":1286},{"x":3507,"y":1282}]}]],[[{"usedWorldBlocks":[{"x":0,"y":1},{"x":1,"y":1},{"x":2,"y":1},{"x":3,"y":1},{"x":4,"y":1},{"x":4,"y":2},{"x":5,"y":1},{"x":6,"y":1},{"x":6,"y":2},{"x":5,"y":2},{"x":6,"y":3},{"x":6,"y":4},{"x":5,"y":4},{"x":5,"y":3},{"x":4,"y":3},{"x":3,"y":2},{"x":2,"y":2},{"x":0,"y":0},{"x":1,"y":0},{"x":7,"y":2},{"x":8,"y":2},{"x":9,"y":2},{"x":9,"y":3},{"x":9,"y":4},{"x":8,"y":3},{"x":8,"y":4},{"x":7,"y":4},{"x":7,"y":3},{"x":10,"y":2},{"x":11,"y":2},{"x":11,"y":3},{"x":11,"y":4},{"x":10,"y":4},{"x":13,"y":2},{"x":13,"y":1},{"x":14,"y":2},{"x":15,"y":2},{"x":14,"y":3},{"x":14,"y":4},{"x":16,"y":2},{"x":16,"y":3},{"x":16,"y":4},{"x":17,"y":2},{"x":18,"y":2},{"x":18,"y":3},{"x":18,"y":4},{"x":17,"y":4},{"x":17,"y":3},{"x":20,"y":2},{"x":20,"y":1},{"x":21,"y":1},{"x":22,"y":1},{"x":22,"y":0},{"x":23,"y":0},{"x":23,"y":1},{"x":22,"y":2},{"x":23,"y":2},{"x":23,"y":3},{"x":24,"y":4},{"x":23,"y":4},{"x":22,"y":3},{"x":21,"y":3},{"x":21,"y":2},{"x":20,"y":3},{"x":24,"y":1},{"x":24,"y":2},{"x":25,"y":2},{"x":25,"y":3},{"x":26,"y":3},{"x":26,"y":4},{"x":25,"y":4},{"x":24,"y":3},{"x":26,"y":2},{"x":27,"y":2},{"x":27,"y":3},{"x":27,"y":4},{"x":28,"y":3},{"x":29,"y":3},{"x":29,"y":4},{"x":28,"y":4},{"x":28,"y":2},{"x":29,"y":2},{"x":30,"y":1},{"x":31,"y":1},{"x":32,"y":1},{"x":33,"y":1},{"x":32,"y":2},{"x":31,"y":2},{"x":30,"y":2},{"x":30,"y":3},{"x":31,"y":3},{"x":31,"y":4},{"x":30,"y":4},{"x":32,"y":3},{"x":33,"y":3},{"x":33,"y":4},{"x":32,"y":4},{"x":34,"y":2},{"x":35,"y":2},{"x":34,"y":3},{"x":34,"y":4},{"x":33,"y":2},{"x":34,"y":1},{"x":36,"y":2},{"x":36,"y":1},{"x":36,"y":3},{"x":37,"y":4},{"x":36,"y":4},{"x":37,"y":2},{"x":38,"y":2},{"x":38,"y":1},{"x":39,"y":1},{"x":40,"y":1},{"x":40,"y":2},{"x":40,"y":3},{"x":39,"y":2},{"x":38,"y":3},{"x":39,"y":3},{"x":39,"y":4},{"x":38,"y":4},{"x":37,"y":3}],"terrainTextureId":"polygon_terrain_0","polygon":[{"x":241,"y":1181},{"x":289,"y":1156},{"x":547,"y":1095},{"x":584,"y":1149},{"x":816,"y":1263},{"x":816,"y":1363},{"x":659,"y":1479},{"x":768,"y":1631},{"x":789,"y":1774},{"x":896,"y":2047},{"x":665,"y":2040},{"x":491,"y":2036},{"x":540,"y":1747},{"x":534,"y":1487},{"x":422,"y":1391},{"x":241,"y":1331}]},{"usedWorldBlocks":[{"x":0,"y":1},{"x":1,"y":1},{"x":2,"y":1},{"x":3,"y":1},{"x":4,"y":1},{"x":4,"y":2},{"x":5,"y":1},{"x":6,"y":1},{"x":6,"y":2},{"x":5,"y":2},{"x":6,"y":3},{"x":6,"y":4},{"x":5,"y":4},{"x":5,"y":3},{"x":4,"y":3},{"x":3,"y":2},{"x":2,"y":2},{"x":0,"y":0},{"x":1,"y":0},{"x":7,"y":2},{"x":8,"y":2},{"x":9,"y":2},{"x":9,"y":3},{"x":9,"y":4},{"x":8,"y":3},{"x":8,"y":4},{"x":7,"y":4},{"x":7,"y":3},{"x":10,"y":2},{"x":11,"y":2},{"x":11,"y":3},{"x":11,"y":4},{"x":10,"y":4},{"x":13,"y":2},{"x":13,"y":1},{"x":14,"y":2},{"x":15,"y":2},{"x":14,"y":3},{"x":14,"y":4},{"x":16,"y":2},{"x":16,"y":3},{"x":16,"y":4},{"x":17,"y":2},{"x":18,"y":2},{"x":18,"y":3},{"x":18,"y":4},{"x":17,"y":4},{"x":17,"y":3},{"x":20,"y":2},{"x":20,"y":1},{"x":21,"y":1},{"x":22,"y":1},{"x":22,"y":0},{"x":23,"y":0},{"x":23,"y":1},{"x":22,"y":2},{"x":23,"y":2},{"x":23,"y":3},{"x":24,"y":4},{"x":23,"y":4},{"x":22,"y":3},{"x":21,"y":3},{"x":21,"y":2},{"x":20,"y":3},{"x":24,"y":1},{"x":24,"y":2},{"x":25,"y":2},{"x":25,"y":3},{"x":26,"y":3},{"x":26,"y":4},{"x":25,"y":4},{"x":24,"y":3},{"x":26,"y":2},{"x":27,"y":2},{"x":27,"y":3},{"x":27,"y":4},{"x":28,"y":3},{"x":29,"y":3},{"x":29,"y":4},{"x":28,"y":4},{"x":28,"y":2},{"x":29,"y":2},{"x":30,"y":1},{"x":31,"y":1},{"x":32,"y":1},{"x":33,"y":1},{"x":32,"y":2},{"x":31,"y":2},{"x":30,"y":2},{"x":30,"y":3},{"x":31,"y":3},{"x":31,"y":4},{"x":30,"y":4},{"x":32,"y":3},{"x":33,"y":3},{"x":33,"y":4},{"x":32,"y":4},{"x":34,"y":2},{"x":35,"y":2},{"x":34,"y":3},{"x":34,"y":4},{"x":33,"y":2},{"x":34,"y":1},{"x":36,"y":2},{"x":36,"y":1},{"x":36,"y":3},{"x":37,"y":4},{"x":36,"y":4},{"x":37,"y":2},{"x":38,"y":2},{"x":38,"y":1},{"x":39,"y":1},{"x":40,"y":1},{"x":40,"y":2},{"x":40,"y":3},{"x":39,"y":2},{"x":38,"y":3},{"x":39,"y":3},{"x":39,"y":4},{"x":38,"y":4},{"x":37,"y":3}],"terrainTextureId":"polygon_terrain_0","polygon":[{"x":1691,"y":1017},{"x":1746,"y":983},{"x":1946,"y":996},{"x":2200,"y":1100},{"x":2358,"y":1054},{"x":2570,"y":1019},{"x":2509,"y":1193},{"x":2328,"y":1259},{"x":2197,"y":1402},{"x":2351,"y":1593},{"x":2321,"y":1729},{"x":2415,"y":1886},{"x":2446,"y":2053},{"x":2309,"y":2060},{"x":2143,"y":2038},{"x":2147,"y":1781},{"x":2100,"y":1588},{"x":2039,"y":1379},{"x":1930,"y":1290},{"x":1691,"y":1167}]},{"usedWorldBlocks":[{"x":0,"y":1},{"x":1,"y":1},{"x":2,"y":1},{"x":3,"y":1},{"x":4,"y":1},{"x":4,"y":2},{"x":5,"y":1},{"x":6,"y":1},{"x":6,"y":2},{"x":5,"y":2},{"x":6,"y":3},{"x":6,"y":4},{"x":5,"y":4},{"x":5,"y":3},{"x":4,"y":3},{"x":3,"y":2},{"x":2,"y":2},{"x":0,"y":0},{"x":1,"y":0},{"x":7,"y":2},{"x":8,"y":2},{"x":9,"y":2},{"x":9,"y":3},{"x":9,"y":4},{"x":8,"y":3},{"x":8,"y":4},{"x":7,"y":4},{"x":7,"y":3},{"x":10,"y":2},{"x":11,"y":2},{"x":11,"y":3},{"x":11,"y":4},{"x":10,"y":4},{"x":13,"y":2},{"x":13,"y":1},{"x":14,"y":2},{"x":15,"y":2},{"x":14,"y":3},{"x":14,"y":4},{"x":16,"y":2},{"x":16,"y":3},{"x":16,"y":4},{"x":17,"y":2},{"x":18,"y":2},{"x":18,"y":3},{"x":18,"y":4},{"x":17,"y":4},{"x":17,"y":3},{"x":20,"y":2},{"x":20,"y":1},{"x":21,"y":1},{"x":22,"y":1},{"x":22,"y":0},{"x":23,"y":0},{"x":23,"y":1},{"x":22,"y":2},{"x":23,"y":2},{"x":23,"y":3},{"x":24,"y":4},{"x":23,"y":4},{"x":22,"y":3},{"x":21,"y":3},{"x":21,"y":2},{"x":20,"y":3},{"x":24,"y":1},{"x":24,"y":2},{"x":25,"y":2},{"x":25,"y":3},{"x":26,"y":3},{"x":26,"y":4},{"x":25,"y":4},{"x":24,"y":3},{"x":26,"y":2},{"x":27,"y":2},{"x":27,"y":3},{"x":27,"y":4},{"x":28,"y":3},{"x":29,"y":3},{"x":29,"y":4},{"x":28,"y":4},{"x":28,"y":2},{"x":29,"y":2},{"x":30,"y":1},{"x":31,"y":1},{"x":32,"y":1},{"x":33,"y":1},{"x":32,"y":2},{"x":31,"y":2},{"x":30,"y":2},{"x":30,"y":3},{"x":31,"y":3},{"x":31,"y":4},{"x":30,"y":4},{"x":32,"y":3},{"x":33,"y":3},{"x":33,"y":4},{"x":32,"y":4},{"x":34,"y":2},{"x":35,"y":2},{"x":34,"y":3},{"x":34,"y":4},{"x":33,"y":2},{"x":34,"y":1},{"x":36,"y":2},{"x":36,"y":1},{"x":36,"y":3},{"x":37,"y":4},{"x":36,"y":4},{"x":37,"y":2},{"x":38,"y":2},{"x":38,"y":1},{"x":39,"y":1},{"x":40,"y":1},{"x":40,"y":2},{"x":40,"y":3},{"x":39,"y":2},{"x":38,"y":3},{"x":39,"y":3},{"x":39,"y":4},{"x":38,"y":4},{"x":37,"y":3}],"terrainTextureId":"polygon_terrain_0","polygon":[{"x":2808,"y":1309},{"x":3011,"y":1294},{"x":3155,"y":1238},{"x":3371,"y":1248},{"x":3394,"y":1320},{"x":3303,"y":1479},{"x":3382,"y":1601},{"x":3326,"y":1814},{"x":3373,"y":2066},{"x":3223,"y":2068},{"x":3070,"y":2071},{"x":3119,"y":1944},{"x":3016,"y":1767},{"x":3076,"y":1621},{"x":3079,"y":1442},{"x":2837,"y":1390}]},{"usedWorldBlocks":[{"x":0,"y":1},{"x":1,"y":1},{"x":2,"y":1},{"x":3,"y":1},{"x":4,"y":1},{"x":4,"y":2},{"x":5,"y":1},{"x":6,"y":1},{"x":6,"y":2},{"x":5,"y":2},{"x":6,"y":3},{"x":6,"y":4},{"x":5,"y":4},{"x":5,"y":3},{"x":4,"y":3},{"x":3,"y":2},{"x":2,"y":2},{"x":0,"y":0},{"x":1,"y":0},{"x":7,"y":2},{"x":8,"y":2},{"x":9,"y":2},{"x":9,"y":3},{"x":9,"y":4},{"x":8,"y":3},{"x":8,"y":4},{"x":7,"y":4},{"x":7,"y":3},{"x":10,"y":2},{"x":11,"y":2},{"x":11,"y":3},{"x":11,"y":4},{"x":10,"y":4},{"x":13,"y":2},{"x":13,"y":1},{"x":14,"y":2},{"x":15,"y":2},{"x":14,"y":3},{"x":14,"y":4},{"x":16,"y":2},{"x":16,"y":3},{"x":16,"y":4},{"x":17,"y":2},{"x":18,"y":2},{"x":18,"y":3},{"x":18,"y":4},{"x":17,"y":4},{"x":17,"y":3},{"x":20,"y":2},{"x":20,"y":1},{"x":21,"y":1},{"x":22,"y":1},{"x":22,"y":0},{"x":23,"y":0},{"x":23,"y":1},{"x":22,"y":2},{"x":23,"y":2},{"x":23,"y":3},{"x":24,"y":4},{"x":23,"y":4},{"x":22,"y":3},{"x":21,"y":3},{"x":21,"y":2},{"x":20,"y":3},{"x":24,"y":1},{"x":24,"y":2},{"x":25,"y":2},{"x":25,"y":3},{"x":26,"y":3},{"x":26,"y":4},{"x":25,"y":4},{"x":24,"y":3},{"x":26,"y":2},{"x":27,"y":2},{"x":27,"y":3},{"x":27,"y":4},{"x":28,"y":3},{"x":29,"y":3},{"x":29,"y":4},{"x":28,"y":4},{"x":28,"y":2},{"x":29,"y":2},{"x":30,"y":1},{"x":31,"y":1},{"x":32,"y":1},{"x":33,"y":1},{"x":32,"y":2},{"x":31,"y":2},{"x":30,"y":2},{"x":30,"y":3},{"x":31,"y":3},{"x":31,"y":4},{"x":30,"y":4},{"x":32,"y":3},{"x":33,"y":3},{"x":33,"y":4},{"x":32,"y":4},{"x":34,"y":2},{"x":35,"y":2},{"x":34,"y":3},{"x":34,"y":4},{"x":33,"y":2},{"x":34,"y":1},{"x":36,"y":2},{"x":36,"y":1},{"x":36,"y":3},{"x":37,"y":4},{"x":36,"y":4},{"x":37,"y":2},{"x":38,"y":2},{"x":38,"y":1},{"x":39,"y":1},{"x":40,"y":1},{"x":40,"y":2},{"x":40,"y":3},{"x":39,"y":2},{"x":38,"y":3},{"x":39,"y":3},{"x":39,"y":4},{"x":38,"y":4},{"x":37,"y":3}],"terrainTextureId":"polygon_terrain_0","polygon":[{"x":3627,"y":1494},{"x":3774,"y":1466},{"x":3930,"y":1483},{"x":4069,"y":1410},{"x":4279,"y":1371},{"x":4329,"y":1458},{"x":4145,"y":1553},{"x":4191,"y":1639},{"x":4397,"y":1741},{"x":4355,"y":1918},{"x":4313,"y":2055},{"x":4163,"y":2052},{"x":3872,"y":2046},{"x":3607,"y":2085},{"x":3667,"y":1876},{"x":3627,"y":1644}]}]],[[{"usedWorldBlocks":[{"x":0,"y":1},{"x":1,"y":1},{"x":2,"y":1},{"x":3,"y":1},{"x":4,"y":1},{"x":4,"y":2},{"x":5,"y":1},{"x":6,"y":1},{"x":6,"y":2},{"x":5,"y":2},{"x":6,"y":3},{"x":6,"y":4},{"x":5,"y":4},{"x":5,"y":3},{"x":4,"y":3},{"x":3,"y":2},{"x":2,"y":2},{"x":0,"y":0},{"x":1,"y":0},{"x":7,"y":2},{"x":8,"y":2},{"x":9,"y":2},{"x":9,"y":3},{"x":9,"y":4},{"x":8,"y":3},{"x":8,"y":4},{"x":7,"y":4},{"x":7,"y":3},{"x":10,"y":2},{"x":11,"y":2},{"x":11,"y":3},{"x":11,"y":4},{"x":10,"y":4},{"x":13,"y":2},{"x":13,"y":1},{"x":14,"y":2},{"x":15,"y":2},{"x":14,"y":3},{"x":14,"y":4},{"x":16,"y":2},{"x":16,"y":3},{"x":16,"y":4},{"x":17,"y":2},{"x":18,"y":2},{"x":18,"y":3},{"x":18,"y":4},{"x":17,"y":4},{"x":17,"y":3},{"x":20,"y":2},{"x":20,"y":1},{"x":21,"y":1},{"x":22,"y":1},{"x":22,"y":0},{"x":23,"y":0},{"x":23,"y":1},{"x":22,"y":2},{"x":23,"y":2},{"x":23,"y":3},{"x":24,"y":4},{"x":23,"y":4},{"x":22,"y":3},{"x":21,"y":3},{"x":21,"y":2},{"x":20,"y":3},{"x":24,"y":1},{"x":24,"y":2},{"x":25,"y":2},{"x":25,"y":3},{"x":26,"y":3},{"x":26,"y":4},{"x":25,"y":4},{"x":24,"y":3},{"x":26,"y":2},{"x":27,"y":2},{"x":27,"y":3},{"x":27,"y":4},{"x":28,"y":3},{"x":29,"y":3},{"x":29,"y":4},{"x":28,"y":4},{"x":28,"y":2},{"x":29,"y":2},{"x":30,"y":1},{"x":31,"y":1},{"x":32,"y":1},{"x":33,"y":1},{"x":32,"y":2},{"x":31,"y":2},{"x":30,"y":2},{"x":30,"y":3},{"x":31,"y":3},{"x":31,"y":4},{"x":30,"y":4},{"x":32,"y":3},{"x":33,"y":3},{"x":33,"y":4},{"x":32,"y":4},{"x":34,"y":2},{"x":35,"y":2},{"x":34,"y":3},{"x":34,"y":4},{"x":33,"y":2},{"x":34,"y":1},{"x":36,"y":2},{"x":36,"y":1},{"x":36,"y":3},{"x":37,"y":4},{"x":36,"y":4},{"x":37,"y":2},{"x":38,"y":2},{"x":38,"y":1},{"x":39,"y":1},{"x":40,"y":1},{"x":40,"y":2},{"x":40,"y":3},{"x":39,"y":2},{"x":38,"y":3},{"x":39,"y":3},{"x":39,"y":4},{"x":38,"y":4},{"x":37,"y":3}],"terrainTextureId":"polygon_terrain_0","polygon":[{"x":163,"y":1102},{"x":239,"y":1073},{"x":399,"y":949},{"x":617,"y":895},{"x":826,"y":728},{"x":1091,"y":600},{"x":1262,"y":425},{"x":1500,"y":447},{"x":1636,"y":596},{"x":1593,"y":639},{"x":1405,"y":701},{"x":1355,"y":854},{"x":1403,"y":996},{"x":1467,"y":1182},{"x":1576,"y":1285},{"x":1668,"y":1403},{"x":1740,"y":1534},{"x":1812,"y":1666},{"x":1884,"y":1798},{"x":1956,"y":1929},{"x":2032,"y":2068},{"x":1827,"y":2047},{"x":1672,"y":2035},{"x":1502,"y":2032},{"x":1532,"y":1885},{"x":1495,"y":1670},{"x":1302,"y":1576},{"x":1053,"y":1520},{"x":845,"y":1506},{"x":700,"y":1485},{"x":664,"y":1574},{"x":731,"y":1638},{"x":912,"y":1842},{"x":836,"y":1879},{"x":709,"y":1892},{"x":505,"y":1854},{"x":454,"y":1713},{"x":456,"y":1567},{"x":314,"y":1333},{"x":163,"y":1252}]},{"usedWorldBlocks":[{"x":0,"y":1},{"x":1,"y":1},{"x":2,"y":1},{"x":3,"y":1},{"x":4,"y":1},{"x":4,"y":2},{"x":5,"y":1},{"x":6,"y":1},{"x":6,"y":2},{"x":5,"y":2},{"x":6,"y":3},{"x":6,"y":4},{"x":5,"y":4},{"x":5,"y":3},{"x":4,"y":3},{"x":3,"y":2},{"x":2,"y":2},{"x":0,"y":0},{"x":1,"y":0},{"x":7,"y":2},{"x":8,"y":2},{"x":9,"y":2},{"x":9,"y":3},{"x":9,"y":4},{"x":8,"y":3},{"x":8,"y":4},{"x":7,"y":4},{"x":7,"y":3},{"x":10,"y":2},{"x":11,"y":2},{"x":11,"y":3},{"x":11,"y":4},{"x":10,"y":4},{"x":13,"y":2},{"x":13,"y":1},{"x":14,"y":2},{"x":15,"y":2},{"x":14,"y":3},{"x":14,"y":4},{"x":16,"y":2},{"x":16,"y":3},{"x":16,"y":4},{"x":17,"y":2},{"x":18,"y":2},{"x":18,"y":3},{"x":18,"y":4},{"x":17,"y":4},{"x":17,"y":3},{"x":20,"y":2},{"x":20,"y":1},{"x":21,"y":1},{"x":22,"y":1},{"x":22,"y":0},{"x":23,"y":0},{"x":23,"y":1},{"x":22,"y":2},{"x":23,"y":2},{"x":23,"y":3},{"x":24,"y":4},{"x":23,"y":4},{"x":22,"y":3},{"x":21,"y":3},{"x":21,"y":2},{"x":20,"y":3},{"x":24,"y":1},{"x":24,"y":2},{"x":25,"y":2},{"x":25,"y":3},{"x":26,"y":3},{"x":26,"y":4},{"x":25,"y":4},{"x":24,"y":3},{"x":26,"y":2},{"x":27,"y":2},{"x":27,"y":3},{"x":27,"y":4},{"x":28,"y":3},{"x":29,"y":3},{"x":29,"y":4},{"x":28,"y":4},{"x":28,"y":2},{"x":29,"y":2},{"x":30,"y":1},{"x":31,"y":1},{"x":32,"y":1},{"x":33,"y":1},{"x":32,"y":2},{"x":31,"y":2},{"x":30,"y":2},{"x":30,"y":3},{"x":31,"y":3},{"x":31,"y":4},{"x":30,"y":4},{"x":32,"y":3},{"x":33,"y":3},{"x":33,"y":4},{"x":32,"y":4},{"x":34,"y":2},{"x":35,"y":2},{"x":34,"y":3},{"x":34,"y":4},{"x":33,"y":2},{"x":34,"y":1},{"x":36,"y":2},{"x":36,"y":1},{"x":36,"y":3},{"x":37,"y":4},{"x":36,"y":4},{"x":37,"y":2},{"x":38,"y":2},{"x":38,"y":1},{"x":39,"y":1},{"x":40,"y":1},{"x":40,"y":2},{"x":40,"y":3},{"x":39,"y":2},{"x":38,"y":3},{"x":39,"y":3},{"x":39,"y":4},{"x":38,"y":4},{"x":37,"y":3}],"terrainTextureId":"polygon_terrain_0","polygon":[{"x":1813,"y":871},{"x":1895,"y":849},{"x":2009,"y":945},{"x":2124,"y":1041},{"x":2260,"y":1104},{"x":2406,"y":1139},{"x":2552,"y":1173},{"x":2698,"y":1208},{"x":2898,"y":1255},{"x":2838,"y":1375},{"x":2887,"y":1517},{"x":2862,"y":1702},{"x":3064,"y":1829},{"x":3001,"y":2066},{"x":2831,"y":2057},{"x":2681,"y":2065},{"x":2421,"y":2068},{"x":2392,"y":1933},{"x":2387,"y":1780},{"x":2329,"y":1623},{"x":2278,"y":1394},{"x":2105,"y":1294},{"x":1976,"y":1080},{"x":1836,"y":1003}]},{"usedWorldBlocks":[{"x":0,"y":1},{"x":1,"y":1},{"x":2,"y":1},{"x":3,"y":1},{"x":4,"y":1},{"x":4,"y":2},{"x":5,"y":1},{"x":6,"y":1},{"x":6,"y":2},{"x":5,"y":2},{"x":6,"y":3},{"x":6,"y":4},{"x":5,"y":4},{"x":5,"y":3},{"x":4,"y":3},{"x":3,"y":2},{"x":2,"y":2},{"x":0,"y":0},{"x":1,"y":0},{"x":7,"y":2},{"x":8,"y":2},{"x":9,"y":2},{"x":9,"y":3},{"x":9,"y":4},{"x":8,"y":3},{"x":8,"y":4},{"x":7,"y":4},{"x":7,"y":3},{"x":10,"y":2},{"x":11,"y":2},{"x":11,"y":3},{"x":11,"y":4},{"x":10,"y":4},{"x":13,"y":2},{"x":13,"y":1},{"x":14,"y":2},{"x":15,"y":2},{"x":14,"y":3},{"x":14,"y":4},{"x":16,"y":2},{"x":16,"y":3},{"x":16,"y":4},{"x":17,"y":2},{"x":18,"y":2},{"x":18,"y":3},{"x":18,"y":4},{"x":17,"y":4},{"x":17,"y":3},{"x":20,"y":2},{"x":20,"y":1},{"x":21,"y":1},{"x":22,"y":1},{"x":22,"y":0},{"x":23,"y":0},{"x":23,"y":1},{"x":22,"y":2},{"x":23,"y":2},{"x":23,"y":3},{"x":24,"y":4},{"x":23,"y":4},{"x":22,"y":3},{"x":21,"y":3},{"x":21,"y":2},{"x":20,"y":3},{"x":24,"y":1},{"x":24,"y":2},{"x":25,"y":2},{"x":25,"y":3},{"x":26,"y":3},{"x":26,"y":4},{"x":25,"y":4},{"x":24,"y":3},{"x":26,"y":2},{"x":27,"y":2},{"x":27,"y":3},{"x":27,"y":4},{"x":28,"y":3},{"x":29,"y":3},{"x":29,"y":4},{"x":28,"y":4},{"x":28,"y":2},{"x":29,"y":2},{"x":30,"y":1},{"x":31,"y":1},{"x":32,"y":1},{"x":33,"y":1},{"x":32,"y":2},{"x":31,"y":2},{"x":30,"y":2},{"x":30,"y":3},{"x":31,"y":3},{"x":31,"y":4},{"x":30,"y":4},{"x":32,"y":3},{"x":33,"y":3},{"x":33,"y":4},{"x":32,"y":4},{"x":34,"y":2},{"x":35,"y":2},{"x":34,"y":3},{"x":34,"y":4},{"x":33,"y":2},{"x":34,"y":1},{"x":36,"y":2},{"x":36,"y":1},{"x":36,"y":3},{"x":37,"y":4},{"x":36,"y":4},{"x":37,"y":2},{"x":38,"y":2},{"x":38,"y":1},{"x":39,"y":1},{"x":40,"y":1},{"x":40,"y":2},{"x":40,"y":3},{"x":39,"y":2},{"x":38,"y":3},{"x":39,"y":3},{"x":39,"y":4},{"x":38,"y":4},{"x":37,"y":3}],"terrainTextureId":"polygon_terrain_0","polygon":[{"x":3129,"y":1408},{"x":3346,"y":1403},{"x":3496,"y":1391},{"x":3639,"y":1347},{"x":3790,"y":1278},{"x":3944,"y":1164},{"x":3944,"y":1286},{"x":3758,"y":1478},{"x":3737,"y":1627},{"x":3813,"y":1756},{"x":3888,"y":1885},{"x":3986,"y":2051},{"x":3836,"y":2050},{"x":3659,"y":2049},{"x":3443,"y":2047},{"x":3547,"y":1775},{"x":3506,"y":1621},{"x":3347,"y":1565},{"x":3186,"y":1513}]},{"usedWorldBlocks":[{"x":0,"y":1},{"x":1,"y":1},{"x":2,"y":1},{"x":3,"y":1},{"x":4,"y":1},{"x":4,"y":2},{"x":5,"y":1},{"x":6,"y":1},{"x":6,"y":2},{"x":5,"y":2},{"x":6,"y":3},{"x":6,"y":4},{"x":5,"y":4},{"x":5,"y":3},{"x":4,"y":3},{"x":3,"y":2},{"x":2,"y":2},{"x":0,"y":0},{"x":1,"y":0},{"x":7,"y":2},{"x":8,"y":2},{"x":9,"y":2},{"x":9,"y":3},{"x":9,"y":4},{"x":8,"y":3},{"x":8,"y":4},{"x":7,"y":4},{"x":7,"y":3},{"x":10,"y":2},{"x":11,"y":2},{"x":11,"y":3},{"x":11,"y":4},{"x":10,"y":4},{"x":13,"y":2},{"x":13,"y":1},{"x":14,"y":2},{"x":15,"y":2},{"x":14,"y":3},{"x":14,"y":4},{"x":16,"y":2},{"x":16,"y":3},{"x":16,"y":4},{"x":17,"y":2},{"x":18,"y":2},{"x":18,"y":3},{"x":18,"y":4},{"x":17,"y":4},{"x":17,"y":3},{"x":20,"y":2},{"x":20,"y":1},{"x":21,"y":1},{"x":22,"y":1},{"x":22,"y":0},{"x":23,"y":0},{"x":23,"y":1},{"x":22,"y":2},{"x":23,"y":2},{"x":23,"y":3},{"x":24,"y":4},{"x":23,"y":4},{"x":22,"y":3},{"x":21,"y":3},{"x":21,"y":2},{"x":20,"y":3},{"x":24,"y":1},{"x":24,"y":2},{"x":25,"y":2},{"x":25,"y":3},{"x":26,"y":3},{"x":26,"y":4},{"x":25,"y":4},{"x":24,"y":3},{"x":26,"y":2},{"x":27,"y":2},{"x":27,"y":3},{"x":27,"y":4},{"x":28,"y":3},{"x":29,"y":3},{"x":29,"y":4},{"x":28,"y":4},{"x":28,"y":2},{"x":29,"y":2},{"x":30,"y":1},{"x":31,"y":1},{"x":32,"y":1},{"x":33,"y":1},{"x":32,"y":2},{"x":31,"y":2},{"x":30,"y":2},{"x":30,"y":3},{"x":31,"y":3},{"x":31,"y":4},{"x":30,"y":4},{"x":32,"y":3},{"x":33,"y":3},{"x":33,"y":4},{"x":32,"y":4},{"x":34,"y":2},{"x":35,"y":2},{"x":34,"y":3},{"x":34,"y":4},{"x":33,"y":2},{"x":34,"y":1},{"x":36,"y":2},{"x":36,"y":1},{"x":36,"y":3},{"x":37,"y":4},{"x":36,"y":4},{"x":37,"y":2},{"x":38,"y":2},{"x":38,"y":1},{"x":39,"y":1},{"x":40,"y":1},{"x":40,"y":2},{"x":40,"y":3},{"x":39,"y":2},{"x":38,"y":3},{"x":39,"y":3},{"x":39,"y":4},{"x":38,"y":4},{"x":37,"y":3}],"terrainTextureId":"polygon_terrain_0","polygon":[{"x":4418,"y":1543},{"x":4566,"y":1576},{"x":4716,"y":1577},{"x":4886,"y":1597},{"x":4883,"y":1663},{"x":4767,"y":1872},{"x":4807,"y":2049},{"x":4528,"y":2054},{"x":4298,"y":2041},{"x":4438,"y":1829},{"x":4355,"y":1701},{"x":4163,"y":1638},{"x":4165,"y":1556}]},{"usedWorldBlocks":[{"x":0,"y":1},{"x":1,"y":1},{"x":2,"y":1},{"x":3,"y":1},{"x":4,"y":1},{"x":4,"y":2},{"x":5,"y":1},{"x":6,"y":1},{"x":6,"y":2},{"x":5,"y":2},{"x":6,"y":3},{"x":6,"y":4},{"x":5,"y":4},{"x":5,"y":3},{"x":4,"y":3},{"x":3,"y":2},{"x":2,"y":2},{"x":0,"y":0},{"x":1,"y":0},{"x":7,"y":2},{"x":8,"y":2},{"x":9,"y":2},{"x":9,"y":3},{"x":9,"y":4},{"x":8,"y":3},{"x":8,"y":4},{"x":7,"y":4},{"x":7,"y":3},{"x":10,"y":2},{"x":11,"y":2},{"x":11,"y":3},{"x":11,"y":4},{"x":10,"y":4},{"x":13,"y":2},{"x":13,"y":1},{"x":14,"y":2},{"x":15,"y":2},{"x":14,"y":3},{"x":14,"y":4},{"x":16,"y":2},{"x":16,"y":3},{"x":16,"y":4},{"x":17,"y":2},{"x":18,"y":2},{"x":18,"y":3},{"x":18,"y":4},{"x":17,"y":4},{"x":17,"y":3},{"x":20,"y":2},{"x":20,"y":1},{"x":21,"y":1},{"x":22,"y":1},{"x":22,"y":0},{"x":23,"y":0},{"x":23,"y":1},{"x":22,"y":2},{"x":23,"y":2},{"x":23,"y":3},{"x":24,"y":4},{"x":23,"y":4},{"x":22,"y":3},{"x":21,"y":3},{"x":21,"y":2},{"x":20,"y":3},{"x":24,"y":1},{"x":24,"y":2},{"x":25,"y":2},{"x":25,"y":3},{"x":26,"y":3},{"x":26,"y":4},{"x":25,"y":4},{"x":24,"y":3},{"x":26,"y":2},{"x":27,"y":2},{"x":27,"y":3},{"x":27,"y":4},{"x":28,"y":3},{"x":29,"y":3},{"x":29,"y":4},{"x":28,"y":4},{"x":28,"y":2},{"x":29,"y":2},{"x":30,"y":1},{"x":31,"y":1},{"x":32,"y":1},{"x":33,"y":1},{"x":32,"y":2},{"x":31,"y":2},{"x":30,"y":2},{"x":30,"y":3},{"x":31,"y":3},{"x":31,"y":4},{"x":30,"y":4},{"x":32,"y":3},{"x":33,"y":3},{"x":33,"y":4},{"x":32,"y":4},{"x":34,"y":2},{"x":35,"y":2},{"x":34,"y":3},{"x":34,"y":4},{"x":33,"y":2},{"x":34,"y":1},{"x":36,"y":2},{"x":36,"y":1},{"x":36,"y":3},{"x":37,"y":4},{"x":36,"y":4},{"x":37,"y":2},{"x":38,"y":2},{"x":38,"y":1},{"x":39,"y":1},{"x":40,"y":1},{"x":40,"y":2},{"x":40,"y":3},{"x":39,"y":2},{"x":38,"y":3},{"x":39,"y":3},{"x":39,"y":4},{"x":38,"y":4},{"x":37,"y":3}],"terrainTextureId":"polygon_terrain_0","polygon":[{"x":4331,"y":1170},{"x":4454,"y":1152},{"x":4615,"y":1140},{"x":4760,"y":1108},{"x":4913,"y":1042},{"x":4961,"y":1184},{"x":4930,"y":1321},{"x":4759,"y":1270},{"x":4609,"y":1256},{"x":4370,"y":1250}]}]],[[{"usedWorldBlocks":[{"x":0,"y":1},{"x":1,"y":1},{"x":2,"y":1},{"x":3,"y":1},{"x":4,"y":1},{"x":4,"y":2},{"x":5,"y":1},{"x":6,"y":1},{"x":6,"y":2},{"x":5,"y":2},{"x":6,"y":3},{"x":6,"y":4},{"x":5,"y":4},{"x":5,"y":3},{"x":4,"y":3},{"x":3,"y":2},{"x":2,"y":2},{"x":0,"y":0},{"x":1,"y":0},{"x":7,"y":2},{"x":8,"y":2},{"x":9,"y":2},{"x":9,"y":3},{"x":9,"y":4},{"x":8,"y":3},{"x":8,"y":4},{"x":7,"y":4},{"x":7,"y":3},{"x":10,"y":2},{"x":11,"y":2},{"x":11,"y":3},{"x":11,"y":4},{"x":10,"y":4},{"x":13,"y":2},{"x":13,"y":1},{"x":14,"y":2},{"x":15,"y":2},{"x":14,"y":3},{"x":14,"y":4},{"x":16,"y":2},{"x":16,"y":3},{"x":16,"y":4},{"x":17,"y":2},{"x":18,"y":2},{"x":18,"y":3},{"x":18,"y":4},{"x":17,"y":4},{"x":17,"y":3},{"x":20,"y":2},{"x":20,"y":1},{"x":21,"y":1},{"x":22,"y":1},{"x":22,"y":0},{"x":23,"y":0},{"x":23,"y":1},{"x":22,"y":2},{"x":23,"y":2},{"x":23,"y":3},{"x":24,"y":4},{"x":23,"y":4},{"x":22,"y":3},{"x":21,"y":3},{"x":21,"y":2},{"x":20,"y":3},{"x":24,"y":1},{"x":24,"y":2},{"x":25,"y":2},{"x":25,"y":3},{"x":26,"y":3},{"x":26,"y":4},{"x":25,"y":4},{"x":24,"y":3},{"x":26,"y":2},{"x":27,"y":2},{"x":27,"y":3},{"x":27,"y":4},{"x":28,"y":3},{"x":29,"y":3},{"x":29,"y":4},{"x":28,"y":4},{"x":28,"y":2},{"x":29,"y":2},{"x":30,"y":1},{"x":31,"y":1},{"x":32,"y":1},{"x":33,"y":1},{"x":32,"y":2},{"x":31,"y":2},{"x":30,"y":2},{"x":30,"y":3},{"x":31,"y":3},{"x":31,"y":4},{"x":30,"y":4},{"x":32,"y":3},{"x":33,"y":3},{"x":33,"y":4},{"x":32,"y":4},{"x":34,"y":2},{"x":35,"y":2},{"x":34,"y":3},{"x":34,"y":4},{"x":33,"y":2},{"x":34,"y":1},{"x":36,"y":2},{"x":36,"y":1},{"x":36,"y":3},{"x":37,"y":4},{"x":36,"y":4},{"x":37,"y":2},{"x":38,"y":2},{"x":38,"y":1},{"x":39,"y":1},{"x":40,"y":1},{"x":40,"y":2},{"x":40,"y":3},{"x":39,"y":2},{"x":38,"y":3},{"x":39,"y":3},{"x":39,"y":4},{"x":38,"y":4},{"x":37,"y":3}],"terrainTextureId":"polygon_terrain_0","polygon":[{"x":336,"y":887},{"x":383,"y":845},{"x":576,"y":733},{"x":665,"y":788},{"x":846,"y":878},{"x":1060,"y":888},{"x":1204,"y":928},{"x":1364,"y":925},{"x":1506,"y":854},{"x":1518,"y":931},{"x":1363,"y":1162},{"x":1098,"y":1144},{"x":812,"y":1193},{"x":667,"y":1153},{"x":527,"y":1104},{"x":325,"y":1167},{"x":363,"y":1051}]},{"usedWorldBlocks":[{"x":0,"y":1},{"x":1,"y":1},{"x":2,"y":1},{"x":3,"y":1},{"x":4,"y":1},{"x":4,"y":2},{"x":5,"y":1},{"x":6,"y":1},{"x":6,"y":2},{"x":5,"y":2},{"x":6,"y":3},{"x":6,"y":4},{"x":5,"y":4},{"x":5,"y":3},{"x":4,"y":3},{"x":3,"y":2},{"x":2,"y":2},{"x":0,"y":0},{"x":1,"y":0},{"x":7,"y":2},{"x":8,"y":2},{"x":9,"y":2},{"x":9,"y":3},{"x":9,"y":4},{"x":8,"y":3},{"x":8,"y":4},{"x":7,"y":4},{"x":7,"y":3},{"x":10,"y":2},{"x":11,"y":2},{"x":11,"y":3},{"x":11,"y":4},{"x":10,"y":4},{"x":13,"y":2},{"x":13,"y":1},{"x":14,"y":2},{"x":15,"y":2},{"x":14,"y":3},{"x":14,"y":4},{"x":16,"y":2},{"x":16,"y":3},{"x":16,"y":4},{"x":17,"y":2},{"x":18,"y":2},{"x":18,"y":3},{"x":18,"y":4},{"x":17,"y":4},{"x":17,"y":3},{"x":20,"y":2},{"x":20,"y":1},{"x":21,"y":1},{"x":22,"y":1},{"x":22,"y":0},{"x":23,"y":0},{"x":23,"y":1},{"x":22,"y":2},{"x":23,"y":2},{"x":23,"y":3},{"x":24,"y":4},{"x":23,"y":4},{"x":22,"y":3},{"x":21,"y":3},{"x":21,"y":2},{"x":20,"y":3},{"x":24,"y":1},{"x":24,"y":2},{"x":25,"y":2},{"x":25,"y":3},{"x":26,"y":3},{"x":26,"y":4},{"x":25,"y":4},{"x":24,"y":3},{"x":26,"y":2},{"x":27,"y":2},{"x":27,"y":3},{"x":27,"y":4},{"x":28,"y":3},{"x":29,"y":3},{"x":29,"y":4},{"x":28,"y":4},{"x":28,"y":2},{"x":29,"y":2},{"x":30,"y":1},{"x":31,"y":1},{"x":32,"y":1},{"x":33,"y":1},{"x":32,"y":2},{"x":31,"y":2},{"x":30,"y":2},{"x":30,"y":3},{"x":31,"y":3},{"x":31,"y":4},{"x":30,"y":4},{"x":32,"y":3},{"x":33,"y":3},{"x":33,"y":4},{"x":32,"y":4},{"x":34,"y":2},{"x":35,"y":2},{"x":34,"y":3},{"x":34,"y":4},{"x":33,"y":2},{"x":34,"y":1},{"x":36,"y":2},{"x":36,"y":1},{"x":36,"y":3},{"x":37,"y":4},{"x":36,"y":4},{"x":37,"y":2},{"x":38,"y":2},{"x":38,"y":1},{"x":39,"y":1},{"x":40,"y":1},{"x":40,"y":2},{"x":40,"y":3},{"x":39,"y":2},{"x":38,"y":3},{"x":39,"y":3},{"x":39,"y":4},{"x":38,"y":4},{"x":37,"y":3}],"terrainTextureId":"polygon_terrain_0","polygon":[{"x":270,"y":1589},{"x":338,"y":1570},{"x":486,"y":1551},{"x":699,"y":1465},{"x":820,"y":1656},{"x":738,"y":1805},{"x":718,"y":2039},{"x":569,"y":2058},{"x":419,"y":2064},{"x":261,"y":2071},{"x":377,"y":1929},{"x":270,"y":1739}]},{"usedWorldBlocks":[{"x":0,"y":1},{"x":1,"y":1},{"x":2,"y":1},{"x":3,"y":1},{"x":4,"y":1},{"x":4,"y":2},{"x":5,"y":1},{"x":6,"y":1},{"x":6,"y":2},{"x":5,"y":2},{"x":6,"y":3},{"x":6,"y":4},{"x":5,"y":4},{"x":5,"y":3},{"x":4,"y":3},{"x":3,"y":2},{"x":2,"y":2},{"x":0,"y":0},{"x":1,"y":0},{"x":7,"y":2},{"x":8,"y":2},{"x":9,"y":2},{"x":9,"y":3},{"x":9,"y":4},{"x":8,"y":3},{"x":8,"y":4},{"x":7,"y":4},{"x":7,"y":3},{"x":10,"y":2},{"x":11,"y":2},{"x":11,"y":3},{"x":11,"y":4},{"x":10,"y":4},{"x":13,"y":2},{"x":13,"y":1},{"x":14,"y":2},{"x":15,"y":2},{"x":14,"y":3},{"x":14,"y":4},{"x":16,"y":2},{"x":16,"y":3},{"x":16,"y":4},{"x":17,"y":2},{"x":18,"y":2},{"x":18,"y":3},{"x":18,"y":4},{"x":17,"y":4},{"x":17,"y":3},{"x":20,"y":2},{"x":20,"y":1},{"x":21,"y":1},{"x":22,"y":1},{"x":22,"y":0},{"x":23,"y":0},{"x":23,"y":1},{"x":22,"y":2},{"x":23,"y":2},{"x":23,"y":3},{"x":24,"y":4},{"x":23,"y":4},{"x":22,"y":3},{"x":21,"y":3},{"x":21,"y":2},{"x":20,"y":3},{"x":24,"y":1},{"x":24,"y":2},{"x":25,"y":2},{"x":25,"y":3},{"x":26,"y":3},{"x":26,"y":4},{"x":25,"y":4},{"x":24,"y":3},{"x":26,"y":2},{"x":27,"y":2},{"x":27,"y":3},{"x":27,"y":4},{"x":28,"y":3},{"x":29,"y":3},{"x":29,"y":4},{"x":28,"y":4},{"x":28,"y":2},{"x":29,"y":2},{"x":30,"y":1},{"x":31,"y":1},{"x":32,"y":1},{"x":33,"y":1},{"x":32,"y":2},{"x":31,"y":2},{"x":30,"y":2},{"x":30,"y":3},{"x":31,"y":3},{"x":31,"y":4},{"x":30,"y":4},{"x":32,"y":3},{"x":33,"y":3},{"x":33,"y":4},{"x":32,"y":4},{"x":34,"y":2},{"x":35,"y":2},{"x":34,"y":3},{"x":34,"y":4},{"x":33,"y":2},{"x":34,"y":1},{"x":36,"y":2},{"x":36,"y":1},{"x":36,"y":3},{"x":37,"y":4},{"x":36,"y":4},{"x":37,"y":2},{"x":38,"y":2},{"x":38,"y":1},{"x":39,"y":1},{"x":40,"y":1},{"x":40,"y":2},{"x":40,"y":3},{"x":39,"y":2},{"x":38,"y":3},{"x":39,"y":3},{"x":39,"y":4},{"x":38,"y":4},{"x":37,"y":3}],"terrainTextureId":"polygon_terrain_0","polygon":[{"x":1099,"y":1691},{"x":1250,"y":1661},{"x":1382,"y":1592},{"x":1612,"y":1513},{"x":1652,"y":1612},{"x":1518,"y":1765},{"x":1581,"y":1930},{"x":1753,"y":2049},{"x":1598,"y":2051},{"x":1389,"y":2050},{"x":1247,"y":2051},{"x":1088,"y":1839}]},{"usedWorldBlocks":[{"x":0,"y":1},{"x":1,"y":1},{"x":2,"y":1},{"x":3,"y":1},{"x":4,"y":1},{"x":4,"y":2},{"x":5,"y":1},{"x":6,"y":1},{"x":6,"y":2},{"x":5,"y":2},{"x":6,"y":3},{"x":6,"y":4},{"x":5,"y":4},{"x":5,"y":3},{"x":4,"y":3},{"x":3,"y":2},{"x":2,"y":2},{"x":0,"y":0},{"x":1,"y":0},{"x":7,"y":2},{"x":8,"y":2},{"x":9,"y":2},{"x":9,"y":3},{"x":9,"y":4},{"x":8,"y":3},{"x":8,"y":4},{"x":7,"y":4},{"x":7,"y":3},{"x":10,"y":2},{"x":11,"y":2},{"x":11,"y":3},{"x":11,"y":4},{"x":10,"y":4},{"x":13,"y":2},{"x":13,"y":1},{"x":14,"y":2},{"x":15,"y":2},{"x":14,"y":3},{"x":14,"y":4},{"x":16,"y":2},{"x":16,"y":3},{"x":16,"y":4},{"x":17,"y":2},{"x":18,"y":2},{"x":18,"y":3},{"x":18,"y":4},{"x":17,"y":4},{"x":17,"y":3},{"x":20,"y":2},{"x":20,"y":1},{"x":21,"y":1},{"x":22,"y":1},{"x":22,"y":0},{"x":23,"y":0},{"x":23,"y":1},{"x":22,"y":2},{"x":23,"y":2},{"x":23,"y":3},{"x":24,"y":4},{"x":23,"y":4},{"x":22,"y":3},{"x":21,"y":3},{"x":21,"y":2},{"x":20,"y":3},{"x":24,"y":1},{"x":24,"y":2},{"x":25,"y":2},{"x":25,"y":3},{"x":26,"y":3},{"x":26,"y":4},{"x":25,"y":4},{"x":24,"y":3},{"x":26,"y":2},{"x":27,"y":2},{"x":27,"y":3},{"x":27,"y":4},{"x":28,"y":3},{"x":29,"y":3},{"x":29,"y":4},{"x":28,"y":4},{"x":28,"y":2},{"x":29,"y":2},{"x":30,"y":1},{"x":31,"y":1},{"x":32,"y":1},{"x":33,"y":1},{"x":32,"y":2},{"x":31,"y":2},{"x":30,"y":2},{"x":30,"y":3},{"x":31,"y":3},{"x":31,"y":4},{"x":30,"y":4},{"x":32,"y":3},{"x":33,"y":3},{"x":33,"y":4},{"x":32,"y":4},{"x":34,"y":2},{"x":35,"y":2},{"x":34,"y":3},{"x":34,"y":4},{"x":33,"y":2},{"x":34,"y":1},{"x":36,"y":2},{"x":36,"y":1},{"x":36,"y":3},{"x":37,"y":4},{"x":36,"y":4},{"x":37,"y":2},{"x":38,"y":2},{"x":38,"y":1},{"x":39,"y":1},{"x":40,"y":1},{"x":40,"y":2},{"x":40,"y":3},{"x":39,"y":2},{"x":38,"y":3},{"x":39,"y":3},{"x":39,"y":4},{"x":38,"y":4},{"x":37,"y":3}],"terrainTextureId":"polygon_terrain_0","polygon":[{"x":2099,"y":1329},{"x":2313,"y":1256},{"x":2500,"y":1323},{"x":2479,"y":1463},{"x":2343,"y":1525},{"x":2233,"y":1741},{"x":2341,"y":1874},{"x":2398,"y":2040},{"x":2222,"y":2031},{"x":2041,"y":2041},{"x":2046,"y":1876},{"x":1999,"y":1725},{"x":1841,"y":1588},{"x":1967,"y":1492}]},{"usedWorldBlocks":[{"x":0,"y":1},{"x":1,"y":1},{"x":2,"y":1},{"x":3,"y":1},{"x":4,"y":1},{"x":4,"y":2},{"x":5,"y":1},{"x":6,"y":1},{"x":6,"y":2},{"x":5,"y":2},{"x":6,"y":3},{"x":6,"y":4},{"x":5,"y":4},{"x":5,"y":3},{"x":4,"y":3},{"x":3,"y":2},{"x":2,"y":2},{"x":0,"y":0},{"x":1,"y":0},{"x":7,"y":2},{"x":8,"y":2},{"x":9,"y":2},{"x":9,"y":3},{"x":9,"y":4},{"x":8,"y":3},{"x":8,"y":4},{"x":7,"y":4},{"x":7,"y":3},{"x":10,"y":2},{"x":11,"y":2},{"x":11,"y":3},{"x":11,"y":4},{"x":10,"y":4},{"x":13,"y":2},{"x":13,"y":1},{"x":14,"y":2},{"x":15,"y":2},{"x":14,"y":3},{"x":14,"y":4},{"x":16,"y":2},{"x":16,"y":3},{"x":16,"y":4},{"x":17,"y":2},{"x":18,"y":2},{"x":18,"y":3},{"x":18,"y":4},{"x":17,"y":4},{"x":17,"y":3},{"x":20,"y":2},{"x":20,"y":1},{"x":21,"y":1},{"x":22,"y":1},{"x":22,"y":0},{"x":23,"y":0},{"x":23,"y":1},{"x":22,"y":2},{"x":23,"y":2},{"x":23,"y":3},{"x":24,"y":4},{"x":23,"y":4},{"x":22,"y":3},{"x":21,"y":3},{"x":21,"y":2},{"x":20,"y":3},{"x":24,"y":1},{"x":24,"y":2},{"x":25,"y":2},{"x":25,"y":3},{"x":26,"y":3},{"x":26,"y":4},{"x":25,"y":4},{"x":24,"y":3},{"x":26,"y":2},{"x":27,"y":2},{"x":27,"y":3},{"x":27,"y":4},{"x":28,"y":3},{"x":29,"y":3},{"x":29,"y":4},{"x":28,"y":4},{"x":28,"y":2},{"x":29,"y":2},{"x":30,"y":1},{"x":31,"y":1},{"x":32,"y":1},{"x":33,"y":1},{"x":32,"y":2},{"x":31,"y":2},{"x":30,"y":2},{"x":30,"y":3},{"x":31,"y":3},{"x":31,"y":4},{"x":30,"y":4},{"x":32,"y":3},{"x":33,"y":3},{"x":33,"y":4},{"x":32,"y":4},{"x":34,"y":2},{"x":35,"y":2},{"x":34,"y":3},{"x":34,"y":4},{"x":33,"y":2},{"x":34,"y":1},{"x":36,"y":2},{"x":36,"y":1},{"x":36,"y":3},{"x":37,"y":4},{"x":36,"y":4},{"x":37,"y":2},{"x":38,"y":2},{"x":38,"y":1},{"x":39,"y":1},{"x":40,"y":1},{"x":40,"y":2},{"x":40,"y":3},{"x":39,"y":2},{"x":38,"y":3},{"x":39,"y":3},{"x":39,"y":4},{"x":38,"y":4},{"x":37,"y":3}],"terrainTextureId":"polygon_terrain_0","polygon":[{"x":1746,"y":900},{"x":1888,"y":918},{"x":2068,"y":883},{"x":2047,"y":984},{"x":1900,"y":1051},{"x":1695,"y":1056}]},{"usedWorldBlocks":[{"x":0,"y":1},{"x":1,"y":1},{"x":2,"y":1},{"x":3,"y":1},{"x":4,"y":1},{"x":4,"y":2},{"x":5,"y":1},{"x":6,"y":1},{"x":6,"y":2},{"x":5,"y":2},{"x":6,"y":3},{"x":6,"y":4},{"x":5,"y":4},{"x":5,"y":3},{"x":4,"y":3},{"x":3,"y":2},{"x":2,"y":2},{"x":0,"y":0},{"x":1,"y":0},{"x":7,"y":2},{"x":8,"y":2},{"x":9,"y":2},{"x":9,"y":3},{"x":9,"y":4},{"x":8,"y":3},{"x":8,"y":4},{"x":7,"y":4},{"x":7,"y":3},{"x":10,"y":2},{"x":11,"y":2},{"x":11,"y":3},{"x":11,"y":4},{"x":10,"y":4},{"x":13,"y":2},{"x":13,"y":1},{"x":14,"y":2},{"x":15,"y":2},{"x":14,"y":3},{"x":14,"y":4},{"x":16,"y":2},{"x":16,"y":3},{"x":16,"y":4},{"x":17,"y":2},{"x":18,"y":2},{"x":18,"y":3},{"x":18,"y":4},{"x":17,"y":4},{"x":17,"y":3},{"x":20,"y":2},{"x":20,"y":1},{"x":21,"y":1},{"x":22,"y":1},{"x":22,"y":0},{"x":23,"y":0},{"x":23,"y":1},{"x":22,"y":2},{"x":23,"y":2},{"x":23,"y":3},{"x":24,"y":4},{"x":23,"y":4},{"x":22,"y":3},{"x":21,"y":3},{"x":21,"y":2},{"x":20,"y":3},{"x":24,"y":1},{"x":24,"y":2},{"x":25,"y":2},{"x":25,"y":3},{"x":26,"y":3},{"x":26,"y":4},{"x":25,"y":4},{"x":24,"y":3},{"x":26,"y":2},{"x":27,"y":2},{"x":27,"y":3},{"x":27,"y":4},{"x":28,"y":3},{"x":29,"y":3},{"x":29,"y":4},{"x":28,"y":4},{"x":28,"y":2},{"x":29,"y":2},{"x":30,"y":1},{"x":31,"y":1},{"x":32,"y":1},{"x":33,"y":1},{"x":32,"y":2},{"x":31,"y":2},{"x":30,"y":2},{"x":30,"y":3},{"x":31,"y":3},{"x":31,"y":4},{"x":30,"y":4},{"x":32,"y":3},{"x":33,"y":3},{"x":33,"y":4},{"x":32,"y":4},{"x":34,"y":2},{"x":35,"y":2},{"x":34,"y":3},{"x":34,"y":4},{"x":33,"y":2},{"x":34,"y":1},{"x":36,"y":2},{"x":36,"y":1},{"x":36,"y":3},{"x":37,"y":4},{"x":36,"y":4},{"x":37,"y":2},{"x":38,"y":2},{"x":38,"y":1},{"x":39,"y":1},{"x":40,"y":1},{"x":40,"y":2},{"x":40,"y":3},{"x":39,"y":2},{"x":38,"y":3},{"x":39,"y":3},{"x":39,"y":4},{"x":38,"y":4},{"x":37,"y":3}],"terrainTextureId":"polygon_terrain_0","polygon":[{"x":2729,"y":1188},{"x":2848,"y":1138},{"x":3071,"y":1079},{"x":3208,"y":986},{"x":3263,"y":1061},{"x":3248,"y":1339},{"x":3341,"y":1511},{"x":3382,"y":1743},{"x":3486,"y":1866},{"x":3571,"y":2055},{"x":3350,"y":2044},{"x":3200,"y":2045},{"x":3029,"y":2047},{"x":3113,"y":1903},{"x":3019,"y":1695},{"x":3016,"y":1407},{"x":2854,"y":1328},{"x":2709,"y":1334}]},{"usedWorldBlocks":[{"x":0,"y":1},{"x":1,"y":1},{"x":2,"y":1},{"x":3,"y":1},{"x":4,"y":1},{"x":4,"y":2},{"x":5,"y":1},{"x":6,"y":1},{"x":6,"y":2},{"x":5,"y":2},{"x":6,"y":3},{"x":6,"y":4},{"x":5,"y":4},{"x":5,"y":3},{"x":4,"y":3},{"x":3,"y":2},{"x":2,"y":2},{"x":0,"y":0},{"x":1,"y":0},{"x":7,"y":2},{"x":8,"y":2},{"x":9,"y":2},{"x":9,"y":3},{"x":9,"y":4},{"x":8,"y":3},{"x":8,"y":4},{"x":7,"y":4},{"x":7,"y":3},{"x":10,"y":2},{"x":11,"y":2},{"x":11,"y":3},{"x":11,"y":4},{"x":10,"y":4},{"x":13,"y":2},{"x":13,"y":1},{"x":14,"y":2},{"x":15,"y":2},{"x":14,"y":3},{"x":14,"y":4},{"x":16,"y":2},{"x":16,"y":3},{"x":16,"y":4},{"x":17,"y":2},{"x":18,"y":2},{"x":18,"y":3},{"x":18,"y":4},{"x":17,"y":4},{"x":17,"y":3},{"x":20,"y":2},{"x":20,"y":1},{"x":21,"y":1},{"x":22,"y":1},{"x":22,"y":0},{"x":23,"y":0},{"x":23,"y":1},{"x":22,"y":2},{"x":23,"y":2},{"x":23,"y":3},{"x":24,"y":4},{"x":23,"y":4},{"x":22,"y":3},{"x":21,"y":3},{"x":21,"y":2},{"x":20,"y":3},{"x":24,"y":1},{"x":24,"y":2},{"x":25,"y":2},{"x":25,"y":3},{"x":26,"y":3},{"x":26,"y":4},{"x":25,"y":4},{"x":24,"y":3},{"x":26,"y":2},{"x":27,"y":2},{"x":27,"y":3},{"x":27,"y":4},{"x":28,"y":3},{"x":29,"y":3},{"x":29,"y":4},{"x":28,"y":4},{"x":28,"y":2},{"x":29,"y":2},{"x":30,"y":1},{"x":31,"y":1},{"x":32,"y":1},{"x":33,"y":1},{"x":32,"y":2},{"x":31,"y":2},{"x":30,"y":2},{"x":30,"y":3},{"x":31,"y":3},{"x":31,"y":4},{"x":30,"y":4},{"x":32,"y":3},{"x":33,"y":3},{"x":33,"y":4},{"x":32,"y":4},{"x":34,"y":2},{"x":35,"y":2},{"x":34,"y":3},{"x":34,"y":4},{"x":33,"y":2},{"x":34,"y":1},{"x":36,"y":2},{"x":36,"y":1},{"x":36,"y":3},{"x":37,"y":4},{"x":36,"y":4},{"x":37,"y":2},{"x":38,"y":2},{"x":38,"y":1},{"x":39,"y":1},{"x":40,"y":1},{"x":40,"y":2},{"x":40,"y":3},{"x":39,"y":2},{"x":38,"y":3},{"x":39,"y":3},{"x":39,"y":4},{"x":38,"y":4},{"x":37,"y":3}],"terrainTextureId":"polygon_terrain_0","polygon":[{"x":3531,"y":1117},{"x":3678,"y":1091},{"x":3826,"y":1066},{"x":3985,"y":1090},{"x":4126,"y":1051},{"x":4275,"y":1037},{"x":4438,"y":992},{"x":4568,"y":942},{"x":4735,"y":957},{"x":4872,"y":983},{"x":5049,"y":913},{"x":5050,"y":1138},{"x":5073,"y":1272},{"x":5076,"y":1422},{"x":5078,"y":1572},{"x":5082,"y":1752},{"x":5022,"y":1615},{"x":4953,"y":1456},{"x":4792,"y":1331},{"x":4643,"y":1212},{"x":4471,"y":1173},{"x":4329,"y":1193},{"x":4248,"y":1345},{"x":4206,"y":1489},{"x":4321,"y":1596},{"x":4349,"y":1752},{"x":4484,"y":1839},{"x":4587,"y":1948},{"x":4691,"y":2060},{"x":4456,"y":2055},{"x":4306,"y":2057},{"x":4041,"y":2061},{"x":3949,"y":1918},{"x":4029,"y":1754},{"x":3966,"y":1617},{"x":3940,"y":1461},{"x":3842,"y":1332},{"x":3681,"y":1267},{"x":3575,"y":1241}]}]]],"worldId":0,"polygonBackgroundData":[[[{"usedWorldBlocks":[{"x":0,"y":0},{"x":1,"y":0},{"x":1,"y":1},{"x":0,"y":1},{"x":22,"y":1},{"x":23,"y":1},{"x":24,"y":2},{"x":24,"y":3},{"x":24,"y":4},{"x":23,"y":4},{"x":23,"y":3},{"x":23,"y":2},{"x":22,"y":2},{"x":28,"y":2},{"x":29,"y":2},{"x":29,"y":3},{"x":28,"y":3},{"x":30,"y":2},{"x":31,"y":2},{"x":32,"y":2},{"x":32,"y":1},{"x":33,"y":1},{"x":34,"y":1},{"x":33,"y":2},{"x":34,"y":2},{"x":34,"y":3},{"x":34,"y":4},{"x":33,"y":4},{"x":33,"y":3},{"x":32,"y":3},{"x":32,"y":4},{"x":31,"y":4},{"x":31,"y":3},{"x":30,"y":3}],"terrainTextureId":"polygon_terrain_dark_0","polygon":[{"x":160,"y":250},{"x":310,"y":250},{"x":514,"y":107},{"x":693,"y":171},{"x":666,"y":280},{"x":679,"y":486},{"x":766,"y":674},{"x":684,"y":675},{"x":416,"y":678},{"x":190,"y":650},{"x":160,"y":400}]}]],[[]],[[{"usedWorldBlocks":[{"x":0,"y":0},{"x":1,"y":0},{"x":1,"y":1},{"x":0,"y":1},{"x":22,"y":1},{"x":23,"y":1},{"x":24,"y":2},{"x":24,"y":3},{"x":24,"y":4},{"x":23,"y":4},{"x":23,"y":3},{"x":23,"y":2},{"x":22,"y":2},{"x":28,"y":2},{"x":29,"y":2},{"x":29,"y":3},{"x":28,"y":3},{"x":30,"y":2},{"x":31,"y":2},{"x":32,"y":2},{"x":32,"y":1},{"x":33,"y":1},{"x":34,"y":1},{"x":33,"y":2},{"x":34,"y":2},{"x":34,"y":3},{"x":34,"y":4},{"x":33,"y":4},{"x":33,"y":3},{"x":32,"y":3},{"x":32,"y":4},{"x":31,"y":4},{"x":31,"y":3},{"x":30,"y":3}],"terrainTextureId":"polygon_terrain_dark_0","polygon":[{"x":1321,"y":687},{"x":1607,"y":606},{"x":1687,"y":772},{"x":1893,"y":904},{"x":2045,"y":1135},{"x":2137,"y":1298},{"x":2353,"y":1384},{"x":2385,"y":1666},{"x":2413,"y":1813},{"x":2454,"y":2031},{"x":2228,"y":2043},{"x":1994,"y":2051},{"x":1881,"y":1847},{"x":1806,"y":1717},{"x":1721,"y":1568},{"x":1604,"y":1388},{"x":1413,"y":1166},{"x":1372,"y":1021},{"x":1321,"y":837}]},{"usedWorldBlocks":[{"x":0,"y":0},{"x":1,"y":0},{"x":1,"y":1},{"x":0,"y":1},{"x":22,"y":1},{"x":23,"y":1},{"x":24,"y":2},{"x":24,"y":3},{"x":24,"y":4},{"x":23,"y":4},{"x":23,"y":3},{"x":23,"y":2},{"x":22,"y":2},{"x":28,"y":2},{"x":29,"y":2},{"x":29,"y":3},{"x":28,"y":3},{"x":30,"y":2},{"x":31,"y":2},{"x":32,"y":2},{"x":32,"y":1},{"x":33,"y":1},{"x":34,"y":1},{"x":33,"y":2},{"x":34,"y":2},{"x":34,"y":3},{"x":34,"y":4},{"x":33,"y":4},{"x":33,"y":3},{"x":32,"y":3},{"x":32,"y":4},{"x":31,"y":4},{"x":31,"y":3},{"x":30,"y":3}],"terrainTextureId":"polygon_terrain_dark_0","polygon":[{"x":4367,"y":1213},{"x":4637,"y":1173},{"x":4914,"y":1288},{"x":4851,"y":1404},{"x":4867,"y":1631},{"x":4689,"y":1635},{"x":4542,"y":1605},{"x":4319,"y":1587},{"x":4395,"y":1348}]}]],[[{"usedWorldBlocks":[{"x":0,"y":0},{"x":1,"y":0},{"x":1,"y":1},{"x":0,"y":1},{"x":22,"y":1},{"x":23,"y":1},{"x":24,"y":2},{"x":24,"y":3},{"x":24,"y":4},{"x":23,"y":4},{"x":23,"y":3},{"x":23,"y":2},{"x":22,"y":2},{"x":28,"y":2},{"x":29,"y":2},{"x":29,"y":3},{"x":28,"y":3},{"x":30,"y":2},{"x":31,"y":2},{"x":32,"y":2},{"x":32,"y":1},{"x":33,"y":1},{"x":34,"y":1},{"x":33,"y":2},{"x":34,"y":2},{"x":34,"y":3},{"x":34,"y":4},{"x":33,"y":4},{"x":33,"y":3},{"x":32,"y":3},{"x":32,"y":4},{"x":31,"y":4},{"x":31,"y":3},{"x":30,"y":3}],"terrainTextureId":"polygon_terrain_dark_0","polygon":[{"x":357,"y":1135},{"x":559,"y":1070},{"x":717,"y":1109},{"x":897,"y":1163},{"x":1045,"y":1140},{"x":1291,"y":1102},{"x":1482,"y":906},{"x":1614,"y":960},{"x":1783,"y":942},{"x":2053,"y":980},{"x":1964,"y":1147},{"x":1952,"y":1285},{"x":2110,"y":1419},{"x":2035,"y":1474},{"x":2054,"y":1735},{"x":2062,"y":1885},{"x":2069,"y":2038},{"x":1916,"y":2023},{"x":1726,"y":2029},{"x":1579,"y":1987},{"x":1476,"y":1786},{"x":1634,"y":1607},{"x":1508,"y":1574},{"x":1387,"y":1611},{"x":1250,"y":1727},{"x":1129,"y":1716},{"x":1196,"y":1850},{"x":1289,"y":2037},{"x":1139,"y":2030},{"x":956,"y":2022},{"x":716,"y":2039},{"x":684,"y":1855},{"x":781,"y":1635},{"x":673,"y":1576},{"x":524,"y":1598},{"x":311,"y":1631},{"x":286,"y":1474},{"x":355,"y":1286}]}]]],"libraryElements":null,"staticElementData":[{"position":{"x":1422,"y":544},"scaleX":1,"elementId":"table_direction","rotation":0,"scaleY":1},{"position":{"x":252,"y":472},"scaleX":0.99,"elementId":"table_direction","rotation":18.65210739375221,"scaleY":0.99},{"position":{"x":2185,"y":544},"scaleX":1,"elementId":"table_warning","rotation":0,"scaleY":1},{"position":{"x":3097,"y":1317},"scaleX":0.99,"elementId":"table_danger","rotation":35.0028245672262,"scaleY":0.99},{"position":{"x":3751,"y":1870},"scaleX":0.99,"elementId":"table_danger","rotation":-44.442031116023486,"scaleY":0.99},{"position":{"x":3507,"y":1042},"scaleX":1,"elementId":"table_direction","rotation":0,"scaleY":1},{"position":{"x":3071,"y":771},"scaleX":1,"elementId":"table_warning","rotation":0,"scaleY":1},{"position":{"x":7457,"y":954},"scaleX":1,"elementId":"table_warning","rotation":0,"scaleY":1},{"position":{"x":7899,"y":1219},"scaleX":1,"elementId":"table_direction","rotation":0,"scaleY":1},{"position":{"x":7353,"y":1477},"scaleX":0.99,"elementId":"table_danger","rotation":35.73252811497816,"scaleY":0.99},{"position":{"x":8747,"y":1382},"scaleX":1,"elementId":"table_direction","rotation":0,"scaleY":1},{"position":{"x":11864,"y":768},"scaleX":1,"elementId":"table_direction","rotation":0,"scaleY":1},{"position":{"x":11530,"y":1146},"scaleX":1,"elementId":"table_danger","rotation":26.490518526011517,"scaleY":1},{"position":{"x":12853,"y":1171},"scaleX":1,"elementId":"table_direction","rotation":0,"scaleY":1},{"position":{"x":13040,"y":1720},"scaleX":0.99,"elementId":"table_danger","rotation":25.023442794204783,"scaleY":0.99},{"position":{"x":13830,"y":1140},"scaleX":0.99,"elementId":"table_warning","rotation":-12.746419774907775,"scaleY":0.99},{"position":{"x":14361,"y":1080},"scaleX":1,"elementId":"table_direction","rotation":0,"scaleY":1},{"position":{"x":14729,"y":1498},"scaleX":1,"elementId":"table_direction","rotation":0,"scaleY":1},{"position":{"x":15632,"y":1399},"scaleX":1,"elementId":"table_warning","rotation":-12.175912289245952,"scaleY":1},{"position":{"x":16649,"y":1891},"scaleX":1,"elementId":"table_danger","rotation":20.061202321369603,"scaleY":1},{"position":{"x":16833,"y":1492},"scaleX":1,"elementId":"table_direction","rotation":-38.778835115577124,"scaleY":1},{"position":{"x":16732,"y":821},"scaleX":1,"elementId":"table_direction","rotation":0,"scaleY":1},{"position":{"x":17017,"y":809},"scaleX":1,"elementId":"table_warning","rotation":0,"scaleY":1},{"position":{"x":18134,"y":928},"scaleX":1,"elementId":"table_warning","rotation":-16.256088699765566,"scaleY":1},{"position":{"x":18531,"y":1030},"scaleX":1,"elementId":"table_direction","rotation":0,"scaleY":1},{"position":{"x":18318,"y":1344},"scaleX":1,"elementId":"table_danger","rotation":30.321788473420213,"scaleY":1},{"position":{"x":18903,"y":1826},"scaleX":1,"elementId":"table_danger","rotation":-40.68360955540809,"scaleY":1}],"enemyPathData":null,"levelId":0}