{"polygonGroundData":[[[{"usedWorldBlocks":[{"x":0,"y":0},{"x":1,"y":0},{"x":1,"y":1},{"x":2,"y":1},{"x":3,"y":1},{"x":4,"y":1},{"x":4,"y":2},{"x":3,"y":2},{"x":0,"y":1},{"x":5,"y":1},{"x":6,"y":1},{"x":6,"y":2},{"x":7,"y":2},{"x":8,"y":2},{"x":8,"y":3},{"x":7,"y":3},{"x":6,"y":3},{"x":5,"y":3},{"x":5,"y":2},{"x":7,"y":1},{"x":7,"y":0},{"x":6,"y":0},{"x":8,"y":0},{"x":8,"y":1},{"x":9,"y":1},{"x":9,"y":2},{"x":9,"y":3},{"x":10,"y":3},{"x":10,"y":2},{"x":11,"y":2},{"x":11,"y":3},{"x":10,"y":1},{"x":11,"y":1},{"x":12,"y":1},{"x":13,"y":1},{"x":12,"y":2},{"x":13,"y":2},{"x":14,"y":1},{"x":14,"y":2},{"x":15,"y":2},{"x":15,"y":3},{"x":14,"y":3},{"x":13,"y":3},{"x":12,"y":3},{"x":16,"y":2},{"x":16,"y":1},{"x":17,"y":1},{"x":17,"y":2},{"x":18,"y":1},{"x":19,"y":1},{"x":19,"y":0},{"x":19,"y":2},{"x":19,"y":3},{"x":18,"y":3},{"x":18,"y":2},{"x":16,"y":3},{"x":20,"y":1},{"x":21,"y":1},{"x":20,"y":2},{"x":21,"y":2},{"x":22,"y":2},{"x":23,"y":2},{"x":22,"y":3},{"x":21,"y":3},{"x":20,"y":3},{"x":22,"y":0},{"x":23,"y":0},{"x":23,"y":1},{"x":22,"y":1},{"x":24,"y":2},{"x":25,"y":2},{"x":25,"y":3},{"x":24,"y":3},{"x":23,"y":3},{"x":25,"y":1},{"x":26,"y":1},{"x":27,"y":1},{"x":27,"y":2},{"x":27,"y":3},{"x":26,"y":3},{"x":26,"y":2},{"x":28,"y":1},{"x":29,"y":1},{"x":28,"y":2},{"x":29,"y":2},{"x":28,"y":3},{"x":30,"y":1},{"x":31,"y":1},{"x":30,"y":2},{"x":31,"y":2},{"x":30,"y":3},{"x":32,"y":2},{"x":33,"y":2},{"x":34,"y":2},{"x":33,"y":3},{"x":32,"y":3},{"x":31,"y":3},{"x":35,"y":2},{"x":35,"y":3},{"x":36,"y":2},{"x":37,"y":2},{"x":37,"y":3},{"x":36,"y":3},{"x":37,"y":1},{"x":38,"y":1},{"x":39,"y":1},{"x":40,"y":1},{"x":40,"y":2},{"x":39,"y":2},{"x":38,"y":2},{"x":38,"y":3}],"terrainTextureId":"polygon_terrain_0","polygon":[{"x":145,"y":414},{"x":66,"y":210},{"x":108,"y":69},{"x":314,"y":145},{"x":429,"y":103},{"x":571,"y":147},{"x":469,"y":342},{"x":503,"y":534},{"x":650,"y":629},{"x":800,"y":628},{"x":950,"y":628},{"x":1100,"y":627},{"x":1250,"y":627},{"x":1400,"y":626},{"x":1550,"y":626},{"x":1703,"y":626},{"x":1811,"y":735},{"x":2012,"y":817},{"x":2162,"y":824},{"x":2316,"y":832},{"x":2349,"y":906},{"x":2184,"y":1094},{"x":2037,"y":1062},{"x":1912,"y":1124},{"x":1751,"y":918},{"x":1595,"y":778},{"x":1401,"y":728},{"x":1229,"y":814},{"x":1090,"y":728},{"x":947,"y":777},{"x":722,"y":956},{"x":478,"y":817},{"x":256,"y":831},{"x":58,"y":957},{"x":114,"y":672}]},{"usedWorldBlocks":[{"x":0,"y":0},{"x":1,"y":0},{"x":1,"y":1},{"x":2,"y":1},{"x":3,"y":1},{"x":4,"y":1},{"x":4,"y":2},{"x":3,"y":2},{"x":0,"y":1},{"x":5,"y":1},{"x":6,"y":1},{"x":6,"y":2},{"x":7,"y":2},{"x":8,"y":2},{"x":8,"y":3},{"x":7,"y":3},{"x":6,"y":3},{"x":5,"y":3},{"x":5,"y":2},{"x":7,"y":1},{"x":7,"y":0},{"x":6,"y":0},{"x":8,"y":0},{"x":8,"y":1},{"x":9,"y":1},{"x":9,"y":2},{"x":9,"y":3},{"x":10,"y":3},{"x":10,"y":2},{"x":11,"y":2},{"x":11,"y":3},{"x":10,"y":1},{"x":11,"y":1},{"x":12,"y":1},{"x":13,"y":1},{"x":12,"y":2},{"x":13,"y":2},{"x":14,"y":1},{"x":14,"y":2},{"x":15,"y":2},{"x":15,"y":3},{"x":14,"y":3},{"x":13,"y":3},{"x":12,"y":3},{"x":16,"y":2},{"x":16,"y":1},{"x":17,"y":1},{"x":17,"y":2},{"x":18,"y":1},{"x":19,"y":1},{"x":19,"y":0},{"x":19,"y":2},{"x":19,"y":3},{"x":18,"y":3},{"x":18,"y":2},{"x":16,"y":3},{"x":20,"y":1},{"x":21,"y":1},{"x":20,"y":2},{"x":21,"y":2},{"x":22,"y":2},{"x":23,"y":2},{"x":22,"y":3},{"x":21,"y":3},{"x":20,"y":3},{"x":22,"y":0},{"x":23,"y":0},{"x":23,"y":1},{"x":22,"y":1},{"x":24,"y":2},{"x":25,"y":2},{"x":25,"y":3},{"x":24,"y":3},{"x":23,"y":3},{"x":25,"y":1},{"x":26,"y":1},{"x":27,"y":1},{"x":27,"y":2},{"x":27,"y":3},{"x":26,"y":3},{"x":26,"y":2},{"x":28,"y":1},{"x":29,"y":1},{"x":28,"y":2},{"x":29,"y":2},{"x":28,"y":3},{"x":30,"y":1},{"x":31,"y":1},{"x":30,"y":2},{"x":31,"y":2},{"x":30,"y":3},{"x":32,"y":2},{"x":33,"y":2},{"x":34,"y":2},{"x":33,"y":3},{"x":32,"y":3},{"x":31,"y":3},{"x":35,"y":2},{"x":35,"y":3},{"x":36,"y":2},{"x":37,"y":2},{"x":37,"y":3},{"x":36,"y":3},{"x":37,"y":1},{"x":38,"y":1},{"x":39,"y":1},{"x":40,"y":1},{"x":40,"y":2},{"x":39,"y":2},{"x":38,"y":2},{"x":38,"y":3}],"terrainTextureId":"polygon_terrain_0","polygon":[{"x":2694,"y":848},{"x":2720,"y":810},{"x":2876,"y":776},{"x":3049,"y":726},{"x":3101,"y":879},{"x":3029,"y":997},{"x":3062,"y":1113},{"x":3163,"y":1282},{"x":3292,"y":1349},{"x":3439,"y":1380},{"x":3605,"y":1377},{"x":3728,"y":1346},{"x":3938,"y":1260},{"x":4032,"y":1159},{"x":4070,"y":1107},{"x":4171,"y":1123},{"x":4155,"y":1260},{"x":4189,"y":1417},{"x":4120,"y":1673},{"x":3926,"y":1818},{"x":3677,"y":1776},{"x":3489,"y":1914},{"x":3292,"y":1820},{"x":3025,"y":1809},{"x":2756,"y":1720},{"x":2728,"y":1515},{"x":2842,"y":1360},{"x":2843,"y":1126},{"x":2697,"y":970}]},{"usedWorldBlocks":[{"x":0,"y":0},{"x":1,"y":0},{"x":1,"y":1},{"x":2,"y":1},{"x":3,"y":1},{"x":4,"y":1},{"x":4,"y":2},{"x":3,"y":2},{"x":0,"y":1},{"x":5,"y":1},{"x":6,"y":1},{"x":6,"y":2},{"x":7,"y":2},{"x":8,"y":2},{"x":8,"y":3},{"x":7,"y":3},{"x":6,"y":3},{"x":5,"y":3},{"x":5,"y":2},{"x":7,"y":1},{"x":7,"y":0},{"x":6,"y":0},{"x":8,"y":0},{"x":8,"y":1},{"x":9,"y":1},{"x":9,"y":2},{"x":9,"y":3},{"x":10,"y":3},{"x":10,"y":2},{"x":11,"y":2},{"x":11,"y":3},{"x":10,"y":1},{"x":11,"y":1},{"x":12,"y":1},{"x":13,"y":1},{"x":12,"y":2},{"x":13,"y":2},{"x":14,"y":1},{"x":14,"y":2},{"x":15,"y":2},{"x":15,"y":3},{"x":14,"y":3},{"x":13,"y":3},{"x":12,"y":3},{"x":16,"y":2},{"x":16,"y":1},{"x":17,"y":1},{"x":17,"y":2},{"x":18,"y":1},{"x":19,"y":1},{"x":19,"y":0},{"x":19,"y":2},{"x":19,"y":3},{"x":18,"y":3},{"x":18,"y":2},{"x":16,"y":3},{"x":20,"y":1},{"x":21,"y":1},{"x":20,"y":2},{"x":21,"y":2},{"x":22,"y":2},{"x":23,"y":2},{"x":22,"y":3},{"x":21,"y":3},{"x":20,"y":3},{"x":22,"y":0},{"x":23,"y":0},{"x":23,"y":1},{"x":22,"y":1},{"x":24,"y":2},{"x":25,"y":2},{"x":25,"y":3},{"x":24,"y":3},{"x":23,"y":3},{"x":25,"y":1},{"x":26,"y":1},{"x":27,"y":1},{"x":27,"y":2},{"x":27,"y":3},{"x":26,"y":3},{"x":26,"y":2},{"x":28,"y":1},{"x":29,"y":1},{"x":28,"y":2},{"x":29,"y":2},{"x":28,"y":3},{"x":30,"y":1},{"x":31,"y":1},{"x":30,"y":2},{"x":31,"y":2},{"x":30,"y":3},{"x":32,"y":2},{"x":33,"y":2},{"x":34,"y":2},{"x":33,"y":3},{"x":32,"y":3},{"x":31,"y":3},{"x":35,"y":2},{"x":35,"y":3},{"x":36,"y":2},{"x":37,"y":2},{"x":37,"y":3},{"x":36,"y":3},{"x":37,"y":1},{"x":38,"y":1},{"x":39,"y":1},{"x":40,"y":1},{"x":40,"y":2},{"x":39,"y":2},{"x":38,"y":2},{"x":38,"y":3}],"terrainTextureId":"polygon_terrain_0","polygon":[{"x":3410,"y":791},{"x":3572,"y":759},{"x":3672,"y":664},{"x":3702,"y":569},{"x":3643,"y":456},{"x":3534,"y":377},{"x":3387,"y":376},{"x":3289,"y":462},{"x":3186,"y":463},{"x":3120,"y":460},{"x":3154,"y":271},{"x":3194,"y":126},{"x":3269,"y":32},{"x":3471,"y":64},{"x":3682,"y":48},{"x":3752,"y":153},{"x":3926,"y":225},{"x":4093,"y":386},{"x":4023,"y":610},{"x":3890,"y":630},{"x":3743,"y":750},{"x":3560,"y":941},{"x":3410,"y":941}]},{"usedWorldBlocks":[{"x":0,"y":0},{"x":1,"y":0},{"x":1,"y":1},{"x":2,"y":1},{"x":3,"y":1},{"x":4,"y":1},{"x":4,"y":2},{"x":3,"y":2},{"x":0,"y":1},{"x":5,"y":1},{"x":6,"y":1},{"x":6,"y":2},{"x":7,"y":2},{"x":8,"y":2},{"x":8,"y":3},{"x":7,"y":3},{"x":6,"y":3},{"x":5,"y":3},{"x":5,"y":2},{"x":7,"y":1},{"x":7,"y":0},{"x":6,"y":0},{"x":8,"y":0},{"x":8,"y":1},{"x":9,"y":1},{"x":9,"y":2},{"x":9,"y":3},{"x":10,"y":3},{"x":10,"y":2},{"x":11,"y":2},{"x":11,"y":3},{"x":10,"y":1},{"x":11,"y":1},{"x":12,"y":1},{"x":13,"y":1},{"x":12,"y":2},{"x":13,"y":2},{"x":14,"y":1},{"x":14,"y":2},{"x":15,"y":2},{"x":15,"y":3},{"x":14,"y":3},{"x":13,"y":3},{"x":12,"y":3},{"x":16,"y":2},{"x":16,"y":1},{"x":17,"y":1},{"x":17,"y":2},{"x":18,"y":1},{"x":19,"y":1},{"x":19,"y":0},{"x":19,"y":2},{"x":19,"y":3},{"x":18,"y":3},{"x":18,"y":2},{"x":16,"y":3},{"x":20,"y":1},{"x":21,"y":1},{"x":20,"y":2},{"x":21,"y":2},{"x":22,"y":2},{"x":23,"y":2},{"x":22,"y":3},{"x":21,"y":3},{"x":20,"y":3},{"x":22,"y":0},{"x":23,"y":0},{"x":23,"y":1},{"x":22,"y":1},{"x":24,"y":2},{"x":25,"y":2},{"x":25,"y":3},{"x":24,"y":3},{"x":23,"y":3},{"x":25,"y":1},{"x":26,"y":1},{"x":27,"y":1},{"x":27,"y":2},{"x":27,"y":3},{"x":26,"y":3},{"x":26,"y":2},{"x":28,"y":1},{"x":29,"y":1},{"x":28,"y":2},{"x":29,"y":2},{"x":28,"y":3},{"x":30,"y":1},{"x":31,"y":1},{"x":30,"y":2},{"x":31,"y":2},{"x":30,"y":3},{"x":32,"y":2},{"x":33,"y":2},{"x":34,"y":2},{"x":33,"y":3},{"x":32,"y":3},{"x":31,"y":3},{"x":35,"y":2},{"x":35,"y":3},{"x":36,"y":2},{"x":37,"y":2},{"x":37,"y":3},{"x":36,"y":3},{"x":37,"y":1},{"x":38,"y":1},{"x":39,"y":1},{"x":40,"y":1},{"x":40,"y":2},{"x":39,"y":2},{"x":38,"y":2},{"x":38,"y":3}],"terrainTextureId":"polygon_terrain_0","polygon":[{"x":4315,"y":942},{"x":4467,"y":844},{"x":4742,"y":895},{"x":4911,"y":864},{"x":4941,"y":901},{"x":4874,"y":1000},{"x":4690,"y":1066},{"x":4556,"y":986},{"x":4362,"y":989}]},{"usedWorldBlocks":[{"x":0,"y":0},{"x":1,"y":0},{"x":1,"y":1},{"x":2,"y":1},{"x":3,"y":1},{"x":4,"y":1},{"x":4,"y":2},{"x":3,"y":2},{"x":0,"y":1},{"x":5,"y":1},{"x":6,"y":1},{"x":6,"y":2},{"x":7,"y":2},{"x":8,"y":2},{"x":8,"y":3},{"x":7,"y":3},{"x":6,"y":3},{"x":5,"y":3},{"x":5,"y":2},{"x":7,"y":1},{"x":7,"y":0},{"x":6,"y":0},{"x":8,"y":0},{"x":8,"y":1},{"x":9,"y":1},{"x":9,"y":2},{"x":9,"y":3},{"x":10,"y":3},{"x":10,"y":2},{"x":11,"y":2},{"x":11,"y":3},{"x":10,"y":1},{"x":11,"y":1},{"x":12,"y":1},{"x":13,"y":1},{"x":12,"y":2},{"x":13,"y":2},{"x":14,"y":1},{"x":14,"y":2},{"x":15,"y":2},{"x":15,"y":3},{"x":14,"y":3},{"x":13,"y":3},{"x":12,"y":3},{"x":16,"y":2},{"x":16,"y":1},{"x":17,"y":1},{"x":17,"y":2},{"x":18,"y":1},{"x":19,"y":1},{"x":19,"y":0},{"x":19,"y":2},{"x":19,"y":3},{"x":18,"y":3},{"x":18,"y":2},{"x":16,"y":3},{"x":20,"y":1},{"x":21,"y":1},{"x":20,"y":2},{"x":21,"y":2},{"x":22,"y":2},{"x":23,"y":2},{"x":22,"y":3},{"x":21,"y":3},{"x":20,"y":3},{"x":22,"y":0},{"x":23,"y":0},{"x":23,"y":1},{"x":22,"y":1},{"x":24,"y":2},{"x":25,"y":2},{"x":25,"y":3},{"x":24,"y":3},{"x":23,"y":3},{"x":25,"y":1},{"x":26,"y":1},{"x":27,"y":1},{"x":27,"y":2},{"x":27,"y":3},{"x":26,"y":3},{"x":26,"y":2},{"x":28,"y":1},{"x":29,"y":1},{"x":28,"y":2},{"x":29,"y":2},{"x":28,"y":3},{"x":30,"y":1},{"x":31,"y":1},{"x":30,"y":2},{"x":31,"y":2},{"x":30,"y":3},{"x":32,"y":2},{"x":33,"y":2},{"x":34,"y":2},{"x":33,"y":3},{"x":32,"y":3},{"x":31,"y":3},{"x":35,"y":2},{"x":35,"y":3},{"x":36,"y":2},{"x":37,"y":2},{"x":37,"y":3},{"x":36,"y":3},{"x":37,"y":1},{"x":38,"y":1},{"x":39,"y":1},{"x":40,"y":1},{"x":40,"y":2},{"x":39,"y":2},{"x":38,"y":2},{"x":38,"y":3}],"terrainTextureId":"polygon_terrain_0","polygon":[{"x":4319,"y":1287},{"x":4403,"y":1266},{"x":4659,"y":1401},{"x":4790,"y":1446},{"x":4944,"y":1412},{"x":4963,"y":1468},{"x":4878,"y":1703},{"x":4661,"y":1696},{"x":4544,"y":1748},{"x":4481,"y":1585},{"x":4332,"y":1395}]}]],[[{"usedWorldBlocks":[{"x":0,"y":0},{"x":1,"y":0},{"x":1,"y":1},{"x":2,"y":1},{"x":3,"y":1},{"x":4,"y":1},{"x":4,"y":2},{"x":3,"y":2},{"x":0,"y":1},{"x":5,"y":1},{"x":6,"y":1},{"x":6,"y":2},{"x":7,"y":2},{"x":8,"y":2},{"x":8,"y":3},{"x":7,"y":3},{"x":6,"y":3},{"x":5,"y":3},{"x":5,"y":2},{"x":7,"y":1},{"x":7,"y":0},{"x":6,"y":0},{"x":8,"y":0},{"x":8,"y":1},{"x":9,"y":1},{"x":9,"y":2},{"x":9,"y":3},{"x":10,"y":3},{"x":10,"y":2},{"x":11,"y":2},{"x":11,"y":3},{"x":10,"y":1},{"x":11,"y":1},{"x":12,"y":1},{"x":13,"y":1},{"x":12,"y":2},{"x":13,"y":2},{"x":14,"y":1},{"x":14,"y":2},{"x":15,"y":2},{"x":15,"y":3},{"x":14,"y":3},{"x":13,"y":3},{"x":12,"y":3},{"x":16,"y":2},{"x":16,"y":1},{"x":17,"y":1},{"x":17,"y":2},{"x":18,"y":1},{"x":19,"y":1},{"x":19,"y":0},{"x":19,"y":2},{"x":19,"y":3},{"x":18,"y":3},{"x":18,"y":2},{"x":16,"y":3},{"x":20,"y":1},{"x":21,"y":1},{"x":20,"y":2},{"x":21,"y":2},{"x":22,"y":2},{"x":23,"y":2},{"x":22,"y":3},{"x":21,"y":3},{"x":20,"y":3},{"x":22,"y":0},{"x":23,"y":0},{"x":23,"y":1},{"x":22,"y":1},{"x":24,"y":2},{"x":25,"y":2},{"x":25,"y":3},{"x":24,"y":3},{"x":23,"y":3},{"x":25,"y":1},{"x":26,"y":1},{"x":27,"y":1},{"x":27,"y":2},{"x":27,"y":3},{"x":26,"y":3},{"x":26,"y":2},{"x":28,"y":1},{"x":29,"y":1},{"x":28,"y":2},{"x":29,"y":2},{"x":28,"y":3},{"x":30,"y":1},{"x":31,"y":1},{"x":30,"y":2},{"x":31,"y":2},{"x":30,"y":3},{"x":32,"y":2},{"x":33,"y":2},{"x":34,"y":2},{"x":33,"y":3},{"x":32,"y":3},{"x":31,"y":3},{"x":35,"y":2},{"x":35,"y":3},{"x":36,"y":2},{"x":37,"y":2},{"x":37,"y":3},{"x":36,"y":3},{"x":37,"y":1},{"x":38,"y":1},{"x":39,"y":1},{"x":40,"y":1},{"x":40,"y":2},{"x":39,"y":2},{"x":38,"y":2},{"x":38,"y":3}],"terrainTextureId":"polygon_terrain_0","polygon":[{"x":147,"y":1501},{"x":357,"y":1495},{"x":524,"y":1423},{"x":673,"y":1407},{"x":926,"y":1287},{"x":977,"y":1321},{"x":959,"y":1468},{"x":985,"y":1694},{"x":689,"y":1692},{"x":534,"y":1657},{"x":266,"y":1671},{"x":138,"y":1552}]},{"usedWorldBlocks":[{"x":0,"y":0},{"x":1,"y":0},{"x":1,"y":1},{"x":2,"y":1},{"x":3,"y":1},{"x":4,"y":1},{"x":4,"y":2},{"x":3,"y":2},{"x":0,"y":1},{"x":5,"y":1},{"x":6,"y":1},{"x":6,"y":2},{"x":7,"y":2},{"x":8,"y":2},{"x":8,"y":3},{"x":7,"y":3},{"x":6,"y":3},{"x":5,"y":3},{"x":5,"y":2},{"x":7,"y":1},{"x":7,"y":0},{"x":6,"y":0},{"x":8,"y":0},{"x":8,"y":1},{"x":9,"y":1},{"x":9,"y":2},{"x":9,"y":3},{"x":10,"y":3},{"x":10,"y":2},{"x":11,"y":2},{"x":11,"y":3},{"x":10,"y":1},{"x":11,"y":1},{"x":12,"y":1},{"x":13,"y":1},{"x":12,"y":2},{"x":13,"y":2},{"x":14,"y":1},{"x":14,"y":2},{"x":15,"y":2},{"x":15,"y":3},{"x":14,"y":3},{"x":13,"y":3},{"x":12,"y":3},{"x":16,"y":2},{"x":16,"y":1},{"x":17,"y":1},{"x":17,"y":2},{"x":18,"y":1},{"x":19,"y":1},{"x":19,"y":0},{"x":19,"y":2},{"x":19,"y":3},{"x":18,"y":3},{"x":18,"y":2},{"x":16,"y":3},{"x":20,"y":1},{"x":21,"y":1},{"x":20,"y":2},{"x":21,"y":2},{"x":22,"y":2},{"x":23,"y":2},{"x":22,"y":3},{"x":21,"y":3},{"x":20,"y":3},{"x":22,"y":0},{"x":23,"y":0},{"x":23,"y":1},{"x":22,"y":1},{"x":24,"y":2},{"x":25,"y":2},{"x":25,"y":3},{"x":24,"y":3},{"x":23,"y":3},{"x":25,"y":1},{"x":26,"y":1},{"x":27,"y":1},{"x":27,"y":2},{"x":27,"y":3},{"x":26,"y":3},{"x":26,"y":2},{"x":28,"y":1},{"x":29,"y":1},{"x":28,"y":2},{"x":29,"y":2},{"x":28,"y":3},{"x":30,"y":1},{"x":31,"y":1},{"x":30,"y":2},{"x":31,"y":2},{"x":30,"y":3},{"x":32,"y":2},{"x":33,"y":2},{"x":34,"y":2},{"x":33,"y":3},{"x":32,"y":3},{"x":31,"y":3},{"x":35,"y":2},{"x":35,"y":3},{"x":36,"y":2},{"x":37,"y":2},{"x":37,"y":3},{"x":36,"y":3},{"x":37,"y":1},{"x":38,"y":1},{"x":39,"y":1},{"x":40,"y":1},{"x":40,"y":2},{"x":39,"y":2},{"x":38,"y":2},{"x":38,"y":3}],"terrainTextureId":"polygon_terrain_0","polygon":[{"x":472,"y":800},{"x":512,"y":773},{"x":656,"y":732},{"x":812,"y":688},{"x":946,"y":765},{"x":1104,"y":756},{"x":1226,"y":669},{"x":1403,"y":543},{"x":1550,"y":573},{"x":1711,"y":574},{"x":1607,"y":716},{"x":1441,"y":715},{"x":1231,"y":795},{"x":1097,"y":926},{"x":909,"y":997},{"x":751,"y":960},{"x":511,"y":890}]},{"usedWorldBlocks":[{"x":0,"y":0},{"x":1,"y":0},{"x":1,"y":1},{"x":2,"y":1},{"x":3,"y":1},{"x":4,"y":1},{"x":4,"y":2},{"x":3,"y":2},{"x":0,"y":1},{"x":5,"y":1},{"x":6,"y":1},{"x":6,"y":2},{"x":7,"y":2},{"x":8,"y":2},{"x":8,"y":3},{"x":7,"y":3},{"x":6,"y":3},{"x":5,"y":3},{"x":5,"y":2},{"x":7,"y":1},{"x":7,"y":0},{"x":6,"y":0},{"x":8,"y":0},{"x":8,"y":1},{"x":9,"y":1},{"x":9,"y":2},{"x":9,"y":3},{"x":10,"y":3},{"x":10,"y":2},{"x":11,"y":2},{"x":11,"y":3},{"x":10,"y":1},{"x":11,"y":1},{"x":12,"y":1},{"x":13,"y":1},{"x":12,"y":2},{"x":13,"y":2},{"x":14,"y":1},{"x":14,"y":2},{"x":15,"y":2},{"x":15,"y":3},{"x":14,"y":3},{"x":13,"y":3},{"x":12,"y":3},{"x":16,"y":2},{"x":16,"y":1},{"x":17,"y":1},{"x":17,"y":2},{"x":18,"y":1},{"x":19,"y":1},{"x":19,"y":0},{"x":19,"y":2},{"x":19,"y":3},{"x":18,"y":3},{"x":18,"y":2},{"x":16,"y":3},{"x":20,"y":1},{"x":21,"y":1},{"x":20,"y":2},{"x":21,"y":2},{"x":22,"y":2},{"x":23,"y":2},{"x":22,"y":3},{"x":21,"y":3},{"x":20,"y":3},{"x":22,"y":0},{"x":23,"y":0},{"x":23,"y":1},{"x":22,"y":1},{"x":24,"y":2},{"x":25,"y":2},{"x":25,"y":3},{"x":24,"y":3},{"x":23,"y":3},{"x":25,"y":1},{"x":26,"y":1},{"x":27,"y":1},{"x":27,"y":2},{"x":27,"y":3},{"x":26,"y":3},{"x":26,"y":2},{"x":28,"y":1},{"x":29,"y":1},{"x":28,"y":2},{"x":29,"y":2},{"x":28,"y":3},{"x":30,"y":1},{"x":31,"y":1},{"x":30,"y":2},{"x":31,"y":2},{"x":30,"y":3},{"x":32,"y":2},{"x":33,"y":2},{"x":34,"y":2},{"x":33,"y":3},{"x":32,"y":3},{"x":31,"y":3},{"x":35,"y":2},{"x":35,"y":3},{"x":36,"y":2},{"x":37,"y":2},{"x":37,"y":3},{"x":36,"y":3},{"x":37,"y":1},{"x":38,"y":1},{"x":39,"y":1},{"x":40,"y":1},{"x":40,"y":2},{"x":39,"y":2},{"x":38,"y":2},{"x":38,"y":3}],"terrainTextureId":"polygon_terrain_0","polygon":[{"x":1159,"y":1332},{"x":1319,"y":1319},{"x":1491,"y":1238},{"x":1613,"y":1157},{"x":1733,"y":1011},{"x":1884,"y":1010},{"x":2019,"y":929},{"x":2157,"y":880},{"x":2271,"y":803},{"x":2475,"y":845},{"x":2489,"y":975},{"x":2360,"y":1069},{"x":2375,"y":1235},{"x":2535,"y":1390},{"x":2622,"y":1645},{"x":2519,"y":1670},{"x":2457,"y":1653},{"x":2302,"y":1662},{"x":2139,"y":1421},{"x":1995,"y":1386},{"x":1788,"y":1389},{"x":1631,"y":1449},{"x":1585,"y":1650},{"x":1317,"y":1655},{"x":1290,"y":1507},{"x":1180,"y":1389}]},{"usedWorldBlocks":[{"x":0,"y":0},{"x":1,"y":0},{"x":1,"y":1},{"x":2,"y":1},{"x":3,"y":1},{"x":4,"y":1},{"x":4,"y":2},{"x":3,"y":2},{"x":0,"y":1},{"x":5,"y":1},{"x":6,"y":1},{"x":6,"y":2},{"x":7,"y":2},{"x":8,"y":2},{"x":8,"y":3},{"x":7,"y":3},{"x":6,"y":3},{"x":5,"y":3},{"x":5,"y":2},{"x":7,"y":1},{"x":7,"y":0},{"x":6,"y":0},{"x":8,"y":0},{"x":8,"y":1},{"x":9,"y":1},{"x":9,"y":2},{"x":9,"y":3},{"x":10,"y":3},{"x":10,"y":2},{"x":11,"y":2},{"x":11,"y":3},{"x":10,"y":1},{"x":11,"y":1},{"x":12,"y":1},{"x":13,"y":1},{"x":12,"y":2},{"x":13,"y":2},{"x":14,"y":1},{"x":14,"y":2},{"x":15,"y":2},{"x":15,"y":3},{"x":14,"y":3},{"x":13,"y":3},{"x":12,"y":3},{"x":16,"y":2},{"x":16,"y":1},{"x":17,"y":1},{"x":17,"y":2},{"x":18,"y":1},{"x":19,"y":1},{"x":19,"y":0},{"x":19,"y":2},{"x":19,"y":3},{"x":18,"y":3},{"x":18,"y":2},{"x":16,"y":3},{"x":20,"y":1},{"x":21,"y":1},{"x":20,"y":2},{"x":21,"y":2},{"x":22,"y":2},{"x":23,"y":2},{"x":22,"y":3},{"x":21,"y":3},{"x":20,"y":3},{"x":22,"y":0},{"x":23,"y":0},{"x":23,"y":1},{"x":22,"y":1},{"x":24,"y":2},{"x":25,"y":2},{"x":25,"y":3},{"x":24,"y":3},{"x":23,"y":3},{"x":25,"y":1},{"x":26,"y":1},{"x":27,"y":1},{"x":27,"y":2},{"x":27,"y":3},{"x":26,"y":3},{"x":26,"y":2},{"x":28,"y":1},{"x":29,"y":1},{"x":28,"y":2},{"x":29,"y":2},{"x":28,"y":3},{"x":30,"y":1},{"x":31,"y":1},{"x":30,"y":2},{"x":31,"y":2},{"x":30,"y":3},{"x":32,"y":2},{"x":33,"y":2},{"x":34,"y":2},{"x":33,"y":3},{"x":32,"y":3},{"x":31,"y":3},{"x":35,"y":2},{"x":35,"y":3},{"x":36,"y":2},{"x":37,"y":2},{"x":37,"y":3},{"x":36,"y":3},{"x":37,"y":1},{"x":38,"y":1},{"x":39,"y":1},{"x":40,"y":1},{"x":40,"y":2},{"x":39,"y":2},{"x":38,"y":2},{"x":38,"y":3}],"terrainTextureId":"polygon_terrain_0","polygon":[{"x":2765,"y":1055},{"x":2961,"y":1118},{"x":3110,"y":1125},{"x":3253,"y":1095},{"x":3452,"y":981},{"x":3611,"y":972},{"x":3741,"y":891},{"x":3834,"y":978},{"x":3976,"y":1026},{"x":4122,"y":995},{"x":4248,"y":907},{"x":4385,"y":827},{"x":4530,"y":692},{"x":4659,"y":619},{"x":4793,"y":489},{"x":4909,"y":461},{"x":4958,"y":523},{"x":4887,"y":734},{"x":4701,"y":894},{"x":4624,"y":1041},{"x":4669,"y":1212},{"x":4613,"y":1351},{"x":4601,"y":1525},{"x":4726,"y":1685},{"x":4576,"y":1672},{"x":4406,"y":1656},{"x":4409,"y":1532},{"x":4373,"y":1373},{"x":4246,"y":1267},{"x":4061,"y":1144},{"x":3880,"y":1147},{"x":3771,"y":1221},{"x":3593,"y":1269},{"x":3417,"y":1460},{"x":3377,"y":1648},{"x":3155,"y":1652},{"x":3023,"y":1649},{"x":2876,"y":1389},{"x":2832,"y":1238},{"x":2735,"y":1083}]}]],[[{"usedWorldBlocks":[{"x":0,"y":0},{"x":1,"y":0},{"x":1,"y":1},{"x":2,"y":1},{"x":3,"y":1},{"x":4,"y":1},{"x":4,"y":2},{"x":3,"y":2},{"x":0,"y":1},{"x":5,"y":1},{"x":6,"y":1},{"x":6,"y":2},{"x":7,"y":2},{"x":8,"y":2},{"x":8,"y":3},{"x":7,"y":3},{"x":6,"y":3},{"x":5,"y":3},{"x":5,"y":2},{"x":7,"y":1},{"x":7,"y":0},{"x":6,"y":0},{"x":8,"y":0},{"x":8,"y":1},{"x":9,"y":1},{"x":9,"y":2},{"x":9,"y":3},{"x":10,"y":3},{"x":10,"y":2},{"x":11,"y":2},{"x":11,"y":3},{"x":10,"y":1},{"x":11,"y":1},{"x":12,"y":1},{"x":13,"y":1},{"x":12,"y":2},{"x":13,"y":2},{"x":14,"y":1},{"x":14,"y":2},{"x":15,"y":2},{"x":15,"y":3},{"x":14,"y":3},{"x":13,"y":3},{"x":12,"y":3},{"x":16,"y":2},{"x":16,"y":1},{"x":17,"y":1},{"x":17,"y":2},{"x":18,"y":1},{"x":19,"y":1},{"x":19,"y":0},{"x":19,"y":2},{"x":19,"y":3},{"x":18,"y":3},{"x":18,"y":2},{"x":16,"y":3},{"x":20,"y":1},{"x":21,"y":1},{"x":20,"y":2},{"x":21,"y":2},{"x":22,"y":2},{"x":23,"y":2},{"x":22,"y":3},{"x":21,"y":3},{"x":20,"y":3},{"x":22,"y":0},{"x":23,"y":0},{"x":23,"y":1},{"x":22,"y":1},{"x":24,"y":2},{"x":25,"y":2},{"x":25,"y":3},{"x":24,"y":3},{"x":23,"y":3},{"x":25,"y":1},{"x":26,"y":1},{"x":27,"y":1},{"x":27,"y":2},{"x":27,"y":3},{"x":26,"y":3},{"x":26,"y":2},{"x":28,"y":1},{"x":29,"y":1},{"x":28,"y":2},{"x":29,"y":2},{"x":28,"y":3},{"x":30,"y":1},{"x":31,"y":1},{"x":30,"y":2},{"x":31,"y":2},{"x":30,"y":3},{"x":32,"y":2},{"x":33,"y":2},{"x":34,"y":2},{"x":33,"y":3},{"x":32,"y":3},{"x":31,"y":3},{"x":35,"y":2},{"x":35,"y":3},{"x":36,"y":2},{"x":37,"y":2},{"x":37,"y":3},{"x":36,"y":3},{"x":37,"y":1},{"x":38,"y":1},{"x":39,"y":1},{"x":40,"y":1},{"x":40,"y":2},{"x":39,"y":2},{"x":38,"y":2},{"x":38,"y":3}],"terrainTextureId":"polygon_terrain_0","polygon":[{"x":176,"y":675},{"x":334,"y":662},{"x":467,"y":606},{"x":651,"y":563},{"x":820,"y":623},{"x":954,"y":765},{"x":884,"y":822},{"x":633,"y":827},{"x":488,"y":845},{"x":419,"y":938},{"x":373,"y":1127},{"x":466,"y":1278},{"x":613,"y":1336},{"x":765,"y":1378},{"x":910,"y":1373},{"x":1065,"y":1317},{"x":1260,"y":1294},{"x":1535,"y":1361},{"x":1542,"y":1455},{"x":1348,"y":1526},{"x":1347,"y":1693},{"x":1068,"y":1683},{"x":861,"y":1666},{"x":712,"y":1660},{"x":562,"y":1655},{"x":407,"y":1651},{"x":257,"y":1656},{"x":89,"y":1663},{"x":149,"y":1525},{"x":230,"y":1339},{"x":226,"y":1120},{"x":186,"y":975},{"x":141,"y":812}]},{"usedWorldBlocks":[{"x":0,"y":0},{"x":1,"y":0},{"x":1,"y":1},{"x":2,"y":1},{"x":3,"y":1},{"x":4,"y":1},{"x":4,"y":2},{"x":3,"y":2},{"x":0,"y":1},{"x":5,"y":1},{"x":6,"y":1},{"x":6,"y":2},{"x":7,"y":2},{"x":8,"y":2},{"x":8,"y":3},{"x":7,"y":3},{"x":6,"y":3},{"x":5,"y":3},{"x":5,"y":2},{"x":7,"y":1},{"x":7,"y":0},{"x":6,"y":0},{"x":8,"y":0},{"x":8,"y":1},{"x":9,"y":1},{"x":9,"y":2},{"x":9,"y":3},{"x":10,"y":3},{"x":10,"y":2},{"x":11,"y":2},{"x":11,"y":3},{"x":10,"y":1},{"x":11,"y":1},{"x":12,"y":1},{"x":13,"y":1},{"x":12,"y":2},{"x":13,"y":2},{"x":14,"y":1},{"x":14,"y":2},{"x":15,"y":2},{"x":15,"y":3},{"x":14,"y":3},{"x":13,"y":3},{"x":12,"y":3},{"x":16,"y":2},{"x":16,"y":1},{"x":17,"y":1},{"x":17,"y":2},{"x":18,"y":1},{"x":19,"y":1},{"x":19,"y":0},{"x":19,"y":2},{"x":19,"y":3},{"x":18,"y":3},{"x":18,"y":2},{"x":16,"y":3},{"x":20,"y":1},{"x":21,"y":1},{"x":20,"y":2},{"x":21,"y":2},{"x":22,"y":2},{"x":23,"y":2},{"x":22,"y":3},{"x":21,"y":3},{"x":20,"y":3},{"x":22,"y":0},{"x":23,"y":0},{"x":23,"y":1},{"x":22,"y":1},{"x":24,"y":2},{"x":25,"y":2},{"x":25,"y":3},{"x":24,"y":3},{"x":23,"y":3},{"x":25,"y":1},{"x":26,"y":1},{"x":27,"y":1},{"x":27,"y":2},{"x":27,"y":3},{"x":26,"y":3},{"x":26,"y":2},{"x":28,"y":1},{"x":29,"y":1},{"x":28,"y":2},{"x":29,"y":2},{"x":28,"y":3},{"x":30,"y":1},{"x":31,"y":1},{"x":30,"y":2},{"x":31,"y":2},{"x":30,"y":3},{"x":32,"y":2},{"x":33,"y":2},{"x":34,"y":2},{"x":33,"y":3},{"x":32,"y":3},{"x":31,"y":3},{"x":35,"y":2},{"x":35,"y":3},{"x":36,"y":2},{"x":37,"y":2},{"x":37,"y":3},{"x":36,"y":3},{"x":37,"y":1},{"x":38,"y":1},{"x":39,"y":1},{"x":40,"y":1},{"x":40,"y":2},{"x":39,"y":2},{"x":38,"y":2},{"x":38,"y":3}],"terrainTextureId":"polygon_terrain_0","polygon":[{"x":1161,"y":302},{"x":1186,"y":130},{"x":1387,"y":112},{"x":1608,"y":165},{"x":1709,"y":261},{"x":1511,"y":463},{"x":1630,"y":584},{"x":1662,"y":766},{"x":1594,"y":883},{"x":1483,"y":1058},{"x":1241,"y":1078},{"x":1091,"y":1073},{"x":913,"y":1133},{"x":705,"y":1114},{"x":686,"y":1052},{"x":722,"y":1036},{"x":900,"y":1056},{"x":1085,"y":992},{"x":1221,"y":911},{"x":1275,"y":758},{"x":1254,"y":577},{"x":1066,"y":417}]},{"usedWorldBlocks":[{"x":0,"y":0},{"x":1,"y":0},{"x":1,"y":1},{"x":2,"y":1},{"x":3,"y":1},{"x":4,"y":1},{"x":4,"y":2},{"x":3,"y":2},{"x":0,"y":1},{"x":5,"y":1},{"x":6,"y":1},{"x":6,"y":2},{"x":7,"y":2},{"x":8,"y":2},{"x":8,"y":3},{"x":7,"y":3},{"x":6,"y":3},{"x":5,"y":3},{"x":5,"y":2},{"x":7,"y":1},{"x":7,"y":0},{"x":6,"y":0},{"x":8,"y":0},{"x":8,"y":1},{"x":9,"y":1},{"x":9,"y":2},{"x":9,"y":3},{"x":10,"y":3},{"x":10,"y":2},{"x":11,"y":2},{"x":11,"y":3},{"x":10,"y":1},{"x":11,"y":1},{"x":12,"y":1},{"x":13,"y":1},{"x":12,"y":2},{"x":13,"y":2},{"x":14,"y":1},{"x":14,"y":2},{"x":15,"y":2},{"x":15,"y":3},{"x":14,"y":3},{"x":13,"y":3},{"x":12,"y":3},{"x":16,"y":2},{"x":16,"y":1},{"x":17,"y":1},{"x":17,"y":2},{"x":18,"y":1},{"x":19,"y":1},{"x":19,"y":0},{"x":19,"y":2},{"x":19,"y":3},{"x":18,"y":3},{"x":18,"y":2},{"x":16,"y":3},{"x":20,"y":1},{"x":21,"y":1},{"x":20,"y":2},{"x":21,"y":2},{"x":22,"y":2},{"x":23,"y":2},{"x":22,"y":3},{"x":21,"y":3},{"x":20,"y":3},{"x":22,"y":0},{"x":23,"y":0},{"x":23,"y":1},{"x":22,"y":1},{"x":24,"y":2},{"x":25,"y":2},{"x":25,"y":3},{"x":24,"y":3},{"x":23,"y":3},{"x":25,"y":1},{"x":26,"y":1},{"x":27,"y":1},{"x":27,"y":2},{"x":27,"y":3},{"x":26,"y":3},{"x":26,"y":2},{"x":28,"y":1},{"x":29,"y":1},{"x":28,"y":2},{"x":29,"y":2},{"x":28,"y":3},{"x":30,"y":1},{"x":31,"y":1},{"x":30,"y":2},{"x":31,"y":2},{"x":30,"y":3},{"x":32,"y":2},{"x":33,"y":2},{"x":34,"y":2},{"x":33,"y":3},{"x":32,"y":3},{"x":31,"y":3},{"x":35,"y":2},{"x":35,"y":3},{"x":36,"y":2},{"x":37,"y":2},{"x":37,"y":3},{"x":36,"y":3},{"x":37,"y":1},{"x":38,"y":1},{"x":39,"y":1},{"x":40,"y":1},{"x":40,"y":2},{"x":39,"y":2},{"x":38,"y":2},{"x":38,"y":3}],"terrainTextureId":"polygon_terrain_0","polygon":[{"x":1917,"y":1297},{"x":1982,"y":1254},{"x":2159,"y":1219},{"x":2352,"y":1133},{"x":2397,"y":1149},{"x":2522,"y":1247},{"x":2561,"y":1344},{"x":2817,"y":1442},{"x":2793,"y":1654},{"x":2599,"y":1666},{"x":2501,"y":1553},{"x":2436,"y":1361},{"x":2288,"y":1308},{"x":2227,"y":1460},{"x":2262,"y":1667},{"x":2112,"y":1664},{"x":1900,"y":1660},{"x":1938,"y":1445}]},{"usedWorldBlocks":[{"x":0,"y":0},{"x":1,"y":0},{"x":1,"y":1},{"x":2,"y":1},{"x":3,"y":1},{"x":4,"y":1},{"x":4,"y":2},{"x":3,"y":2},{"x":0,"y":1},{"x":5,"y":1},{"x":6,"y":1},{"x":6,"y":2},{"x":7,"y":2},{"x":8,"y":2},{"x":8,"y":3},{"x":7,"y":3},{"x":6,"y":3},{"x":5,"y":3},{"x":5,"y":2},{"x":7,"y":1},{"x":7,"y":0},{"x":6,"y":0},{"x":8,"y":0},{"x":8,"y":1},{"x":9,"y":1},{"x":9,"y":2},{"x":9,"y":3},{"x":10,"y":3},{"x":10,"y":2},{"x":11,"y":2},{"x":11,"y":3},{"x":10,"y":1},{"x":11,"y":1},{"x":12,"y":1},{"x":13,"y":1},{"x":12,"y":2},{"x":13,"y":2},{"x":14,"y":1},{"x":14,"y":2},{"x":15,"y":2},{"x":15,"y":3},{"x":14,"y":3},{"x":13,"y":3},{"x":12,"y":3},{"x":16,"y":2},{"x":16,"y":1},{"x":17,"y":1},{"x":17,"y":2},{"x":18,"y":1},{"x":19,"y":1},{"x":19,"y":0},{"x":19,"y":2},{"x":19,"y":3},{"x":18,"y":3},{"x":18,"y":2},{"x":16,"y":3},{"x":20,"y":1},{"x":21,"y":1},{"x":20,"y":2},{"x":21,"y":2},{"x":22,"y":2},{"x":23,"y":2},{"x":22,"y":3},{"x":21,"y":3},{"x":20,"y":3},{"x":22,"y":0},{"x":23,"y":0},{"x":23,"y":1},{"x":22,"y":1},{"x":24,"y":2},{"x":25,"y":2},{"x":25,"y":3},{"x":24,"y":3},{"x":23,"y":3},{"x":25,"y":1},{"x":26,"y":1},{"x":27,"y":1},{"x":27,"y":2},{"x":27,"y":3},{"x":26,"y":3},{"x":26,"y":2},{"x":28,"y":1},{"x":29,"y":1},{"x":28,"y":2},{"x":29,"y":2},{"x":28,"y":3},{"x":30,"y":1},{"x":31,"y":1},{"x":30,"y":2},{"x":31,"y":2},{"x":30,"y":3},{"x":32,"y":2},{"x":33,"y":2},{"x":34,"y":2},{"x":33,"y":3},{"x":32,"y":3},{"x":31,"y":3},{"x":35,"y":2},{"x":35,"y":3},{"x":36,"y":2},{"x":37,"y":2},{"x":37,"y":3},{"x":36,"y":3},{"x":37,"y":1},{"x":38,"y":1},{"x":39,"y":1},{"x":40,"y":1},{"x":40,"y":2},{"x":39,"y":2},{"x":38,"y":2},{"x":38,"y":3}],"terrainTextureId":"polygon_terrain_0","polygon":[{"x":2694,"y":1073},{"x":2733,"y":1012},{"x":2900,"y":960},{"x":3068,"y":860},{"x":3224,"y":809},{"x":3395,"y":809},{"x":3644,"y":754},{"x":3668,"y":785},{"x":3638,"y":938},{"x":3635,"y":1171},{"x":3577,"y":1310},{"x":3601,"y":1469},{"x":3579,"y":1661},{"x":3455,"y":1652},{"x":3343,"y":1655},{"x":3178,"y":1660},{"x":3252,"y":1385},{"x":3058,"y":1224},{"x":2814,"y":1171}]},{"usedWorldBlocks":[{"x":0,"y":0},{"x":1,"y":0},{"x":1,"y":1},{"x":2,"y":1},{"x":3,"y":1},{"x":4,"y":1},{"x":4,"y":2},{"x":3,"y":2},{"x":0,"y":1},{"x":5,"y":1},{"x":6,"y":1},{"x":6,"y":2},{"x":7,"y":2},{"x":8,"y":2},{"x":8,"y":3},{"x":7,"y":3},{"x":6,"y":3},{"x":5,"y":3},{"x":5,"y":2},{"x":7,"y":1},{"x":7,"y":0},{"x":6,"y":0},{"x":8,"y":0},{"x":8,"y":1},{"x":9,"y":1},{"x":9,"y":2},{"x":9,"y":3},{"x":10,"y":3},{"x":10,"y":2},{"x":11,"y":2},{"x":11,"y":3},{"x":10,"y":1},{"x":11,"y":1},{"x":12,"y":1},{"x":13,"y":1},{"x":12,"y":2},{"x":13,"y":2},{"x":14,"y":1},{"x":14,"y":2},{"x":15,"y":2},{"x":15,"y":3},{"x":14,"y":3},{"x":13,"y":3},{"x":12,"y":3},{"x":16,"y":2},{"x":16,"y":1},{"x":17,"y":1},{"x":17,"y":2},{"x":18,"y":1},{"x":19,"y":1},{"x":19,"y":0},{"x":19,"y":2},{"x":19,"y":3},{"x":18,"y":3},{"x":18,"y":2},{"x":16,"y":3},{"x":20,"y":1},{"x":21,"y":1},{"x":20,"y":2},{"x":21,"y":2},{"x":22,"y":2},{"x":23,"y":2},{"x":22,"y":3},{"x":21,"y":3},{"x":20,"y":3},{"x":22,"y":0},{"x":23,"y":0},{"x":23,"y":1},{"x":22,"y":1},{"x":24,"y":2},{"x":25,"y":2},{"x":25,"y":3},{"x":24,"y":3},{"x":23,"y":3},{"x":25,"y":1},{"x":26,"y":1},{"x":27,"y":1},{"x":27,"y":2},{"x":27,"y":3},{"x":26,"y":3},{"x":26,"y":2},{"x":28,"y":1},{"x":29,"y":1},{"x":28,"y":2},{"x":29,"y":2},{"x":28,"y":3},{"x":30,"y":1},{"x":31,"y":1},{"x":30,"y":2},{"x":31,"y":2},{"x":30,"y":3},{"x":32,"y":2},{"x":33,"y":2},{"x":34,"y":2},{"x":33,"y":3},{"x":32,"y":3},{"x":31,"y":3},{"x":35,"y":2},{"x":35,"y":3},{"x":36,"y":2},{"x":37,"y":2},{"x":37,"y":3},{"x":36,"y":3},{"x":37,"y":1},{"x":38,"y":1},{"x":39,"y":1},{"x":40,"y":1},{"x":40,"y":2},{"x":39,"y":2},{"x":38,"y":2},{"x":38,"y":3}],"terrainTextureId":"polygon_terrain_0","polygon":[{"x":3959,"y":789},{"x":4097,"y":744},{"x":4282,"y":784},{"x":4476,"y":797},{"x":4593,"y":946},{"x":4434,"y":972},{"x":4280,"y":1056},{"x":4157,"y":917},{"x":3983,"y":851}]},{"usedWorldBlocks":[{"x":0,"y":0},{"x":1,"y":0},{"x":1,"y":1},{"x":2,"y":1},{"x":3,"y":1},{"x":4,"y":1},{"x":4,"y":2},{"x":3,"y":2},{"x":0,"y":1},{"x":5,"y":1},{"x":6,"y":1},{"x":6,"y":2},{"x":7,"y":2},{"x":8,"y":2},{"x":8,"y":3},{"x":7,"y":3},{"x":6,"y":3},{"x":5,"y":3},{"x":5,"y":2},{"x":7,"y":1},{"x":7,"y":0},{"x":6,"y":0},{"x":8,"y":0},{"x":8,"y":1},{"x":9,"y":1},{"x":9,"y":2},{"x":9,"y":3},{"x":10,"y":3},{"x":10,"y":2},{"x":11,"y":2},{"x":11,"y":3},{"x":10,"y":1},{"x":11,"y":1},{"x":12,"y":1},{"x":13,"y":1},{"x":12,"y":2},{"x":13,"y":2},{"x":14,"y":1},{"x":14,"y":2},{"x":15,"y":2},{"x":15,"y":3},{"x":14,"y":3},{"x":13,"y":3},{"x":12,"y":3},{"x":16,"y":2},{"x":16,"y":1},{"x":17,"y":1},{"x":17,"y":2},{"x":18,"y":1},{"x":19,"y":1},{"x":19,"y":0},{"x":19,"y":2},{"x":19,"y":3},{"x":18,"y":3},{"x":18,"y":2},{"x":16,"y":3},{"x":20,"y":1},{"x":21,"y":1},{"x":20,"y":2},{"x":21,"y":2},{"x":22,"y":2},{"x":23,"y":2},{"x":22,"y":3},{"x":21,"y":3},{"x":20,"y":3},{"x":22,"y":0},{"x":23,"y":0},{"x":23,"y":1},{"x":22,"y":1},{"x":24,"y":2},{"x":25,"y":2},{"x":25,"y":3},{"x":24,"y":3},{"x":23,"y":3},{"x":25,"y":1},{"x":26,"y":1},{"x":27,"y":1},{"x":27,"y":2},{"x":27,"y":3},{"x":26,"y":3},{"x":26,"y":2},{"x":28,"y":1},{"x":29,"y":1},{"x":28,"y":2},{"x":29,"y":2},{"x":28,"y":3},{"x":30,"y":1},{"x":31,"y":1},{"x":30,"y":2},{"x":31,"y":2},{"x":30,"y":3},{"x":32,"y":2},{"x":33,"y":2},{"x":34,"y":2},{"x":33,"y":3},{"x":32,"y":3},{"x":31,"y":3},{"x":35,"y":2},{"x":35,"y":3},{"x":36,"y":2},{"x":37,"y":2},{"x":37,"y":3},{"x":36,"y":3},{"x":37,"y":1},{"x":38,"y":1},{"x":39,"y":1},{"x":40,"y":1},{"x":40,"y":2},{"x":39,"y":2},{"x":38,"y":2},{"x":38,"y":3}],"terrainTextureId":"polygon_terrain_0","polygon":[{"x":3825,"y":1120},{"x":3948,"y":1192},{"x":4091,"y":1260},{"x":4230,"y":1293},{"x":4439,"y":1309},{"x":4618,"y":1289},{"x":4593,"y":1395},{"x":4318,"y":1429},{"x":4210,"y":1387},{"x":4154,"y":1466},{"x":4084,"y":1507},{"x":4073,"y":1660},{"x":3838,"y":1678},{"x":3883,"y":1539},{"x":3885,"y":1362},{"x":3806,"y":1180}]}]],[[{"usedWorldBlocks":[{"x":0,"y":0},{"x":1,"y":0},{"x":1,"y":1},{"x":2,"y":1},{"x":3,"y":1},{"x":4,"y":1},{"x":4,"y":2},{"x":3,"y":2},{"x":0,"y":1},{"x":5,"y":1},{"x":6,"y":1},{"x":6,"y":2},{"x":7,"y":2},{"x":8,"y":2},{"x":8,"y":3},{"x":7,"y":3},{"x":6,"y":3},{"x":5,"y":3},{"x":5,"y":2},{"x":7,"y":1},{"x":7,"y":0},{"x":6,"y":0},{"x":8,"y":0},{"x":8,"y":1},{"x":9,"y":1},{"x":9,"y":2},{"x":9,"y":3},{"x":10,"y":3},{"x":10,"y":2},{"x":11,"y":2},{"x":11,"y":3},{"x":10,"y":1},{"x":11,"y":1},{"x":12,"y":1},{"x":13,"y":1},{"x":12,"y":2},{"x":13,"y":2},{"x":14,"y":1},{"x":14,"y":2},{"x":15,"y":2},{"x":15,"y":3},{"x":14,"y":3},{"x":13,"y":3},{"x":12,"y":3},{"x":16,"y":2},{"x":16,"y":1},{"x":17,"y":1},{"x":17,"y":2},{"x":18,"y":1},{"x":19,"y":1},{"x":19,"y":0},{"x":19,"y":2},{"x":19,"y":3},{"x":18,"y":3},{"x":18,"y":2},{"x":16,"y":3},{"x":20,"y":1},{"x":21,"y":1},{"x":20,"y":2},{"x":21,"y":2},{"x":22,"y":2},{"x":23,"y":2},{"x":22,"y":3},{"x":21,"y":3},{"x":20,"y":3},{"x":22,"y":0},{"x":23,"y":0},{"x":23,"y":1},{"x":22,"y":1},{"x":24,"y":2},{"x":25,"y":2},{"x":25,"y":3},{"x":24,"y":3},{"x":23,"y":3},{"x":25,"y":1},{"x":26,"y":1},{"x":27,"y":1},{"x":27,"y":2},{"x":27,"y":3},{"x":26,"y":3},{"x":26,"y":2},{"x":28,"y":1},{"x":29,"y":1},{"x":28,"y":2},{"x":29,"y":2},{"x":28,"y":3},{"x":30,"y":1},{"x":31,"y":1},{"x":30,"y":2},{"x":31,"y":2},{"x":30,"y":3},{"x":32,"y":2},{"x":33,"y":2},{"x":34,"y":2},{"x":33,"y":3},{"x":32,"y":3},{"x":31,"y":3},{"x":35,"y":2},{"x":35,"y":3},{"x":36,"y":2},{"x":37,"y":2},{"x":37,"y":3},{"x":36,"y":3},{"x":37,"y":1},{"x":38,"y":1},{"x":39,"y":1},{"x":40,"y":1},{"x":40,"y":2},{"x":39,"y":2},{"x":38,"y":2},{"x":38,"y":3}],"terrainTextureId":"polygon_terrain_0","polygon":[{"x":73,"y":901},{"x":114,"y":880},{"x":260,"y":860},{"x":458,"y":784},{"x":554,"y":804},{"x":529,"y":871},{"x":313,"y":964},{"x":120,"y":984}]},{"usedWorldBlocks":[{"x":0,"y":0},{"x":1,"y":0},{"x":1,"y":1},{"x":2,"y":1},{"x":3,"y":1},{"x":4,"y":1},{"x":4,"y":2},{"x":3,"y":2},{"x":0,"y":1},{"x":5,"y":1},{"x":6,"y":1},{"x":6,"y":2},{"x":7,"y":2},{"x":8,"y":2},{"x":8,"y":3},{"x":7,"y":3},{"x":6,"y":3},{"x":5,"y":3},{"x":5,"y":2},{"x":7,"y":1},{"x":7,"y":0},{"x":6,"y":0},{"x":8,"y":0},{"x":8,"y":1},{"x":9,"y":1},{"x":9,"y":2},{"x":9,"y":3},{"x":10,"y":3},{"x":10,"y":2},{"x":11,"y":2},{"x":11,"y":3},{"x":10,"y":1},{"x":11,"y":1},{"x":12,"y":1},{"x":13,"y":1},{"x":12,"y":2},{"x":13,"y":2},{"x":14,"y":1},{"x":14,"y":2},{"x":15,"y":2},{"x":15,"y":3},{"x":14,"y":3},{"x":13,"y":3},{"x":12,"y":3},{"x":16,"y":2},{"x":16,"y":1},{"x":17,"y":1},{"x":17,"y":2},{"x":18,"y":1},{"x":19,"y":1},{"x":19,"y":0},{"x":19,"y":2},{"x":19,"y":3},{"x":18,"y":3},{"x":18,"y":2},{"x":16,"y":3},{"x":20,"y":1},{"x":21,"y":1},{"x":20,"y":2},{"x":21,"y":2},{"x":22,"y":2},{"x":23,"y":2},{"x":22,"y":3},{"x":21,"y":3},{"x":20,"y":3},{"x":22,"y":0},{"x":23,"y":0},{"x":23,"y":1},{"x":22,"y":1},{"x":24,"y":2},{"x":25,"y":2},{"x":25,"y":3},{"x":24,"y":3},{"x":23,"y":3},{"x":25,"y":1},{"x":26,"y":1},{"x":27,"y":1},{"x":27,"y":2},{"x":27,"y":3},{"x":26,"y":3},{"x":26,"y":2},{"x":28,"y":1},{"x":29,"y":1},{"x":28,"y":2},{"x":29,"y":2},{"x":28,"y":3},{"x":30,"y":1},{"x":31,"y":1},{"x":30,"y":2},{"x":31,"y":2},{"x":30,"y":3},{"x":32,"y":2},{"x":33,"y":2},{"x":34,"y":2},{"x":33,"y":3},{"x":32,"y":3},{"x":31,"y":3},{"x":35,"y":2},{"x":35,"y":3},{"x":36,"y":2},{"x":37,"y":2},{"x":37,"y":3},{"x":36,"y":3},{"x":37,"y":1},{"x":38,"y":1},{"x":39,"y":1},{"x":40,"y":1},{"x":40,"y":2},{"x":39,"y":2},{"x":38,"y":2},{"x":38,"y":3}],"terrainTextureId":"polygon_terrain_0","polygon":[{"x":98,"y":1349},{"x":141,"y":1321},{"x":285,"y":1281},{"x":494,"y":1183},{"x":637,"y":1066},{"x":664,"y":1113},{"x":607,"y":1262},{"x":542,"y":1463},{"x":360,"y":1519},{"x":414,"y":1656},{"x":264,"y":1659},{"x":37,"y":1666},{"x":102,"y":1488}]},{"usedWorldBlocks":[{"x":0,"y":0},{"x":1,"y":0},{"x":1,"y":1},{"x":2,"y":1},{"x":3,"y":1},{"x":4,"y":1},{"x":4,"y":2},{"x":3,"y":2},{"x":0,"y":1},{"x":5,"y":1},{"x":6,"y":1},{"x":6,"y":2},{"x":7,"y":2},{"x":8,"y":2},{"x":8,"y":3},{"x":7,"y":3},{"x":6,"y":3},{"x":5,"y":3},{"x":5,"y":2},{"x":7,"y":1},{"x":7,"y":0},{"x":6,"y":0},{"x":8,"y":0},{"x":8,"y":1},{"x":9,"y":1},{"x":9,"y":2},{"x":9,"y":3},{"x":10,"y":3},{"x":10,"y":2},{"x":11,"y":2},{"x":11,"y":3},{"x":10,"y":1},{"x":11,"y":1},{"x":12,"y":1},{"x":13,"y":1},{"x":12,"y":2},{"x":13,"y":2},{"x":14,"y":1},{"x":14,"y":2},{"x":15,"y":2},{"x":15,"y":3},{"x":14,"y":3},{"x":13,"y":3},{"x":12,"y":3},{"x":16,"y":2},{"x":16,"y":1},{"x":17,"y":1},{"x":17,"y":2},{"x":18,"y":1},{"x":19,"y":1},{"x":19,"y":0},{"x":19,"y":2},{"x":19,"y":3},{"x":18,"y":3},{"x":18,"y":2},{"x":16,"y":3},{"x":20,"y":1},{"x":21,"y":1},{"x":20,"y":2},{"x":21,"y":2},{"x":22,"y":2},{"x":23,"y":2},{"x":22,"y":3},{"x":21,"y":3},{"x":20,"y":3},{"x":22,"y":0},{"x":23,"y":0},{"x":23,"y":1},{"x":22,"y":1},{"x":24,"y":2},{"x":25,"y":2},{"x":25,"y":3},{"x":24,"y":3},{"x":23,"y":3},{"x":25,"y":1},{"x":26,"y":1},{"x":27,"y":1},{"x":27,"y":2},{"x":27,"y":3},{"x":26,"y":3},{"x":26,"y":2},{"x":28,"y":1},{"x":29,"y":1},{"x":28,"y":2},{"x":29,"y":2},{"x":28,"y":3},{"x":30,"y":1},{"x":31,"y":1},{"x":30,"y":2},{"x":31,"y":2},{"x":30,"y":3},{"x":32,"y":2},{"x":33,"y":2},{"x":34,"y":2},{"x":33,"y":3},{"x":32,"y":3},{"x":31,"y":3},{"x":35,"y":2},{"x":35,"y":3},{"x":36,"y":2},{"x":37,"y":2},{"x":37,"y":3},{"x":36,"y":3},{"x":37,"y":1},{"x":38,"y":1},{"x":39,"y":1},{"x":40,"y":1},{"x":40,"y":2},{"x":39,"y":2},{"x":38,"y":2},{"x":38,"y":3}],"terrainTextureId":"polygon_terrain_0","polygon":[{"x":858,"y":1164},{"x":922,"y":1187},{"x":1012,"y":1324},{"x":1153,"y":1379},{"x":1339,"y":1418},{"x":1491,"y":1397},{"x":1648,"y":1343},{"x":1758,"y":1265},{"x":1873,"y":1118},{"x":2058,"y":1123},{"x":2216,"y":1106},{"x":2210,"y":1193},{"x":2042,"y":1248},{"x":1945,"y":1364},{"x":1993,"y":1649},{"x":1840,"y":1636},{"x":1750,"y":1417},{"x":1582,"y":1503},{"x":1570,"y":1659},{"x":1446,"y":1536},{"x":1290,"y":1536},{"x":1160,"y":1612},{"x":1009,"y":1702},{"x":907,"y":1687},{"x":920,"y":1415},{"x":851,"y":1207}]},{"usedWorldBlocks":[{"x":0,"y":0},{"x":1,"y":0},{"x":1,"y":1},{"x":2,"y":1},{"x":3,"y":1},{"x":4,"y":1},{"x":4,"y":2},{"x":3,"y":2},{"x":0,"y":1},{"x":5,"y":1},{"x":6,"y":1},{"x":6,"y":2},{"x":7,"y":2},{"x":8,"y":2},{"x":8,"y":3},{"x":7,"y":3},{"x":6,"y":3},{"x":5,"y":3},{"x":5,"y":2},{"x":7,"y":1},{"x":7,"y":0},{"x":6,"y":0},{"x":8,"y":0},{"x":8,"y":1},{"x":9,"y":1},{"x":9,"y":2},{"x":9,"y":3},{"x":10,"y":3},{"x":10,"y":2},{"x":11,"y":2},{"x":11,"y":3},{"x":10,"y":1},{"x":11,"y":1},{"x":12,"y":1},{"x":13,"y":1},{"x":12,"y":2},{"x":13,"y":2},{"x":14,"y":1},{"x":14,"y":2},{"x":15,"y":2},{"x":15,"y":3},{"x":14,"y":3},{"x":13,"y":3},{"x":12,"y":3},{"x":16,"y":2},{"x":16,"y":1},{"x":17,"y":1},{"x":17,"y":2},{"x":18,"y":1},{"x":19,"y":1},{"x":19,"y":0},{"x":19,"y":2},{"x":19,"y":3},{"x":18,"y":3},{"x":18,"y":2},{"x":16,"y":3},{"x":20,"y":1},{"x":21,"y":1},{"x":20,"y":2},{"x":21,"y":2},{"x":22,"y":2},{"x":23,"y":2},{"x":22,"y":3},{"x":21,"y":3},{"x":20,"y":3},{"x":22,"y":0},{"x":23,"y":0},{"x":23,"y":1},{"x":22,"y":1},{"x":24,"y":2},{"x":25,"y":2},{"x":25,"y":3},{"x":24,"y":3},{"x":23,"y":3},{"x":25,"y":1},{"x":26,"y":1},{"x":27,"y":1},{"x":27,"y":2},{"x":27,"y":3},{"x":26,"y":3},{"x":26,"y":2},{"x":28,"y":1},{"x":29,"y":1},{"x":28,"y":2},{"x":29,"y":2},{"x":28,"y":3},{"x":30,"y":1},{"x":31,"y":1},{"x":30,"y":2},{"x":31,"y":2},{"x":30,"y":3},{"x":32,"y":2},{"x":33,"y":2},{"x":34,"y":2},{"x":33,"y":3},{"x":32,"y":3},{"x":31,"y":3},{"x":35,"y":2},{"x":35,"y":3},{"x":36,"y":2},{"x":37,"y":2},{"x":37,"y":3},{"x":36,"y":3},{"x":37,"y":1},{"x":38,"y":1},{"x":39,"y":1},{"x":40,"y":1},{"x":40,"y":2},{"x":39,"y":2},{"x":38,"y":2},{"x":38,"y":3}],"terrainTextureId":"polygon_terrain_0","polygon":[{"x":2378,"y":1205},{"x":2535,"y":1206},{"x":2683,"y":1179},{"x":2827,"y":1127},{"x":2826,"y":1193},{"x":2760,"y":1328},{"x":2737,"y":1485},{"x":2780,"y":1654},{"x":2590,"y":1675},{"x":2550,"y":1459},{"x":2431,"y":1317}]},{"usedWorldBlocks":[{"x":0,"y":0},{"x":1,"y":0},{"x":1,"y":1},{"x":2,"y":1},{"x":3,"y":1},{"x":4,"y":1},{"x":4,"y":2},{"x":3,"y":2},{"x":0,"y":1},{"x":5,"y":1},{"x":6,"y":1},{"x":6,"y":2},{"x":7,"y":2},{"x":8,"y":2},{"x":8,"y":3},{"x":7,"y":3},{"x":6,"y":3},{"x":5,"y":3},{"x":5,"y":2},{"x":7,"y":1},{"x":7,"y":0},{"x":6,"y":0},{"x":8,"y":0},{"x":8,"y":1},{"x":9,"y":1},{"x":9,"y":2},{"x":9,"y":3},{"x":10,"y":3},{"x":10,"y":2},{"x":11,"y":2},{"x":11,"y":3},{"x":10,"y":1},{"x":11,"y":1},{"x":12,"y":1},{"x":13,"y":1},{"x":12,"y":2},{"x":13,"y":2},{"x":14,"y":1},{"x":14,"y":2},{"x":15,"y":2},{"x":15,"y":3},{"x":14,"y":3},{"x":13,"y":3},{"x":12,"y":3},{"x":16,"y":2},{"x":16,"y":1},{"x":17,"y":1},{"x":17,"y":2},{"x":18,"y":1},{"x":19,"y":1},{"x":19,"y":0},{"x":19,"y":2},{"x":19,"y":3},{"x":18,"y":3},{"x":18,"y":2},{"x":16,"y":3},{"x":20,"y":1},{"x":21,"y":1},{"x":20,"y":2},{"x":21,"y":2},{"x":22,"y":2},{"x":23,"y":2},{"x":22,"y":3},{"x":21,"y":3},{"x":20,"y":3},{"x":22,"y":0},{"x":23,"y":0},{"x":23,"y":1},{"x":22,"y":1},{"x":24,"y":2},{"x":25,"y":2},{"x":25,"y":3},{"x":24,"y":3},{"x":23,"y":3},{"x":25,"y":1},{"x":26,"y":1},{"x":27,"y":1},{"x":27,"y":2},{"x":27,"y":3},{"x":26,"y":3},{"x":26,"y":2},{"x":28,"y":1},{"x":29,"y":1},{"x":28,"y":2},{"x":29,"y":2},{"x":28,"y":3},{"x":30,"y":1},{"x":31,"y":1},{"x":30,"y":2},{"x":31,"y":2},{"x":30,"y":3},{"x":32,"y":2},{"x":33,"y":2},{"x":34,"y":2},{"x":33,"y":3},{"x":32,"y":3},{"x":31,"y":3},{"x":35,"y":2},{"x":35,"y":3},{"x":36,"y":2},{"x":37,"y":2},{"x":37,"y":3},{"x":36,"y":3},{"x":37,"y":1},{"x":38,"y":1},{"x":39,"y":1},{"x":40,"y":1},{"x":40,"y":2},{"x":39,"y":2},{"x":38,"y":2},{"x":38,"y":3}],"terrainTextureId":"polygon_terrain_0","polygon":[{"x":3024,"y":1235},{"x":3177,"y":1214},{"x":3394,"y":1138},{"x":3478,"y":1164},{"x":3543,"y":1398},{"x":3712,"y":1545},{"x":3676,"y":1689},{"x":3559,"y":1542},{"x":3411,"y":1383},{"x":3318,"y":1470},{"x":3282,"y":1664},{"x":3202,"y":1692},{"x":3192,"y":1523},{"x":3132,"y":1425},{"x":3021,"y":1357}]},{"usedWorldBlocks":[{"x":0,"y":0},{"x":1,"y":0},{"x":1,"y":1},{"x":2,"y":1},{"x":3,"y":1},{"x":4,"y":1},{"x":4,"y":2},{"x":3,"y":2},{"x":0,"y":1},{"x":5,"y":1},{"x":6,"y":1},{"x":6,"y":2},{"x":7,"y":2},{"x":8,"y":2},{"x":8,"y":3},{"x":7,"y":3},{"x":6,"y":3},{"x":5,"y":3},{"x":5,"y":2},{"x":7,"y":1},{"x":7,"y":0},{"x":6,"y":0},{"x":8,"y":0},{"x":8,"y":1},{"x":9,"y":1},{"x":9,"y":2},{"x":9,"y":3},{"x":10,"y":3},{"x":10,"y":2},{"x":11,"y":2},{"x":11,"y":3},{"x":10,"y":1},{"x":11,"y":1},{"x":12,"y":1},{"x":13,"y":1},{"x":12,"y":2},{"x":13,"y":2},{"x":14,"y":1},{"x":14,"y":2},{"x":15,"y":2},{"x":15,"y":3},{"x":14,"y":3},{"x":13,"y":3},{"x":12,"y":3},{"x":16,"y":2},{"x":16,"y":1},{"x":17,"y":1},{"x":17,"y":2},{"x":18,"y":1},{"x":19,"y":1},{"x":19,"y":0},{"x":19,"y":2},{"x":19,"y":3},{"x":18,"y":3},{"x":18,"y":2},{"x":16,"y":3},{"x":20,"y":1},{"x":21,"y":1},{"x":20,"y":2},{"x":21,"y":2},{"x":22,"y":2},{"x":23,"y":2},{"x":22,"y":3},{"x":21,"y":3},{"x":20,"y":3},{"x":22,"y":0},{"x":23,"y":0},{"x":23,"y":1},{"x":22,"y":1},{"x":24,"y":2},{"x":25,"y":2},{"x":25,"y":3},{"x":24,"y":3},{"x":23,"y":3},{"x":25,"y":1},{"x":26,"y":1},{"x":27,"y":1},{"x":27,"y":2},{"x":27,"y":3},{"x":26,"y":3},{"x":26,"y":2},{"x":28,"y":1},{"x":29,"y":1},{"x":28,"y":2},{"x":29,"y":2},{"x":28,"y":3},{"x":30,"y":1},{"x":31,"y":1},{"x":30,"y":2},{"x":31,"y":2},{"x":30,"y":3},{"x":32,"y":2},{"x":33,"y":2},{"x":34,"y":2},{"x":33,"y":3},{"x":32,"y":3},{"x":31,"y":3},{"x":35,"y":2},{"x":35,"y":3},{"x":36,"y":2},{"x":37,"y":2},{"x":37,"y":3},{"x":36,"y":3},{"x":37,"y":1},{"x":38,"y":1},{"x":39,"y":1},{"x":40,"y":1},{"x":40,"y":2},{"x":39,"y":2},{"x":38,"y":2},{"x":38,"y":3}],"terrainTextureId":"polygon_terrain_0","polygon":[{"x":3780,"y":1009},{"x":3810,"y":977},{"x":3952,"y":931},{"x":4085,"y":861},{"x":4218,"y":791},{"x":4366,"y":768},{"x":4514,"y":745},{"x":4697,"y":766},{"x":4871,"y":764},{"x":5046,"y":676},{"x":5102,"y":784},{"x":5022,"y":886},{"x":5041,"y":1038},{"x":5073,"y":1202},{"x":4870,"y":1042},{"x":4692,"y":1019},{"x":4529,"y":920},{"x":4326,"y":900},{"x":4169,"y":949},{"x":4077,"y":1133},{"x":4090,"y":1282},{"x":4159,"y":1415},{"x":4296,"y":1680},{"x":4146,"y":1678},{"x":3944,"y":1675},{"x":4002,"y":1487},{"x":3852,"y":1336},{"x":3840,"y":1128}]}]]],"startPoint":{"x":1346,"y":551},"finishPoint":{"x":19412,"y":672},"levelId":0,"collectableItems":[{"x":1954,"y":727},{"x":2012,"y":749},{"x":2076,"y":754},{"x":2145,"y":757},{"x":3417,"y":718},{"x":3485,"y":703},{"x":3553,"y":677},{"x":3169,"y":842},{"x":3168,"y":901},{"x":3167,"y":962},{"x":3164,"y":1022},{"x":4073,"y":997},{"x":4117,"y":948},{"x":4170,"y":900},{"x":4236,"y":869},{"x":4311,"y":847},{"x":5779,"y":623},{"x":5846,"y":604},{"x":5916,"y":592},{"x":5991,"y":590},{"x":6071,"y":602},{"x":6779,"y":522},{"x":6855,"y":525},{"x":6927,"y":544},{"x":7283,"y":748},{"x":7428,"y":778},{"x":7357,"y":761},{"x":8777,"y":847},{"x":8829,"y":893},{"x":8891,"y":931},{"x":8958,"y":948},{"x":9034,"y":942},{"x":9104,"y":911},{"x":9161,"y":872},{"x":11202,"y":749},{"x":11183,"y":797},{"x":11159,"y":850},{"x":11112,"y":892},{"x":11057,"y":927},{"x":10462,"y":1181},{"x":10506,"y":1228},{"x":10569,"y":1254},{"x":10636,"y":1279},{"x":10706,"y":1298},{"x":13759,"y":763},{"x":13803,"y":824},{"x":13837,"y":893},{"x":13862,"y":968},{"x":13877,"y":1041},{"x":15689,"y":948},{"x":15748,"y":948},{"x":15810,"y":948},{"x":15809,"y":894},{"x":15748,"y":894},{"x":15688,"y":895},{"x":18018,"y":1172},{"x":18077,"y":1162},{"x":18141,"y":1148},{"x":18202,"y":1124}],"bridgePoints":[{"bridgeAY":834,"bridgeBX":2694,"bridgeAX":2335,"bridgeBY":813},{"bridgeAY":876,"bridgeBX":5463,"bridgeAX":4929,"bridgeBY":793},{"bridgeAY":1357,"bridgeBX":11899,"bridgeAX":11544,"bridgeBY":1299},{"bridgeAY":1140,"bridgeBX":12682,"bridgeAX":12396,"bridgeBY":1051},{"bridgeAY":930,"bridgeBX":15072,"bridgeAX":14594,"bridgeBY":894},{"bridgeAY":1304,"bridgeBX":15107,"bridgeAX":14628,"bridgeBY":1334},{"bridgeAY":1143,"bridgeBX":18778,"bridgeAX":18444,"bridgeBY":1010}],"polygonBackgroundData":[[[{"usedWorldBlocks":[{"x":0,"y":1},{"x":1,"y":1},{"x":2,"y":1},{"x":3,"y":1},{"x":3,"y":2},{"x":4,"y":2},{"x":2,"y":2},{"x":1,"y":2},{"x":0,"y":2},{"x":6,"y":0},{"x":7,"y":0},{"x":7,"y":1},{"x":8,"y":1},{"x":8,"y":2},{"x":7,"y":2},{"x":6,"y":2},{"x":5,"y":2},{"x":5,"y":1},{"x":6,"y":1},{"x":9,"y":1},{"x":9,"y":2},{"x":11,"y":1},{"x":12,"y":1},{"x":13,"y":1},{"x":13,"y":2},{"x":12,"y":2},{"x":12,"y":3},{"x":11,"y":3},{"x":11,"y":2},{"x":21,"y":1},{"x":22,"y":1},{"x":22,"y":0},{"x":22,"y":2},{"x":21,"y":2},{"x":20,"y":2},{"x":20,"y":1},{"x":27,"y":1},{"x":28,"y":1},{"x":29,"y":1},{"x":29,"y":2},{"x":28,"y":2},{"x":27,"y":2},{"x":29,"y":3},{"x":28,"y":3},{"x":30,"y":1},{"x":31,"y":1},{"x":31,"y":2},{"x":30,"y":2}],"terrainTextureId":"polygon_terrain_dark_0","polygon":[{"x":66,"y":930},{"x":280,"y":778},{"x":517,"y":792},{"x":726,"y":914},{"x":850,"y":830},{"x":985,"y":739},{"x":1118,"y":697},{"x":1230,"y":785},{"x":1395,"y":696},{"x":1623,"y":746},{"x":1771,"y":922},{"x":1874,"y":1055},{"x":1937,"y":1102},{"x":2046,"y":1020},{"x":2219,"y":1022},{"x":2165,"y":1177},{"x":2147,"y":1457},{"x":1945,"y":1477},{"x":1779,"y":1472},{"x":1598,"y":1460},{"x":1503,"y":1407},{"x":1320,"y":1433},{"x":1162,"y":1443},{"x":925,"y":1448},{"x":729,"y":1423},{"x":557,"y":1477},{"x":373,"y":1481},{"x":248,"y":1467},{"x":62,"y":1467},{"x":63,"y":1317},{"x":66,"y":1080}]},{"usedWorldBlocks":[{"x":0,"y":1},{"x":1,"y":1},{"x":2,"y":1},{"x":3,"y":1},{"x":3,"y":2},{"x":4,"y":2},{"x":2,"y":2},{"x":1,"y":2},{"x":0,"y":2},{"x":6,"y":0},{"x":7,"y":0},{"x":7,"y":1},{"x":8,"y":1},{"x":8,"y":2},{"x":7,"y":2},{"x":6,"y":2},{"x":5,"y":2},{"x":5,"y":1},{"x":6,"y":1},{"x":9,"y":1},{"x":9,"y":2},{"x":11,"y":1},{"x":12,"y":1},{"x":13,"y":1},{"x":13,"y":2},{"x":12,"y":2},{"x":12,"y":3},{"x":11,"y":3},{"x":11,"y":2},{"x":21,"y":1},{"x":22,"y":1},{"x":22,"y":0},{"x":22,"y":2},{"x":21,"y":2},{"x":20,"y":2},{"x":20,"y":1},{"x":27,"y":1},{"x":28,"y":1},{"x":29,"y":1},{"x":29,"y":2},{"x":28,"y":2},{"x":27,"y":2},{"x":29,"y":3},{"x":28,"y":3},{"x":30,"y":1},{"x":31,"y":1},{"x":31,"y":2},{"x":30,"y":2}],"terrainTextureId":"polygon_terrain_dark_0","polygon":[{"x":3142,"y":417},{"x":3284,"y":288},{"x":3452,"y":260},{"x":3630,"y":290},{"x":3744,"y":406},{"x":3776,"y":613},{"x":3853,"y":601},{"x":4015,"y":590},{"x":3978,"y":790},{"x":3993,"y":976},{"x":4077,"y":1141},{"x":4062,"y":1190},{"x":3996,"y":1243},{"x":3908,"y":1322},{"x":3737,"y":1371},{"x":3587,"y":1373},{"x":3420,"y":1374},{"x":3215,"y":1311},{"x":2989,"y":1148},{"x":2959,"y":943},{"x":3015,"y":760},{"x":3134,"y":599}]},{"usedWorldBlocks":[{"x":0,"y":1},{"x":1,"y":1},{"x":2,"y":1},{"x":3,"y":1},{"x":3,"y":2},{"x":4,"y":2},{"x":2,"y":2},{"x":1,"y":2},{"x":0,"y":2},{"x":6,"y":0},{"x":7,"y":0},{"x":7,"y":1},{"x":8,"y":1},{"x":8,"y":2},{"x":7,"y":2},{"x":6,"y":2},{"x":5,"y":2},{"x":5,"y":1},{"x":6,"y":1},{"x":9,"y":1},{"x":9,"y":2},{"x":11,"y":1},{"x":12,"y":1},{"x":13,"y":1},{"x":13,"y":2},{"x":12,"y":2},{"x":12,"y":3},{"x":11,"y":3},{"x":11,"y":2},{"x":21,"y":1},{"x":22,"y":1},{"x":22,"y":0},{"x":22,"y":2},{"x":21,"y":2},{"x":20,"y":2},{"x":20,"y":1},{"x":27,"y":1},{"x":28,"y":1},{"x":29,"y":1},{"x":29,"y":2},{"x":28,"y":2},{"x":27,"y":2},{"x":29,"y":3},{"x":28,"y":3},{"x":30,"y":1},{"x":31,"y":1},{"x":31,"y":2},{"x":30,"y":2}],"terrainTextureId":"polygon_terrain_dark_0","polygon":[{"x":4397,"y":949},{"x":4547,"y":949},{"x":4701,"y":1002},{"x":4871,"y":974},{"x":4850,"y":1098},{"x":4859,"y":1258},{"x":4915,"y":1447},{"x":4773,"y":1475},{"x":4620,"y":1419},{"x":4389,"y":1298},{"x":4412,"y":1135}]}]],[[{"usedWorldBlocks":[{"x":0,"y":1},{"x":1,"y":1},{"x":2,"y":1},{"x":3,"y":1},{"x":3,"y":2},{"x":4,"y":2},{"x":2,"y":2},{"x":1,"y":2},{"x":0,"y":2},{"x":6,"y":0},{"x":7,"y":0},{"x":7,"y":1},{"x":8,"y":1},{"x":8,"y":2},{"x":7,"y":2},{"x":6,"y":2},{"x":5,"y":2},{"x":5,"y":1},{"x":6,"y":1},{"x":9,"y":1},{"x":9,"y":2},{"x":11,"y":1},{"x":12,"y":1},{"x":13,"y":1},{"x":13,"y":2},{"x":12,"y":2},{"x":12,"y":3},{"x":11,"y":3},{"x":11,"y":2},{"x":21,"y":1},{"x":22,"y":1},{"x":22,"y":0},{"x":22,"y":2},{"x":21,"y":2},{"x":20,"y":2},{"x":20,"y":1},{"x":27,"y":1},{"x":28,"y":1},{"x":29,"y":1},{"x":29,"y":2},{"x":28,"y":2},{"x":27,"y":2},{"x":29,"y":3},{"x":28,"y":3},{"x":30,"y":1},{"x":31,"y":1},{"x":31,"y":2},{"x":30,"y":2}],"terrainTextureId":"polygon_terrain_dark_0","polygon":[{"x":524,"y":868},{"x":674,"y":868},{"x":810,"y":958},{"x":975,"y":963},{"x":1169,"y":813},{"x":1368,"y":725},{"x":1601,"y":685},{"x":1679,"y":615},{"x":1633,"y":758},{"x":1630,"y":925},{"x":1723,"y":1081},{"x":1546,"y":1257},{"x":1315,"y":1349},{"x":1325,"y":1407},{"x":1340,"y":1653},{"x":1085,"y":1661},{"x":962,"y":1666},{"x":948,"y":1521},{"x":886,"y":1384},{"x":739,"y":1451},{"x":687,"y":1310},{"x":665,"y":1168},{"x":575,"y":1008}]}]],[[{"usedWorldBlocks":[{"x":0,"y":1},{"x":1,"y":1},{"x":2,"y":1},{"x":3,"y":1},{"x":3,"y":2},{"x":4,"y":2},{"x":2,"y":2},{"x":1,"y":2},{"x":0,"y":2},{"x":6,"y":0},{"x":7,"y":0},{"x":7,"y":1},{"x":8,"y":1},{"x":8,"y":2},{"x":7,"y":2},{"x":6,"y":2},{"x":5,"y":2},{"x":5,"y":1},{"x":6,"y":1},{"x":9,"y":1},{"x":9,"y":2},{"x":11,"y":1},{"x":12,"y":1},{"x":13,"y":1},{"x":13,"y":2},{"x":12,"y":2},{"x":12,"y":3},{"x":11,"y":3},{"x":11,"y":2},{"x":21,"y":1},{"x":22,"y":1},{"x":22,"y":0},{"x":22,"y":2},{"x":21,"y":2},{"x":20,"y":2},{"x":20,"y":1},{"x":27,"y":1},{"x":28,"y":1},{"x":29,"y":1},{"x":29,"y":2},{"x":28,"y":2},{"x":27,"y":2},{"x":29,"y":3},{"x":28,"y":3},{"x":30,"y":1},{"x":31,"y":1},{"x":31,"y":2},{"x":30,"y":2}],"terrainTextureId":"polygon_terrain_dark_0","polygon":[{"x":798,"y":644},{"x":942,"y":653},{"x":1086,"y":599},{"x":1103,"y":437},{"x":1310,"y":559},{"x":1292,"y":804},{"x":1289,"y":954},{"x":1475,"y":1037},{"x":1421,"y":1188},{"x":1482,"y":1376},{"x":1347,"y":1309},{"x":1088,"y":1339},{"x":847,"y":1407},{"x":698,"y":1387},{"x":491,"y":1360},{"x":386,"y":1222},{"x":333,"y":1093},{"x":352,"y":955},{"x":451,"y":824},{"x":667,"y":802},{"x":788,"y":786}]},{"usedWorldBlocks":[{"x":0,"y":1},{"x":1,"y":1},{"x":2,"y":1},{"x":3,"y":1},{"x":3,"y":2},{"x":4,"y":2},{"x":2,"y":2},{"x":1,"y":2},{"x":0,"y":2},{"x":6,"y":0},{"x":7,"y":0},{"x":7,"y":1},{"x":8,"y":1},{"x":8,"y":2},{"x":7,"y":2},{"x":6,"y":2},{"x":5,"y":2},{"x":5,"y":1},{"x":6,"y":1},{"x":9,"y":1},{"x":9,"y":2},{"x":11,"y":1},{"x":12,"y":1},{"x":13,"y":1},{"x":13,"y":2},{"x":12,"y":2},{"x":12,"y":3},{"x":11,"y":3},{"x":11,"y":2},{"x":21,"y":1},{"x":22,"y":1},{"x":22,"y":0},{"x":22,"y":2},{"x":21,"y":2},{"x":20,"y":2},{"x":20,"y":1},{"x":27,"y":1},{"x":28,"y":1},{"x":29,"y":1},{"x":29,"y":2},{"x":28,"y":2},{"x":27,"y":2},{"x":29,"y":3},{"x":28,"y":3},{"x":30,"y":1},{"x":31,"y":1},{"x":31,"y":2},{"x":30,"y":2}],"terrainTextureId":"polygon_terrain_dark_0","polygon":[{"x":3980,"y":826},{"x":4130,"y":826},{"x":4230,"y":951},{"x":4375,"y":954},{"x":4566,"y":930},{"x":4550,"y":1080},{"x":4503,"y":1188},{"x":4550,"y":1333},{"x":4363,"y":1327},{"x":4193,"y":1305},{"x":4003,"y":1267},{"x":3846,"y":1162},{"x":3964,"y":992}]},{"usedWorldBlocks":[{"x":0,"y":1},{"x":1,"y":1},{"x":2,"y":1},{"x":3,"y":1},{"x":3,"y":2},{"x":4,"y":2},{"x":2,"y":2},{"x":1,"y":2},{"x":0,"y":2},{"x":6,"y":0},{"x":7,"y":0},{"x":7,"y":1},{"x":8,"y":1},{"x":8,"y":2},{"x":7,"y":2},{"x":6,"y":2},{"x":5,"y":2},{"x":5,"y":1},{"x":6,"y":1},{"x":9,"y":1},{"x":9,"y":2},{"x":11,"y":1},{"x":12,"y":1},{"x":13,"y":1},{"x":13,"y":2},{"x":12,"y":2},{"x":12,"y":3},{"x":11,"y":3},{"x":11,"y":2},{"x":21,"y":1},{"x":22,"y":1},{"x":22,"y":0},{"x":22,"y":2},{"x":21,"y":2},{"x":20,"y":2},{"x":20,"y":1},{"x":27,"y":1},{"x":28,"y":1},{"x":29,"y":1},{"x":29,"y":2},{"x":28,"y":2},{"x":27,"y":2},{"x":29,"y":3},{"x":28,"y":3},{"x":30,"y":1},{"x":31,"y":1},{"x":31,"y":2},{"x":30,"y":2}],"terrainTextureId":"polygon_terrain_dark_0","polygon":[{"x":4064,"y":1379},{"x":4214,"y":1379},{"x":4469,"y":1400},{"x":4599,"y":1365},{"x":4598,"y":1503},{"x":4485,"y":1669},{"x":4257,"y":1685},{"x":4026,"y":1664}]}]],[[{"usedWorldBlocks":[{"x":0,"y":1},{"x":1,"y":1},{"x":2,"y":1},{"x":3,"y":1},{"x":3,"y":2},{"x":4,"y":2},{"x":2,"y":2},{"x":1,"y":2},{"x":0,"y":2},{"x":6,"y":0},{"x":7,"y":0},{"x":7,"y":1},{"x":8,"y":1},{"x":8,"y":2},{"x":7,"y":2},{"x":6,"y":2},{"x":5,"y":2},{"x":5,"y":1},{"x":6,"y":1},{"x":9,"y":1},{"x":9,"y":2},{"x":11,"y":1},{"x":12,"y":1},{"x":13,"y":1},{"x":13,"y":2},{"x":12,"y":2},{"x":12,"y":3},{"x":11,"y":3},{"x":11,"y":2},{"x":21,"y":1},{"x":22,"y":1},{"x":22,"y":0},{"x":22,"y":2},{"x":21,"y":2},{"x":20,"y":2},{"x":20,"y":1},{"x":27,"y":1},{"x":28,"y":1},{"x":29,"y":1},{"x":29,"y":2},{"x":28,"y":2},{"x":27,"y":2},{"x":29,"y":3},{"x":28,"y":3},{"x":30,"y":1},{"x":31,"y":1},{"x":31,"y":2},{"x":30,"y":2}],"terrainTextureId":"polygon_terrain_dark_0","polygon":[{"x":100,"y":915},{"x":250,"y":915},{"x":391,"y":866},{"x":543,"y":815},{"x":546,"y":929},{"x":638,"y":1126},{"x":529,"y":1196},{"x":305,"y":1316},{"x":113,"y":1371},{"x":137,"y":1229},{"x":93,"y":1068}]}]]],"dynamicElementData":null,"libraryElements":null,"enemyPathData":null,"starValues":[23050,24050,25050],"staticElementData":[{"position":{"x":1656,"y":540},"scaleX":1,"elementId":"table_direction","rotation":0,"scaleY":1},{"position":{"x":3123,"y":705},"scaleX":1,"elementId":"table_direction","rotation":59.97,"scaleY":1},{"position":{"x":2860,"y":695},"scaleX":0.99,"elementId":"table_warning","rotation":-11.68,"scaleY":0.99},{"position":{"x":3252,"y":522},"scaleX":0.98,"elementId":"table_warning","rotation":157.44,"scaleY":0.98},{"position":{"x":4025,"y":1042},"scaleX":0.99,"elementId":"table_warning","rotation":-17.95,"scaleY":0.99},{"position":{"x":4350,"y":818},"scaleX":0.98,"elementId":"table_direction","rotation":-15.02,"scaleY":0.98},{"position":{"x":4888,"y":1335},"scaleX":1,"elementId":"table_direction","rotation":0,"scaleY":1},{"position":{"x":4220,"y":1265},"scaleX":1,"elementId":"table_danger","rotation":47.36,"scaleY":1},{"position":{"x":5861,"y":1220},"scaleX":0.99,"elementId":"table_warning","rotation":-11,"scaleY":0.99},{"position":{"x":6257,"y":1242},"scaleX":0.99,"elementId":"table_direction","rotation":-12.79,"scaleY":0.99},{"position":{"x":6668,"y":484},"scaleX":0.99,"elementId":"table_direction","rotation":8.56,"scaleY":0.99},{"position":{"x":7743,"y":975},"scaleX":1,"elementId":"table_direction","rotation":0,"scaleY":1},{"position":{"x":7431,"y":1195},"scaleX":0.99,"elementId":"table_danger","rotation":22.88,"scaleY":0.99},{"position":{"x":9861,"y":382},"scaleX":1,"elementId":"table_warning","rotation":0,"scaleY":1},{"position":{"x":9980,"y":729},"scaleX":1,"elementId":"table_danger","rotation":119.9,"scaleY":1},{"position":{"x":10778,"y":515},"scaleX":0.99,"elementId":"table_direction","rotation":23.97,"scaleY":0.99},{"position":{"x":10449,"y":1090},"scaleX":1,"elementId":"table_direction","rotation":53.83,"scaleY":1},{"position":{"x":11005,"y":367},"scaleX":1,"elementId":"table_warning","rotation":-44.36,"scaleY":1},{"position":{"x":13698,"y":694},"scaleX":1,"elementId":"table_direction","rotation":46.96,"scaleY":1},{"position":{"x":14490,"y":719},"scaleX":0.99,"elementId":"table_direction","rotation":23.33,"scaleY":0.99},{"position":{"x":13955,"y":1105},"scaleX":0.99,"elementId":"table_direction","rotation":13.9,"scaleY":0.99},{"position":{"x":13640,"y":1288},"scaleX":0.99,"elementId":"table_danger","rotation":54.38,"scaleY":0.99},{"position":{"x":15532,"y":714},"scaleX":0.99,"elementId":"table_direction","rotation":11.42,"scaleY":0.99},{"position":{"x":15893,"y":1089},"scaleX":0.99,"elementId":"table_direction","rotation":15.13,"scaleY":0.99},{"position":{"x":15548,"y":1025},"scaleX":1,"elementId":"table_warning","rotation":-21.69,"scaleY":1},{"position":{"x":17114,"y":1031},"scaleX":1,"elementId":"table_warning","rotation":0,"scaleY":1}],"worldId":0,"cameraBounds":{"x":0,"y":0,"width":20000,"height":1627,"left":0,"bottom":1627,"right":20000,"top":0,"topLeft":{"x":0,"y":0,"length":0},"size":{"x":20000,"y":1627,"length":20066.069096861},"bottomRight":{"x":20000,"y":1627,"length":20066.069096861}}}