<?xml version="1.0" encoding="utf-8" ?>
<TextureAtlas imagePath="atlas3.png">
	<SubTexture name="wheel_holder" x="260" y="90" width="56" height="9"/>
	<SubTexture name="spring" x="260" y="105" width="59" height="17"/>
	<SubTexture name="car_body_0" x="5" y="5" width="250" height="123"/>
	<SubTexture name="car_body_1" x="280" y="485" width="250" height="126"/>
	<SubTexture name="car_body_2" x="5" y="485" width="250" height="123"/>
	<SubTexture name="car_body_3" x="1340" y="290" width="250" height="123"/>
	<SubTexture name="car_body_4" x="1610" y="290" width="250" height="123"/>
	<SubTexture name="car_body_5" x="1340" y="430" width="250" height="123"/>
	<SubTexture name="car_body_6" x="1610" y="430" width="250" height="123"/>
	<SubTexture name="car_body_7" x="715" y="490" width="250" height="123"/>
	<SubTexture name="car_body_8" x="980" y="490" width="250" height="123"/>
	<SubTexture name="wheel_0" x="260" y="5" width="80" height="80"/>
	<SubTexture name="wheel_1" x="540" y="465" width="80" height="80"/>
	<SubTexture name="wheel_2" x="630" y="465" width="80" height="80"/>
	<SubTexture name="wheel_3" x="1755" y="160" width="80" height="80"/>
	<SubTexture name="wheel_4" x="1840" y="160" width="80" height="80"/>
	<SubTexture name="wheel_5" x="1925" y="160" width="80" height="80"/>
	<SubTexture name="wheel_6" x="1890" y="310" width="80" height="80"/>
	<SubTexture name="wheel_7" x="1890" y="400" width="80" height="80"/>
	<SubTexture name="wheel_8" x="1890" y="490" width="80" height="80"/>
	<SubTexture name="car_fog" x="345" y="5" width="31" height="25"/>
	<SubTexture name="small_rock_0_1" x="345" y="35" width="9" height="11"/>
	<SubTexture name="small_rock_0_2" x="345" y="50" width="7" height="5"/>
	<SubTexture name="coin0000" x="385" y="5" width="35" height="35"/>
	<SubTexture name="coin0001" x="425" y="5" width="35" height="35"/>
	<SubTexture name="coin0002" x="465" y="5" width="35" height="35"/>
	<SubTexture name="coin0003" x="505" y="5" width="35" height="35"/>
	<SubTexture name="coin_pick_up_effect" x="500" y="75" width="15" height="15"/>
	<SubTexture name="bridge" x="345" y="70" width="71" height="23"/>
	<SubTexture name="gui_coin_back" x="710" y="5" width="137" height="50"/>
	<SubTexture name="gui_coin_back_max" x="345" y="165" width="161" height="74"/>
	<SubTexture name="gui_time_back" x="860" y="5" width="137" height="50"/>
	<SubTexture name="gui_frontflip_back" x="540" y="145" width="107" height="50"/>
	<SubTexture name="gui_backflip_back" x="660" y="145" width="107" height="50"/>
	<SubTexture name="gui_wheelie_back" x="780" y="145" width="107" height="50"/>
	<SubTexture name="pause_button" x="710" y="60" width="75" height="75"/>
	<SubTexture name="pause_button_over" x="790" y="60" width="75" height="75"/>
	<SubTexture name="large_resume_button" x="1005" y="5" width="100" height="100"/>
	<SubTexture name="large_resume_button_over" x="1005" y="110" width="100" height="100"/>
	<SubTexture name="large_restart_button" x="1115" y="5" width="100" height="100"/>
	<SubTexture name="large_restart_button_over" x="1115" y="110" width="100" height="100"/>
	<SubTexture name="large_exit_button" x="1225" y="5" width="100" height="100"/>
	<SubTexture name="large_exit_button_over" x="1225" y="110" width="100" height="100"/>
	<SubTexture name="base_button" x="345" y="105" width="190" height="55"/>
	<SubTexture name="notification_front_flip" x="5" y="140" width="175" height="37"/>
	<SubTexture name="notification_back_flip" x="5" y="190" width="161" height="36"/>
	<SubTexture name="notification_nice_wheelie" x="5" y="240" width="155" height="33"/>
	<SubTexture name="effect_crushed" x="190" y="130" width="147" height="42"/>
	<SubTexture name="effect_time_out" x="190" y="175" width="151" height="42"/>
	<SubTexture name="effect_level_completed" x="190" y="220" width="142" height="42"/>
	<SubTexture name="control_left" x="1340" y="5" width="150" height="150"/>
	<SubTexture name="control_right" x="1500" y="5" width="150" height="150"/>
	<SubTexture name="control_down" x="1660" y="5" width="150" height="150"/>
	<SubTexture name="control_up" x="1820" y="5" width="150" height="150"/>
	<SubTexture name="counter_0" x="5" y="290" width="165" height="174"/>
	<SubTexture name="counter_1" x="175" y="290" width="128" height="174"/>
	<SubTexture name="counter_2" x="310" y="290" width="109" height="174"/>
	<SubTexture name="level_star" x="580" y="205" width="35" height="35"/>
	<SubTexture name="level_star_reached" x="540" y="205" width="35" height="35"/>
	<SubTexture name="level_star_reached" x="540" y="205" width="35" height="35"/>
	<SubTexture name="level_button_base" x="440" y="265" width="180" height="179"/>
	<SubTexture name="level_button_locked" x="640" y="265" width="180" height="179"/>
	<SubTexture name="level_button_star_back" x="640" y="205" width="157" height="46"/>
	<SubTexture name="car_preview_back" x="830" y="355" width="333" height="128"/>
	<SubTexture name="car_preview_back_selected" x="830" y="220" width="333" height="128"/>
	<SubTexture name="car_preview_0" x="1170" y="260" width="140" height="88"/>
	<SubTexture name="car_preview_1" x="1170" y="362" width="141" height="90"/>
	<SubTexture name="car_preview_2" x="1340" y="165" width="141" height="86"/>
	<SubTexture name="upgrade_button" x="1170" y="225" width="136" height="28"/>
	<SubTexture name="coin_small" x="925" y="65" width="20" height="20"/>
	<SubTexture name="table_warning" x="1500" y="160" width="51" height="80"/>
	<SubTexture name="table_direction" x="1585" y="160" width="51" height="80"/>
	<SubTexture name="table_danger" x="1670" y="160" width="51" height="80"/>
	<SubTexture name="table_help_a" x="1345" y="570" width="100" height="100"/>
	<SubTexture name="table_help_b" x="1455" y="570" width="100" height="100"/>
	<SubTexture name="table_help_c" x="1565" y="570" width="100" height="100"/>
	<SubTexture name="table_help_d" x="1675" y="570" width="100" height="100"/>
	<SubTexture name="finish_table" x="620" y="5" width="51" height="80"/>
	<SubTexture name="race_position_back" x="1875" y="250" width="125" height="47"/>
	<SubTexture name="warning_icon" x="875" y="65" width="42" height="42"/>
	<SubTexture name="flag_0" x="420" y="50" width="28" height="45"/>
	<SubTexture name="flag_1" x="455" y="50" width="28" height="45"/>
	<SubTexture name="break_light" x="490" y="80" width="6" height="18"/>
	<SubTexture name="back_world_2_b0000" x="5" y="630" width="284" height="550"/>
	<SubTexture name="back_world_2_b0001" x="289" y="630" width="284" height="550"/>
	<SubTexture name="back_world_2_b0002" x="573" y="630" width="284" height="550"/>
	<SubTexture name="back_world_2_b0003" x="857" y="630" width="284" height="550"/>
	<SubTexture name="back_world_2_c0000" x="5" y="1185" width="284" height="486"/>
	<SubTexture name="back_world_2_c0001" x="289" y="1185" width="284" height="486"/>
	<SubTexture name="back_world_2_c0002" x="573" y="1185" width="284" height="486"/>
	<SubTexture name="back_world_2_c0003" x="857" y="1185" width="284" height="486"/>
	<SubTexture name="back_world_2_d0000" x="5" y="1675" width="284" height="357"/>
	<SubTexture name="back_world_2_d0001" x="289" y="1675" width="284" height="357"/>
	<SubTexture name="back_world_2_d0002" x="573" y="1675" width="284" height="357"/>
	<SubTexture name="back_world_2_d0003" x="857" y="1675" width="284" height="357"/>
	<SubTexture name="youtube_level_help_button" x="1150" y="630" width="190" height="55"/>
	<SubTexture name="youtube_level_help_button_over" x="1150" y="690" width="190" height="55"/>
</TextureAtlas>