{
	"frames": {
		"terrain_fill_texture_00000":
		{
			"frame": {"x":5,"y":5,"w":100,"h":100},
			"rotated": false,
			"trimmed": false,
			"spriteSourceSize": {"x":0,"y":0,"w":100,"h":100},
			"sourceSize": {"w":100,"h":100}
		},
		"terrain_fill_texture_10000":
		{
			"frame": {"x":110,"y":5,"w":100,"h":100},
			"rotated": false,
			"trimmed": false,
			"spriteSourceSize": {"x":0,"y":0,"w":100,"h":100},
			"sourceSize": {"w":100,"h":100}
		},
		"terrain_fill_texture_20000":
		{
			"frame": {"x":215,"y":5,"w":100,"h":100},
			"rotated": false,
			"trimmed": false,
			"spriteSourceSize": {"x":0,"y":0,"w":100,"h":100},
			"sourceSize": {"w":100,"h":100}
		},
		"terrain_ground_texture_00000":
		{
			"frame": {"x":5,"y":110,"w":127,"h":30},
			"rotated": false,
			"trimmed": false,
			"spriteSourceSize": {"x":0,"y":10,"w":127,"h":40},
			"sourceSize": {"w":127,"h":40}
		},
		"terrain_ground_texture_10000":
		{
			"frame": {"x":135,"y":110,"w":127,"h":30},
			"rotated": false,
			"trimmed": false,
			"spriteSourceSize": {"x":0,"y":10,"w":127,"h":40},
			"sourceSize": {"w":127,"h":40}
		},
		"terrain_ground_texture_20000":
		{
			"frame": {"x":265,"y":110,"w":127,"h":30},
			"rotated": false,
			"trimmed": false,
			"spriteSourceSize": {"x":0,"y":10,"w":127,"h":40},
			"sourceSize": {"w":127,"h":40}
		},
		"terrain_fill_texture_dark_00000":
		{
			"frame": {"x":5,"y":145,"w":100,"h":100},
			"rotated": false,
			"trimmed": false,
			"spriteSourceSize": {"x":0,"y":0,"w":100,"h":100},
			"sourceSize": {"w":100,"h":100}
		},
		"terrain_fill_texture_dark_10000":
		{
			"frame": {"x":110,"y":145,"w":100,"h":100},
			"rotated": false,
			"trimmed": false,
			"spriteSourceSize": {"x":0,"y":0,"w":100,"h":100},
			"sourceSize": {"w":100,"h":100}
		},
		"terrain_fill_texture_dark_20000":
		{
			"frame": {"x":215,"y":145,"w":100,"h":100},
			"rotated": false,
			"trimmed": false,
			"spriteSourceSize": {"x":0,"y":0,"w":100,"h":100},
			"sourceSize": {"w":100,"h":100}
		}
	}
}