{
	"carDatas":[
		{
			"name": "Player car 1",
			"id": 0,
			"graphicId": 0,
			"starRequired": 0,
			"price": 		[0, 	100, 	150, 	200, 	250,	300],
			"speed": 		[15, 	16, 	16, 	17, 	18,		19],
			"rotation": 	[2500, 	2500, 	2650, 	2700, 	2750,	2800],
			"elasticity": 	[0.7, 	0.65, 	0.6, 	0.6, 	0.55,	0.55],
			"firstWheelXOffset": 36,
			"firstWheelYOffset": 25,
			"backWheelXOffset": -12,
			"backWheelYOffset": 25,
			"flagGraphic": "flag_0"
		},
		{
			"name": "Player car 2",
			"id": 1,
			"graphicId": 1,
			"starRequired": 0,
			"price": 		[0, 	500, 	200, 	250, 	300, 	350],
			"speed": 		[18, 	18, 	19, 	19, 	20, 	21],
			"rotation": 	[2725, 	2725, 	2775, 	2825, 	2900, 	2900],
			"elasticity": 	[0.6, 	0.6, 	0.55, 	0.50, 	0.5, 	0.45],
			"firstWheelXOffset": 36,
			"firstWheelYOffset": 25,
			"backWheelXOffset": -12,
			"backWheelYOffset": 25
		},
		{
			"name": "Player car 3",
			"id": 2,
			"graphicId": 2,
			"starRequired": 0,
			"price": 		[0,		1000, 	250, 	300, 	350, 	400],
			"speed": 		[19, 	19, 	19, 	20, 	21, 	22],
			"rotation": 	[2925, 	2925, 	3000, 	3000, 	3050, 	3100],
			"elasticity": 	[0.5, 	0.5, 	0.45, 	0.4, 	0.35, 	0.3],
			"firstWheelXOffset": 36,
			"firstWheelYOffset": 25,
			"backWheelXOffset": -12,
			"backWheelYOffset": 25,
			"flagGraphic": "flag_1"
		},
		{
			"name": "Enemy car 1",
			"id": 3,
			"graphicId": 3,
			"starRequired": 0,
			"price": 		[],
			"speed": 		[],
			"rotation": 	[],
			"elasticity": 	[],
			"firstWheelXOffset": 0,
			"firstWheelYOffset": 0,
			"backWheelXOffset": -0,
			"backWheelYOffset": 0
		},
		{
			"name": "Enemy car 2",
			"id": 4,
			"graphicId": 4,
			"starRequired": 0,
			"price": 		[],
			"speed": 		[],
			"rotation": 	[],
			"elasticity": 	[],
			"firstWheelXOffset": 0,
			"firstWheelYOffset": 0,
			"backWheelXOffset": -0,
			"backWheelYOffset": 0
		},
		{
			"name": "Enemy car 3",
			"id": 5,
			"graphicId": 5,
			"starRequired": 0,
			"price": 		[],
			"speed": 		[],
			"rotation": 	[],
			"elasticity": 	[],
			"firstWheelXOffset": 0,
			"firstWheelYOffset": 0,
			"backWheelXOffset": -0,
			"backWheelYOffset": 0
		},
		{
			"name": "Enemy car 4",
			"id": 6,
			"graphicId": 6,
			"starRequired": 0,
			"price": 		[],
			"speed": 		[],
			"rotation": 	[],
			"elasticity": 	[],
			"firstWheelXOffset": 0,
			"firstWheelYOffset": 0,
			"backWheelXOffset": -0,
			"backWheelYOffset": 0
		},
		{
			"name": "Enemy car 5",
			"id": 7,
			"graphicId": 7,
			"starRequired": 0,
			"price": 		[],
			"speed": 		[],
			"rotation": 	[],
			"elasticity": 	[],
			"firstWheelXOffset": 0,
			"firstWheelYOffset": 0,
			"backWheelXOffset": -0,
			"backWheelYOffset": 0
		},
		{
			"name": "Enemy car 6",
			"id": 8,
			"graphicId": 8,
			"starRequired": 0,
			"price": 		[],
			"speed": 		[],
			"rotation": 	[],
			"elasticity": 	[],
			"firstWheelXOffset": 0,
			"firstWheelYOffset": 0,
			"backWheelXOffset": -0,
			"backWheelYOffset": 0
		}
	]
}