{"startPoint":{"x":1364,"y":1647},"finishPoint":{"x":19334.8,"y":541.5},"collectableItems":[{"x":1814,"y":1610},{"x":1874,"y":1571},{"x":1918,"y":1522},{"x":1957,"y":1464},{"x":5445,"y":1030},{"x":5444,"y":977},{"x":5501,"y":977},{"x":5500,"y":1033},{"x":6780,"y":984},{"x":6843,"y":968},{"x":6906,"y":991},{"x":7354,"y":938},{"x":7451,"y":938},{"x":7401,"y":887},{"x":8710,"y":943},{"x":8759,"y":980},{"x":8810,"y":1023},{"x":10929,"y":1048},{"x":10930,"y":997},{"x":10928,"y":1100},{"x":12650,"y":921},{"x":12754,"y":919},{"x":12698,"y":870},{"x":12704,"y":969},{"x":13337,"y":1164},{"x":13301,"y":1118},{"x":13339,"y":1075},{"x":13396,"y":1092},{"x":13394,"y":1147},{"x":16218,"y":707},{"x":16281,"y":698},{"x":16357,"y":706},{"x":16429,"y":744},{"x":16487,"y":791},{"x":17744,"y":588}],"cameraBounds":{"x":0,"y":0,"width":20000,"height":2000,"left":0,"bottom":2000,"right":20000,"top":0,"topLeft":{"x":0,"y":0,"length":0},"size":{"x":20000,"y":2000,"length":20099.751242241782},"bottomRight":{"x":20000,"y":2000,"length":20099.751242241782}},"dynamicElementData":null,"bridgePoints":[{"bridgeAY":1344,"bridgeBX":4102,"bridgeAX":3643,"bridgeBY":1204},{"bridgeAY":1033,"bridgeBX":5113,"bridgeAX":4575,"bridgeBY":1073},{"bridgeAY":1297,"bridgeBX":10150,"bridgeAX":9670,"bridgeBY":1302},{"bridgeAY":1168,"bridgeBX":15218,"bridgeAX":14811,"bridgeBY":1067}],"starValues":[22600,23600,24600],"polygonGroundData":[[[{"usedWorldBlocks":[{"x":0,"y":3},{"x":0,"y":2},{"x":0,"y":1},{"x":1,"y":1},{"x":2,"y":1},{"x":3,"y":1},{"x":3,"y":2},{"x":2,"y":2},{"x":1,"y":2},{"x":1,"y":3},{"x":2,"y":3},{"x":3,"y":3},{"x":4,"y":2},{"x":4,"y":3},{"x":5,"y":3},{"x":6,"y":3},{"x":6,"y":2},{"x":7,"y":2},{"x":7,"y":3},{"x":6,"y":4},{"x":5,"y":4},{"x":4,"y":4},{"x":3,"y":4},{"x":2,"y":4},{"x":1,"y":4},{"x":0,"y":4},{"x":8,"y":2},{"x":9,"y":2},{"x":8,"y":3},{"x":9,"y":4},{"x":8,"y":4},{"x":10,"y":2},{"x":10,"y":3},{"x":10,"y":4},{"x":11,"y":2},{"x":12,"y":2},{"x":13,"y":2},{"x":13,"y":3},{"x":13,"y":4},{"x":12,"y":4},{"x":12,"y":3},{"x":11,"y":3},{"x":11,"y":4},{"x":14,"y":2},{"x":14,"y":3},{"x":14,"y":4},{"x":15,"y":2},{"x":15,"y":1},{"x":16,"y":2},{"x":16,"y":1},{"x":17,"y":1},{"x":17,"y":2},{"x":16,"y":3},{"x":16,"y":4},{"x":15,"y":4},{"x":15,"y":3},{"x":18,"y":2},{"x":19,"y":2},{"x":18,"y":3},{"x":19,"y":3},{"x":19,"y":4},{"x":18,"y":4},{"x":17,"y":4},{"x":17,"y":3},{"x":18,"y":1},{"x":19,"y":1},{"x":10,"y":1},{"x":11,"y":1},{"x":12,"y":1},{"x":13,"y":1},{"x":20,"y":1},{"x":21,"y":1},{"x":20,"y":2},{"x":21,"y":2},{"x":21,"y":3},{"x":21,"y":4},{"x":20,"y":4},{"x":20,"y":3},{"x":22,"y":2},{"x":22,"y":1},{"x":23,"y":2},{"x":23,"y":1},{"x":24,"y":1},{"x":25,"y":1},{"x":25,"y":2},{"x":26,"y":2},{"x":25,"y":3},{"x":25,"y":4},{"x":24,"y":2},{"x":23,"y":3},{"x":22,"y":3},{"x":22,"y":4},{"x":27,"y":2},{"x":28,"y":2},{"x":29,"y":2},{"x":29,"y":3},{"x":29,"y":4},{"x":28,"y":3},{"x":28,"y":4},{"x":27,"y":3},{"x":27,"y":4},{"x":26,"y":4},{"x":26,"y":3},{"x":27,"y":1},{"x":28,"y":1},{"x":29,"y":1},{"x":26,"y":1},{"x":24,"y":0},{"x":25,"y":0},{"x":26,"y":0},{"x":30,"y":2},{"x":30,"y":1},{"x":31,"y":1},{"x":32,"y":1},{"x":32,"y":2},{"x":33,"y":1},{"x":34,"y":1},{"x":35,"y":1},{"x":35,"y":2},{"x":34,"y":2},{"x":34,"y":3},{"x":34,"y":4},{"x":33,"y":3},{"x":33,"y":2},{"x":31,"y":2},{"x":31,"y":3},{"x":30,"y":3},{"x":31,"y":4},{"x":30,"y":4},{"x":36,"y":1},{"x":37,"y":1},{"x":37,"y":0},{"x":38,"y":0},{"x":37,"y":2},{"x":36,"y":2},{"x":36,"y":3},{"x":36,"y":4},{"x":38,"y":1},{"x":39,"y":1},{"x":40,"y":1},{"x":40,"y":2},{"x":39,"y":2},{"x":30,"y":0},{"x":31,"y":0},{"x":32,"y":0},{"x":33,"y":0},{"x":34,"y":0},{"x":35,"y":0},{"x":36,"y":0}],"terrainTextureId":"polygon_terrain_1","polygon":[{"x":51,"y":1592},{"x":71,"y":1443},{"x":87,"y":1220},{"x":84,"y":1063},{"x":118,"y":943},{"x":251,"y":882},{"x":460,"y":936},{"x":612,"y":876},{"x":777,"y":950},{"x":944,"y":885},{"x":1222,"y":931},{"x":1377,"y":929},{"x":1587,"y":874},{"x":1558,"y":1021},{"x":1514,"y":1237},{"x":1395,"y":1386},{"x":1213,"y":1292},{"x":1143,"y":1394},{"x":882,"y":1289},{"x":725,"y":1447},{"x":625,"y":1356},{"x":478,"y":1299},{"x":278,"y":1379},{"x":206,"y":1553},{"x":232,"y":1667},{"x":343,"y":1723},{"x":493,"y":1723},{"x":643,"y":1723},{"x":793,"y":1723},{"x":943,"y":1723},{"x":1093,"y":1723},{"x":1243,"y":1723},{"x":1393,"y":1723},{"x":1542,"y":1723},{"x":1697,"y":1724},{"x":1868,"y":1682},{"x":1968,"y":1603},{"x":2060,"y":1491},{"x":2154,"y":1450},{"x":2337,"y":1601},{"x":2398,"y":1738},{"x":2551,"y":1781},{"x":2698,"y":1757},{"x":2829,"y":1678},{"x":3080,"y":1599},{"x":3183,"y":1462},{"x":3285,"y":1400},{"x":3411,"y":1408},{"x":3617,"y":1335},{"x":3657,"y":1379},{"x":3594,"y":1515},{"x":3523,"y":1665},{"x":3382,"y":1715},{"x":3291,"y":1827},{"x":3241,"y":2030},{"x":3097,"y":2028},{"x":2998,"y":1881},{"x":2739,"y":1865},{"x":2536,"y":2042},{"x":2404,"y":2034},{"x":2310,"y":1797},{"x":2057,"y":1755},{"x":1869,"y":1870},{"x":1745,"y":2032},{"x":1603,"y":2032},{"x":1476,"y":2034},{"x":1319,"y":2026},{"x":1149,"y":2023},{"x":966,"y":2031},{"x":801,"y":2017},{"x":639,"y":2031},{"x":453,"y":2022},{"x":238,"y":2028},{"x":110,"y":1902},{"x":79,"y":1739}]},{"usedWorldBlocks":[{"x":0,"y":3},{"x":0,"y":2},{"x":0,"y":1},{"x":1,"y":1},{"x":2,"y":1},{"x":3,"y":1},{"x":3,"y":2},{"x":2,"y":2},{"x":1,"y":2},{"x":1,"y":3},{"x":2,"y":3},{"x":3,"y":3},{"x":4,"y":2},{"x":4,"y":3},{"x":5,"y":3},{"x":6,"y":3},{"x":6,"y":2},{"x":7,"y":2},{"x":7,"y":3},{"x":6,"y":4},{"x":5,"y":4},{"x":4,"y":4},{"x":3,"y":4},{"x":2,"y":4},{"x":1,"y":4},{"x":0,"y":4},{"x":8,"y":2},{"x":9,"y":2},{"x":8,"y":3},{"x":9,"y":4},{"x":8,"y":4},{"x":10,"y":2},{"x":10,"y":3},{"x":10,"y":4},{"x":11,"y":2},{"x":12,"y":2},{"x":13,"y":2},{"x":13,"y":3},{"x":13,"y":4},{"x":12,"y":4},{"x":12,"y":3},{"x":11,"y":3},{"x":11,"y":4},{"x":14,"y":2},{"x":14,"y":3},{"x":14,"y":4},{"x":15,"y":2},{"x":15,"y":1},{"x":16,"y":2},{"x":16,"y":1},{"x":17,"y":1},{"x":17,"y":2},{"x":16,"y":3},{"x":16,"y":4},{"x":15,"y":4},{"x":15,"y":3},{"x":18,"y":2},{"x":19,"y":2},{"x":18,"y":3},{"x":19,"y":3},{"x":19,"y":4},{"x":18,"y":4},{"x":17,"y":4},{"x":17,"y":3},{"x":18,"y":1},{"x":19,"y":1},{"x":10,"y":1},{"x":11,"y":1},{"x":12,"y":1},{"x":13,"y":1},{"x":20,"y":1},{"x":21,"y":1},{"x":20,"y":2},{"x":21,"y":2},{"x":21,"y":3},{"x":21,"y":4},{"x":20,"y":4},{"x":20,"y":3},{"x":22,"y":2},{"x":22,"y":1},{"x":23,"y":2},{"x":23,"y":1},{"x":24,"y":1},{"x":25,"y":1},{"x":25,"y":2},{"x":26,"y":2},{"x":25,"y":3},{"x":25,"y":4},{"x":24,"y":2},{"x":23,"y":3},{"x":22,"y":3},{"x":22,"y":4},{"x":27,"y":2},{"x":28,"y":2},{"x":29,"y":2},{"x":29,"y":3},{"x":29,"y":4},{"x":28,"y":3},{"x":28,"y":4},{"x":27,"y":3},{"x":27,"y":4},{"x":26,"y":4},{"x":26,"y":3},{"x":27,"y":1},{"x":28,"y":1},{"x":29,"y":1},{"x":26,"y":1},{"x":24,"y":0},{"x":25,"y":0},{"x":26,"y":0},{"x":30,"y":2},{"x":30,"y":1},{"x":31,"y":1},{"x":32,"y":1},{"x":32,"y":2},{"x":33,"y":1},{"x":34,"y":1},{"x":35,"y":1},{"x":35,"y":2},{"x":34,"y":2},{"x":34,"y":3},{"x":34,"y":4},{"x":33,"y":3},{"x":33,"y":2},{"x":31,"y":2},{"x":31,"y":3},{"x":30,"y":3},{"x":31,"y":4},{"x":30,"y":4},{"x":36,"y":1},{"x":37,"y":1},{"x":37,"y":0},{"x":38,"y":0},{"x":37,"y":2},{"x":36,"y":2},{"x":36,"y":3},{"x":36,"y":4},{"x":38,"y":1},{"x":39,"y":1},{"x":40,"y":1},{"x":40,"y":2},{"x":39,"y":2},{"x":30,"y":0},{"x":31,"y":0},{"x":32,"y":0},{"x":33,"y":0},{"x":34,"y":0},{"x":35,"y":0},{"x":36,"y":0}],"terrainTextureId":"polygon_terrain_1","polygon":[{"x":4087,"y":1241},{"x":4142,"y":1180},{"x":4350,"y":1098},{"x":4527,"y":1025},{"x":4628,"y":1086},{"x":4504,"y":1267},{"x":4394,"y":1401},{"x":4493,"y":1627},{"x":4496,"y":1785},{"x":4633,"y":2019},{"x":4495,"y":2039},{"x":4240,"y":2051},{"x":4098,"y":2029},{"x":4138,"y":1885},{"x":4180,"y":1736},{"x":4097,"y":1624},{"x":4035,"y":1438}]}]],[[{"usedWorldBlocks":[{"x":0,"y":3},{"x":0,"y":2},{"x":0,"y":1},{"x":1,"y":1},{"x":2,"y":1},{"x":3,"y":1},{"x":3,"y":2},{"x":2,"y":2},{"x":1,"y":2},{"x":1,"y":3},{"x":2,"y":3},{"x":3,"y":3},{"x":4,"y":2},{"x":4,"y":3},{"x":5,"y":3},{"x":6,"y":3},{"x":6,"y":2},{"x":7,"y":2},{"x":7,"y":3},{"x":6,"y":4},{"x":5,"y":4},{"x":4,"y":4},{"x":3,"y":4},{"x":2,"y":4},{"x":1,"y":4},{"x":0,"y":4},{"x":8,"y":2},{"x":9,"y":2},{"x":8,"y":3},{"x":9,"y":4},{"x":8,"y":4},{"x":10,"y":2},{"x":10,"y":3},{"x":10,"y":4},{"x":11,"y":2},{"x":12,"y":2},{"x":13,"y":2},{"x":13,"y":3},{"x":13,"y":4},{"x":12,"y":4},{"x":12,"y":3},{"x":11,"y":3},{"x":11,"y":4},{"x":14,"y":2},{"x":14,"y":3},{"x":14,"y":4},{"x":15,"y":2},{"x":15,"y":1},{"x":16,"y":2},{"x":16,"y":1},{"x":17,"y":1},{"x":17,"y":2},{"x":16,"y":3},{"x":16,"y":4},{"x":15,"y":4},{"x":15,"y":3},{"x":18,"y":2},{"x":19,"y":2},{"x":18,"y":3},{"x":19,"y":3},{"x":19,"y":4},{"x":18,"y":4},{"x":17,"y":4},{"x":17,"y":3},{"x":18,"y":1},{"x":19,"y":1},{"x":10,"y":1},{"x":11,"y":1},{"x":12,"y":1},{"x":13,"y":1},{"x":20,"y":1},{"x":21,"y":1},{"x":20,"y":2},{"x":21,"y":2},{"x":21,"y":3},{"x":21,"y":4},{"x":20,"y":4},{"x":20,"y":3},{"x":22,"y":2},{"x":22,"y":1},{"x":23,"y":2},{"x":23,"y":1},{"x":24,"y":1},{"x":25,"y":1},{"x":25,"y":2},{"x":26,"y":2},{"x":25,"y":3},{"x":25,"y":4},{"x":24,"y":2},{"x":23,"y":3},{"x":22,"y":3},{"x":22,"y":4},{"x":27,"y":2},{"x":28,"y":2},{"x":29,"y":2},{"x":29,"y":3},{"x":29,"y":4},{"x":28,"y":3},{"x":28,"y":4},{"x":27,"y":3},{"x":27,"y":4},{"x":26,"y":4},{"x":26,"y":3},{"x":27,"y":1},{"x":28,"y":1},{"x":29,"y":1},{"x":26,"y":1},{"x":24,"y":0},{"x":25,"y":0},{"x":26,"y":0},{"x":30,"y":2},{"x":30,"y":1},{"x":31,"y":1},{"x":32,"y":1},{"x":32,"y":2},{"x":33,"y":1},{"x":34,"y":1},{"x":35,"y":1},{"x":35,"y":2},{"x":34,"y":2},{"x":34,"y":3},{"x":34,"y":4},{"x":33,"y":3},{"x":33,"y":2},{"x":31,"y":2},{"x":31,"y":3},{"x":30,"y":3},{"x":31,"y":4},{"x":30,"y":4},{"x":36,"y":1},{"x":37,"y":1},{"x":37,"y":0},{"x":38,"y":0},{"x":37,"y":2},{"x":36,"y":2},{"x":36,"y":3},{"x":36,"y":4},{"x":38,"y":1},{"x":39,"y":1},{"x":40,"y":1},{"x":40,"y":2},{"x":39,"y":2},{"x":30,"y":0},{"x":31,"y":0},{"x":32,"y":0},{"x":33,"y":0},{"x":34,"y":0},{"x":35,"y":0},{"x":36,"y":0}],"terrainTextureId":"polygon_terrain_1","polygon":[{"x":142,"y":1268},{"x":106,"y":1101},{"x":164,"y":1060},{"x":353,"y":1077},{"x":353,"y":1248},{"x":249,"y":1427},{"x":257,"y":1638},{"x":314,"y":1777},{"x":421,"y":2038},{"x":240,"y":2029},{"x":100,"y":2023},{"x":84,"y":1873},{"x":65,"y":1695},{"x":115,"y":1415}]},{"usedWorldBlocks":[{"x":0,"y":3},{"x":0,"y":2},{"x":0,"y":1},{"x":1,"y":1},{"x":2,"y":1},{"x":3,"y":1},{"x":3,"y":2},{"x":2,"y":2},{"x":1,"y":2},{"x":1,"y":3},{"x":2,"y":3},{"x":3,"y":3},{"x":4,"y":2},{"x":4,"y":3},{"x":5,"y":3},{"x":6,"y":3},{"x":6,"y":2},{"x":7,"y":2},{"x":7,"y":3},{"x":6,"y":4},{"x":5,"y":4},{"x":4,"y":4},{"x":3,"y":4},{"x":2,"y":4},{"x":1,"y":4},{"x":0,"y":4},{"x":8,"y":2},{"x":9,"y":2},{"x":8,"y":3},{"x":9,"y":4},{"x":8,"y":4},{"x":10,"y":2},{"x":10,"y":3},{"x":10,"y":4},{"x":11,"y":2},{"x":12,"y":2},{"x":13,"y":2},{"x":13,"y":3},{"x":13,"y":4},{"x":12,"y":4},{"x":12,"y":3},{"x":11,"y":3},{"x":11,"y":4},{"x":14,"y":2},{"x":14,"y":3},{"x":14,"y":4},{"x":15,"y":2},{"x":15,"y":1},{"x":16,"y":2},{"x":16,"y":1},{"x":17,"y":1},{"x":17,"y":2},{"x":16,"y":3},{"x":16,"y":4},{"x":15,"y":4},{"x":15,"y":3},{"x":18,"y":2},{"x":19,"y":2},{"x":18,"y":3},{"x":19,"y":3},{"x":19,"y":4},{"x":18,"y":4},{"x":17,"y":4},{"x":17,"y":3},{"x":18,"y":1},{"x":19,"y":1},{"x":10,"y":1},{"x":11,"y":1},{"x":12,"y":1},{"x":13,"y":1},{"x":20,"y":1},{"x":21,"y":1},{"x":20,"y":2},{"x":21,"y":2},{"x":21,"y":3},{"x":21,"y":4},{"x":20,"y":4},{"x":20,"y":3},{"x":22,"y":2},{"x":22,"y":1},{"x":23,"y":2},{"x":23,"y":1},{"x":24,"y":1},{"x":25,"y":1},{"x":25,"y":2},{"x":26,"y":2},{"x":25,"y":3},{"x":25,"y":4},{"x":24,"y":2},{"x":23,"y":3},{"x":22,"y":3},{"x":22,"y":4},{"x":27,"y":2},{"x":28,"y":2},{"x":29,"y":2},{"x":29,"y":3},{"x":29,"y":4},{"x":28,"y":3},{"x":28,"y":4},{"x":27,"y":3},{"x":27,"y":4},{"x":26,"y":4},{"x":26,"y":3},{"x":27,"y":1},{"x":28,"y":1},{"x":29,"y":1},{"x":26,"y":1},{"x":24,"y":0},{"x":25,"y":0},{"x":26,"y":0},{"x":30,"y":2},{"x":30,"y":1},{"x":31,"y":1},{"x":32,"y":1},{"x":32,"y":2},{"x":33,"y":1},{"x":34,"y":1},{"x":35,"y":1},{"x":35,"y":2},{"x":34,"y":2},{"x":34,"y":3},{"x":34,"y":4},{"x":33,"y":3},{"x":33,"y":2},{"x":31,"y":2},{"x":31,"y":3},{"x":30,"y":3},{"x":31,"y":4},{"x":30,"y":4},{"x":36,"y":1},{"x":37,"y":1},{"x":37,"y":0},{"x":38,"y":0},{"x":37,"y":2},{"x":36,"y":2},{"x":36,"y":3},{"x":36,"y":4},{"x":38,"y":1},{"x":39,"y":1},{"x":40,"y":1},{"x":40,"y":2},{"x":39,"y":2},{"x":30,"y":0},{"x":31,"y":0},{"x":32,"y":0},{"x":33,"y":0},{"x":34,"y":0},{"x":35,"y":0},{"x":36,"y":0}],"terrainTextureId":"polygon_terrain_1","polygon":[{"x":548,"y":1294},{"x":714,"y":1351},{"x":862,"y":1318},{"x":1013,"y":1337},{"x":1147,"y":1270},{"x":1258,"y":1174},{"x":1407,"y":1121},{"x":1559,"y":1138},{"x":1743,"y":1083},{"x":1784,"y":1134},{"x":1867,"y":1417},{"x":1796,"y":1434},{"x":1584,"y":1340},{"x":1513,"y":1593},{"x":1630,"y":1762},{"x":1711,"y":1889},{"x":1801,"y":2028},{"x":1641,"y":2042},{"x":1452,"y":2040},{"x":1410,"y":1896},{"x":1341,"y":1654},{"x":1239,"y":1541},{"x":1058,"y":1583},{"x":983,"y":1713},{"x":1002,"y":1862},{"x":1023,"y":2028},{"x":842,"y":2050},{"x":840,"y":1900},{"x":837,"y":1688},{"x":612,"y":1531},{"x":499,"y":1345}]},{"usedWorldBlocks":[{"x":0,"y":3},{"x":0,"y":2},{"x":0,"y":1},{"x":1,"y":1},{"x":2,"y":1},{"x":3,"y":1},{"x":3,"y":2},{"x":2,"y":2},{"x":1,"y":2},{"x":1,"y":3},{"x":2,"y":3},{"x":3,"y":3},{"x":4,"y":2},{"x":4,"y":3},{"x":5,"y":3},{"x":6,"y":3},{"x":6,"y":2},{"x":7,"y":2},{"x":7,"y":3},{"x":6,"y":4},{"x":5,"y":4},{"x":4,"y":4},{"x":3,"y":4},{"x":2,"y":4},{"x":1,"y":4},{"x":0,"y":4},{"x":8,"y":2},{"x":9,"y":2},{"x":8,"y":3},{"x":9,"y":4},{"x":8,"y":4},{"x":10,"y":2},{"x":10,"y":3},{"x":10,"y":4},{"x":11,"y":2},{"x":12,"y":2},{"x":13,"y":2},{"x":13,"y":3},{"x":13,"y":4},{"x":12,"y":4},{"x":12,"y":3},{"x":11,"y":3},{"x":11,"y":4},{"x":14,"y":2},{"x":14,"y":3},{"x":14,"y":4},{"x":15,"y":2},{"x":15,"y":1},{"x":16,"y":2},{"x":16,"y":1},{"x":17,"y":1},{"x":17,"y":2},{"x":16,"y":3},{"x":16,"y":4},{"x":15,"y":4},{"x":15,"y":3},{"x":18,"y":2},{"x":19,"y":2},{"x":18,"y":3},{"x":19,"y":3},{"x":19,"y":4},{"x":18,"y":4},{"x":17,"y":4},{"x":17,"y":3},{"x":18,"y":1},{"x":19,"y":1},{"x":10,"y":1},{"x":11,"y":1},{"x":12,"y":1},{"x":13,"y":1},{"x":20,"y":1},{"x":21,"y":1},{"x":20,"y":2},{"x":21,"y":2},{"x":21,"y":3},{"x":21,"y":4},{"x":20,"y":4},{"x":20,"y":3},{"x":22,"y":2},{"x":22,"y":1},{"x":23,"y":2},{"x":23,"y":1},{"x":24,"y":1},{"x":25,"y":1},{"x":25,"y":2},{"x":26,"y":2},{"x":25,"y":3},{"x":25,"y":4},{"x":24,"y":2},{"x":23,"y":3},{"x":22,"y":3},{"x":22,"y":4},{"x":27,"y":2},{"x":28,"y":2},{"x":29,"y":2},{"x":29,"y":3},{"x":29,"y":4},{"x":28,"y":3},{"x":28,"y":4},{"x":27,"y":3},{"x":27,"y":4},{"x":26,"y":4},{"x":26,"y":3},{"x":27,"y":1},{"x":28,"y":1},{"x":29,"y":1},{"x":26,"y":1},{"x":24,"y":0},{"x":25,"y":0},{"x":26,"y":0},{"x":30,"y":2},{"x":30,"y":1},{"x":31,"y":1},{"x":32,"y":1},{"x":32,"y":2},{"x":33,"y":1},{"x":34,"y":1},{"x":35,"y":1},{"x":35,"y":2},{"x":34,"y":2},{"x":34,"y":3},{"x":34,"y":4},{"x":33,"y":3},{"x":33,"y":2},{"x":31,"y":2},{"x":31,"y":3},{"x":30,"y":3},{"x":31,"y":4},{"x":30,"y":4},{"x":36,"y":1},{"x":37,"y":1},{"x":37,"y":0},{"x":38,"y":0},{"x":37,"y":2},{"x":36,"y":2},{"x":36,"y":3},{"x":36,"y":4},{"x":38,"y":1},{"x":39,"y":1},{"x":40,"y":1},{"x":40,"y":2},{"x":39,"y":2},{"x":30,"y":0},{"x":31,"y":0},{"x":32,"y":0},{"x":33,"y":0},{"x":34,"y":0},{"x":35,"y":0},{"x":36,"y":0}],"terrainTextureId":"polygon_terrain_1","polygon":[{"x":1979,"y":1120},{"x":2122,"y":1100},{"x":2296,"y":1030},{"x":2350,"y":1094},{"x":2286,"y":1312},{"x":2316,"y":1458},{"x":2356,"y":1655},{"x":2322,"y":1842},{"x":2440,"y":2040},{"x":2248,"y":2044},{"x":2175,"y":2036},{"x":2103,"y":2033},{"x":2127,"y":1839},{"x":2083,"y":1704},{"x":2138,"y":1602},{"x":2072,"y":1462},{"x":2086,"y":1253},{"x":1997,"y":1169}]},{"usedWorldBlocks":[{"x":0,"y":3},{"x":0,"y":2},{"x":0,"y":1},{"x":1,"y":1},{"x":2,"y":1},{"x":3,"y":1},{"x":3,"y":2},{"x":2,"y":2},{"x":1,"y":2},{"x":1,"y":3},{"x":2,"y":3},{"x":3,"y":3},{"x":4,"y":2},{"x":4,"y":3},{"x":5,"y":3},{"x":6,"y":3},{"x":6,"y":2},{"x":7,"y":2},{"x":7,"y":3},{"x":6,"y":4},{"x":5,"y":4},{"x":4,"y":4},{"x":3,"y":4},{"x":2,"y":4},{"x":1,"y":4},{"x":0,"y":4},{"x":8,"y":2},{"x":9,"y":2},{"x":8,"y":3},{"x":9,"y":4},{"x":8,"y":4},{"x":10,"y":2},{"x":10,"y":3},{"x":10,"y":4},{"x":11,"y":2},{"x":12,"y":2},{"x":13,"y":2},{"x":13,"y":3},{"x":13,"y":4},{"x":12,"y":4},{"x":12,"y":3},{"x":11,"y":3},{"x":11,"y":4},{"x":14,"y":2},{"x":14,"y":3},{"x":14,"y":4},{"x":15,"y":2},{"x":15,"y":1},{"x":16,"y":2},{"x":16,"y":1},{"x":17,"y":1},{"x":17,"y":2},{"x":16,"y":3},{"x":16,"y":4},{"x":15,"y":4},{"x":15,"y":3},{"x":18,"y":2},{"x":19,"y":2},{"x":18,"y":3},{"x":19,"y":3},{"x":19,"y":4},{"x":18,"y":4},{"x":17,"y":4},{"x":17,"y":3},{"x":18,"y":1},{"x":19,"y":1},{"x":10,"y":1},{"x":11,"y":1},{"x":12,"y":1},{"x":13,"y":1},{"x":20,"y":1},{"x":21,"y":1},{"x":20,"y":2},{"x":21,"y":2},{"x":21,"y":3},{"x":21,"y":4},{"x":20,"y":4},{"x":20,"y":3},{"x":22,"y":2},{"x":22,"y":1},{"x":23,"y":2},{"x":23,"y":1},{"x":24,"y":1},{"x":25,"y":1},{"x":25,"y":2},{"x":26,"y":2},{"x":25,"y":3},{"x":25,"y":4},{"x":24,"y":2},{"x":23,"y":3},{"x":22,"y":3},{"x":22,"y":4},{"x":27,"y":2},{"x":28,"y":2},{"x":29,"y":2},{"x":29,"y":3},{"x":29,"y":4},{"x":28,"y":3},{"x":28,"y":4},{"x":27,"y":3},{"x":27,"y":4},{"x":26,"y":4},{"x":26,"y":3},{"x":27,"y":1},{"x":28,"y":1},{"x":29,"y":1},{"x":26,"y":1},{"x":24,"y":0},{"x":25,"y":0},{"x":26,"y":0},{"x":30,"y":2},{"x":30,"y":1},{"x":31,"y":1},{"x":32,"y":1},{"x":32,"y":2},{"x":33,"y":1},{"x":34,"y":1},{"x":35,"y":1},{"x":35,"y":2},{"x":34,"y":2},{"x":34,"y":3},{"x":34,"y":4},{"x":33,"y":3},{"x":33,"y":2},{"x":31,"y":2},{"x":31,"y":3},{"x":30,"y":3},{"x":31,"y":4},{"x":30,"y":4},{"x":36,"y":1},{"x":37,"y":1},{"x":37,"y":0},{"x":38,"y":0},{"x":37,"y":2},{"x":36,"y":2},{"x":36,"y":3},{"x":36,"y":4},{"x":38,"y":1},{"x":39,"y":1},{"x":40,"y":1},{"x":40,"y":2},{"x":39,"y":2},{"x":30,"y":0},{"x":31,"y":0},{"x":32,"y":0},{"x":33,"y":0},{"x":34,"y":0},{"x":35,"y":0},{"x":36,"y":0}],"terrainTextureId":"polygon_terrain_1","polygon":[{"x":2505,"y":1128},{"x":2544,"y":1073},{"x":2758,"y":1089},{"x":2869,"y":1035},{"x":2951,"y":968},{"x":3135,"y":1016},{"x":3325,"y":906},{"x":3515,"y":949},{"x":3642,"y":1075},{"x":3540,"y":1197},{"x":3428,"y":1373},{"x":3362,"y":1508},{"x":3268,"y":1700},{"x":3150,"y":1864},{"x":3080,"y":2065},{"x":2964,"y":2082},{"x":2795,"y":2077},{"x":2788,"y":1974},{"x":2796,"y":1780},{"x":2780,"y":1727},{"x":2764,"y":1578},{"x":2672,"y":1408},{"x":2586,"y":1247}]},{"usedWorldBlocks":[{"x":0,"y":3},{"x":0,"y":2},{"x":0,"y":1},{"x":1,"y":1},{"x":2,"y":1},{"x":3,"y":1},{"x":3,"y":2},{"x":2,"y":2},{"x":1,"y":2},{"x":1,"y":3},{"x":2,"y":3},{"x":3,"y":3},{"x":4,"y":2},{"x":4,"y":3},{"x":5,"y":3},{"x":6,"y":3},{"x":6,"y":2},{"x":7,"y":2},{"x":7,"y":3},{"x":6,"y":4},{"x":5,"y":4},{"x":4,"y":4},{"x":3,"y":4},{"x":2,"y":4},{"x":1,"y":4},{"x":0,"y":4},{"x":8,"y":2},{"x":9,"y":2},{"x":8,"y":3},{"x":9,"y":4},{"x":8,"y":4},{"x":10,"y":2},{"x":10,"y":3},{"x":10,"y":4},{"x":11,"y":2},{"x":12,"y":2},{"x":13,"y":2},{"x":13,"y":3},{"x":13,"y":4},{"x":12,"y":4},{"x":12,"y":3},{"x":11,"y":3},{"x":11,"y":4},{"x":14,"y":2},{"x":14,"y":3},{"x":14,"y":4},{"x":15,"y":2},{"x":15,"y":1},{"x":16,"y":2},{"x":16,"y":1},{"x":17,"y":1},{"x":17,"y":2},{"x":16,"y":3},{"x":16,"y":4},{"x":15,"y":4},{"x":15,"y":3},{"x":18,"y":2},{"x":19,"y":2},{"x":18,"y":3},{"x":19,"y":3},{"x":19,"y":4},{"x":18,"y":4},{"x":17,"y":4},{"x":17,"y":3},{"x":18,"y":1},{"x":19,"y":1},{"x":10,"y":1},{"x":11,"y":1},{"x":12,"y":1},{"x":13,"y":1},{"x":20,"y":1},{"x":21,"y":1},{"x":20,"y":2},{"x":21,"y":2},{"x":21,"y":3},{"x":21,"y":4},{"x":20,"y":4},{"x":20,"y":3},{"x":22,"y":2},{"x":22,"y":1},{"x":23,"y":2},{"x":23,"y":1},{"x":24,"y":1},{"x":25,"y":1},{"x":25,"y":2},{"x":26,"y":2},{"x":25,"y":3},{"x":25,"y":4},{"x":24,"y":2},{"x":23,"y":3},{"x":22,"y":3},{"x":22,"y":4},{"x":27,"y":2},{"x":28,"y":2},{"x":29,"y":2},{"x":29,"y":3},{"x":29,"y":4},{"x":28,"y":3},{"x":28,"y":4},{"x":27,"y":3},{"x":27,"y":4},{"x":26,"y":4},{"x":26,"y":3},{"x":27,"y":1},{"x":28,"y":1},{"x":29,"y":1},{"x":26,"y":1},{"x":24,"y":0},{"x":25,"y":0},{"x":26,"y":0},{"x":30,"y":2},{"x":30,"y":1},{"x":31,"y":1},{"x":32,"y":1},{"x":32,"y":2},{"x":33,"y":1},{"x":34,"y":1},{"x":35,"y":1},{"x":35,"y":2},{"x":34,"y":2},{"x":34,"y":3},{"x":34,"y":4},{"x":33,"y":3},{"x":33,"y":2},{"x":31,"y":2},{"x":31,"y":3},{"x":30,"y":3},{"x":31,"y":4},{"x":30,"y":4},{"x":36,"y":1},{"x":37,"y":1},{"x":37,"y":0},{"x":38,"y":0},{"x":37,"y":2},{"x":36,"y":2},{"x":36,"y":3},{"x":36,"y":4},{"x":38,"y":1},{"x":39,"y":1},{"x":40,"y":1},{"x":40,"y":2},{"x":39,"y":2},{"x":30,"y":0},{"x":31,"y":0},{"x":32,"y":0},{"x":33,"y":0},{"x":34,"y":0},{"x":35,"y":0},{"x":36,"y":0}],"terrainTextureId":"polygon_terrain_1","polygon":[{"x":3746,"y":1379},{"x":3792,"y":1245},{"x":3939,"y":1289},{"x":4108,"y":1249},{"x":4279,"y":1191},{"x":4476,"y":1247},{"x":4677,"y":1284},{"x":4507,"y":1478},{"x":4385,"y":1645},{"x":4570,"y":1759},{"x":4585,"y":2023},{"x":4433,"y":2136},{"x":4225,"y":2182},{"x":4011,"y":2111},{"x":3747,"y":2060},{"x":3597,"y":1986},{"x":3561,"y":1728},{"x":3775,"y":1603},{"x":3735,"y":1491}]},{"usedWorldBlocks":[{"x":0,"y":3},{"x":0,"y":2},{"x":0,"y":1},{"x":1,"y":1},{"x":2,"y":1},{"x":3,"y":1},{"x":3,"y":2},{"x":2,"y":2},{"x":1,"y":2},{"x":1,"y":3},{"x":2,"y":3},{"x":3,"y":3},{"x":4,"y":2},{"x":4,"y":3},{"x":5,"y":3},{"x":6,"y":3},{"x":6,"y":2},{"x":7,"y":2},{"x":7,"y":3},{"x":6,"y":4},{"x":5,"y":4},{"x":4,"y":4},{"x":3,"y":4},{"x":2,"y":4},{"x":1,"y":4},{"x":0,"y":4},{"x":8,"y":2},{"x":9,"y":2},{"x":8,"y":3},{"x":9,"y":4},{"x":8,"y":4},{"x":10,"y":2},{"x":10,"y":3},{"x":10,"y":4},{"x":11,"y":2},{"x":12,"y":2},{"x":13,"y":2},{"x":13,"y":3},{"x":13,"y":4},{"x":12,"y":4},{"x":12,"y":3},{"x":11,"y":3},{"x":11,"y":4},{"x":14,"y":2},{"x":14,"y":3},{"x":14,"y":4},{"x":15,"y":2},{"x":15,"y":1},{"x":16,"y":2},{"x":16,"y":1},{"x":17,"y":1},{"x":17,"y":2},{"x":16,"y":3},{"x":16,"y":4},{"x":15,"y":4},{"x":15,"y":3},{"x":18,"y":2},{"x":19,"y":2},{"x":18,"y":3},{"x":19,"y":3},{"x":19,"y":4},{"x":18,"y":4},{"x":17,"y":4},{"x":17,"y":3},{"x":18,"y":1},{"x":19,"y":1},{"x":10,"y":1},{"x":11,"y":1},{"x":12,"y":1},{"x":13,"y":1},{"x":20,"y":1},{"x":21,"y":1},{"x":20,"y":2},{"x":21,"y":2},{"x":21,"y":3},{"x":21,"y":4},{"x":20,"y":4},{"x":20,"y":3},{"x":22,"y":2},{"x":22,"y":1},{"x":23,"y":2},{"x":23,"y":1},{"x":24,"y":1},{"x":25,"y":1},{"x":25,"y":2},{"x":26,"y":2},{"x":25,"y":3},{"x":25,"y":4},{"x":24,"y":2},{"x":23,"y":3},{"x":22,"y":3},{"x":22,"y":4},{"x":27,"y":2},{"x":28,"y":2},{"x":29,"y":2},{"x":29,"y":3},{"x":29,"y":4},{"x":28,"y":3},{"x":28,"y":4},{"x":27,"y":3},{"x":27,"y":4},{"x":26,"y":4},{"x":26,"y":3},{"x":27,"y":1},{"x":28,"y":1},{"x":29,"y":1},{"x":26,"y":1},{"x":24,"y":0},{"x":25,"y":0},{"x":26,"y":0},{"x":30,"y":2},{"x":30,"y":1},{"x":31,"y":1},{"x":32,"y":1},{"x":32,"y":2},{"x":33,"y":1},{"x":34,"y":1},{"x":35,"y":1},{"x":35,"y":2},{"x":34,"y":2},{"x":34,"y":3},{"x":34,"y":4},{"x":33,"y":3},{"x":33,"y":2},{"x":31,"y":2},{"x":31,"y":3},{"x":30,"y":3},{"x":31,"y":4},{"x":30,"y":4},{"x":36,"y":1},{"x":37,"y":1},{"x":37,"y":0},{"x":38,"y":0},{"x":37,"y":2},{"x":36,"y":2},{"x":36,"y":3},{"x":36,"y":4},{"x":38,"y":1},{"x":39,"y":1},{"x":40,"y":1},{"x":40,"y":2},{"x":39,"y":2},{"x":30,"y":0},{"x":31,"y":0},{"x":32,"y":0},{"x":33,"y":0},{"x":34,"y":0},{"x":35,"y":0},{"x":36,"y":0}],"terrainTextureId":"polygon_terrain_1","polygon":[{"x":3775,"y":523},{"x":3949,"y":589},{"x":4097,"y":570},{"x":4247,"y":551},{"x":4394,"y":578},{"x":4641,"y":599},{"x":4916,"y":698},{"x":4914,"y":848},{"x":4902,"y":1033},{"x":4613,"y":1019},{"x":4425,"y":874},{"x":4284,"y":797},{"x":4145,"y":881},{"x":3953,"y":904},{"x":3746,"y":808},{"x":3638,"y":655}]},{"usedWorldBlocks":[{"x":0,"y":3},{"x":0,"y":2},{"x":0,"y":1},{"x":1,"y":1},{"x":2,"y":1},{"x":3,"y":1},{"x":3,"y":2},{"x":2,"y":2},{"x":1,"y":2},{"x":1,"y":3},{"x":2,"y":3},{"x":3,"y":3},{"x":4,"y":2},{"x":4,"y":3},{"x":5,"y":3},{"x":6,"y":3},{"x":6,"y":2},{"x":7,"y":2},{"x":7,"y":3},{"x":6,"y":4},{"x":5,"y":4},{"x":4,"y":4},{"x":3,"y":4},{"x":2,"y":4},{"x":1,"y":4},{"x":0,"y":4},{"x":8,"y":2},{"x":9,"y":2},{"x":8,"y":3},{"x":9,"y":4},{"x":8,"y":4},{"x":10,"y":2},{"x":10,"y":3},{"x":10,"y":4},{"x":11,"y":2},{"x":12,"y":2},{"x":13,"y":2},{"x":13,"y":3},{"x":13,"y":4},{"x":12,"y":4},{"x":12,"y":3},{"x":11,"y":3},{"x":11,"y":4},{"x":14,"y":2},{"x":14,"y":3},{"x":14,"y":4},{"x":15,"y":2},{"x":15,"y":1},{"x":16,"y":2},{"x":16,"y":1},{"x":17,"y":1},{"x":17,"y":2},{"x":16,"y":3},{"x":16,"y":4},{"x":15,"y":4},{"x":15,"y":3},{"x":18,"y":2},{"x":19,"y":2},{"x":18,"y":3},{"x":19,"y":3},{"x":19,"y":4},{"x":18,"y":4},{"x":17,"y":4},{"x":17,"y":3},{"x":18,"y":1},{"x":19,"y":1},{"x":10,"y":1},{"x":11,"y":1},{"x":12,"y":1},{"x":13,"y":1},{"x":20,"y":1},{"x":21,"y":1},{"x":20,"y":2},{"x":21,"y":2},{"x":21,"y":3},{"x":21,"y":4},{"x":20,"y":4},{"x":20,"y":3},{"x":22,"y":2},{"x":22,"y":1},{"x":23,"y":2},{"x":23,"y":1},{"x":24,"y":1},{"x":25,"y":1},{"x":25,"y":2},{"x":26,"y":2},{"x":25,"y":3},{"x":25,"y":4},{"x":24,"y":2},{"x":23,"y":3},{"x":22,"y":3},{"x":22,"y":4},{"x":27,"y":2},{"x":28,"y":2},{"x":29,"y":2},{"x":29,"y":3},{"x":29,"y":4},{"x":28,"y":3},{"x":28,"y":4},{"x":27,"y":3},{"x":27,"y":4},{"x":26,"y":4},{"x":26,"y":3},{"x":27,"y":1},{"x":28,"y":1},{"x":29,"y":1},{"x":26,"y":1},{"x":24,"y":0},{"x":25,"y":0},{"x":26,"y":0},{"x":30,"y":2},{"x":30,"y":1},{"x":31,"y":1},{"x":32,"y":1},{"x":32,"y":2},{"x":33,"y":1},{"x":34,"y":1},{"x":35,"y":1},{"x":35,"y":2},{"x":34,"y":2},{"x":34,"y":3},{"x":34,"y":4},{"x":33,"y":3},{"x":33,"y":2},{"x":31,"y":2},{"x":31,"y":3},{"x":30,"y":3},{"x":31,"y":4},{"x":30,"y":4},{"x":36,"y":1},{"x":37,"y":1},{"x":37,"y":0},{"x":38,"y":0},{"x":37,"y":2},{"x":36,"y":2},{"x":36,"y":3},{"x":36,"y":4},{"x":38,"y":1},{"x":39,"y":1},{"x":40,"y":1},{"x":40,"y":2},{"x":39,"y":2},{"x":30,"y":0},{"x":31,"y":0},{"x":32,"y":0},{"x":33,"y":0},{"x":34,"y":0},{"x":35,"y":0},{"x":36,"y":0}],"terrainTextureId":"polygon_terrain_1","polygon":[{"x":387,"y":536},{"x":645,"y":530},{"x":884,"y":540},{"x":1080,"y":549},{"x":1191,"y":531},{"x":1338,"y":547},{"x":1483,"y":531},{"x":1689,"y":621},{"x":1794,"y":807},{"x":1599,"y":753},{"x":1548,"y":852},{"x":1293,"y":906},{"x":1082,"y":923},{"x":940,"y":988},{"x":739,"y":1014},{"x":689,"y":876},{"x":537,"y":862},{"x":449,"y":672}]}]],[[{"usedWorldBlocks":[{"x":0,"y":3},{"x":0,"y":2},{"x":0,"y":1},{"x":1,"y":1},{"x":2,"y":1},{"x":3,"y":1},{"x":3,"y":2},{"x":2,"y":2},{"x":1,"y":2},{"x":1,"y":3},{"x":2,"y":3},{"x":3,"y":3},{"x":4,"y":2},{"x":4,"y":3},{"x":5,"y":3},{"x":6,"y":3},{"x":6,"y":2},{"x":7,"y":2},{"x":7,"y":3},{"x":6,"y":4},{"x":5,"y":4},{"x":4,"y":4},{"x":3,"y":4},{"x":2,"y":4},{"x":1,"y":4},{"x":0,"y":4},{"x":8,"y":2},{"x":9,"y":2},{"x":8,"y":3},{"x":9,"y":4},{"x":8,"y":4},{"x":10,"y":2},{"x":10,"y":3},{"x":10,"y":4},{"x":11,"y":2},{"x":12,"y":2},{"x":13,"y":2},{"x":13,"y":3},{"x":13,"y":4},{"x":12,"y":4},{"x":12,"y":3},{"x":11,"y":3},{"x":11,"y":4},{"x":14,"y":2},{"x":14,"y":3},{"x":14,"y":4},{"x":15,"y":2},{"x":15,"y":1},{"x":16,"y":2},{"x":16,"y":1},{"x":17,"y":1},{"x":17,"y":2},{"x":16,"y":3},{"x":16,"y":4},{"x":15,"y":4},{"x":15,"y":3},{"x":18,"y":2},{"x":19,"y":2},{"x":18,"y":3},{"x":19,"y":3},{"x":19,"y":4},{"x":18,"y":4},{"x":17,"y":4},{"x":17,"y":3},{"x":18,"y":1},{"x":19,"y":1},{"x":10,"y":1},{"x":11,"y":1},{"x":12,"y":1},{"x":13,"y":1},{"x":20,"y":1},{"x":21,"y":1},{"x":20,"y":2},{"x":21,"y":2},{"x":21,"y":3},{"x":21,"y":4},{"x":20,"y":4},{"x":20,"y":3},{"x":22,"y":2},{"x":22,"y":1},{"x":23,"y":2},{"x":23,"y":1},{"x":24,"y":1},{"x":25,"y":1},{"x":25,"y":2},{"x":26,"y":2},{"x":25,"y":3},{"x":25,"y":4},{"x":24,"y":2},{"x":23,"y":3},{"x":22,"y":3},{"x":22,"y":4},{"x":27,"y":2},{"x":28,"y":2},{"x":29,"y":2},{"x":29,"y":3},{"x":29,"y":4},{"x":28,"y":3},{"x":28,"y":4},{"x":27,"y":3},{"x":27,"y":4},{"x":26,"y":4},{"x":26,"y":3},{"x":27,"y":1},{"x":28,"y":1},{"x":29,"y":1},{"x":26,"y":1},{"x":24,"y":0},{"x":25,"y":0},{"x":26,"y":0},{"x":30,"y":2},{"x":30,"y":1},{"x":31,"y":1},{"x":32,"y":1},{"x":32,"y":2},{"x":33,"y":1},{"x":34,"y":1},{"x":35,"y":1},{"x":35,"y":2},{"x":34,"y":2},{"x":34,"y":3},{"x":34,"y":4},{"x":33,"y":3},{"x":33,"y":2},{"x":31,"y":2},{"x":31,"y":3},{"x":30,"y":3},{"x":31,"y":4},{"x":30,"y":4},{"x":36,"y":1},{"x":37,"y":1},{"x":37,"y":0},{"x":38,"y":0},{"x":37,"y":2},{"x":36,"y":2},{"x":36,"y":3},{"x":36,"y":4},{"x":38,"y":1},{"x":39,"y":1},{"x":40,"y":1},{"x":40,"y":2},{"x":39,"y":2},{"x":30,"y":0},{"x":31,"y":0},{"x":32,"y":0},{"x":33,"y":0},{"x":34,"y":0},{"x":35,"y":0},{"x":36,"y":0}],"terrainTextureId":"polygon_terrain_1","polygon":[{"x":50,"y":775},{"x":274,"y":722},{"x":421,"y":753},{"x":556,"y":821},{"x":699,"y":928},{"x":553,"y":963},{"x":407,"y":998},{"x":238,"y":1038},{"x":86,"y":1012}]},{"usedWorldBlocks":[{"x":0,"y":3},{"x":0,"y":2},{"x":0,"y":1},{"x":1,"y":1},{"x":2,"y":1},{"x":3,"y":1},{"x":3,"y":2},{"x":2,"y":2},{"x":1,"y":2},{"x":1,"y":3},{"x":2,"y":3},{"x":3,"y":3},{"x":4,"y":2},{"x":4,"y":3},{"x":5,"y":3},{"x":6,"y":3},{"x":6,"y":2},{"x":7,"y":2},{"x":7,"y":3},{"x":6,"y":4},{"x":5,"y":4},{"x":4,"y":4},{"x":3,"y":4},{"x":2,"y":4},{"x":1,"y":4},{"x":0,"y":4},{"x":8,"y":2},{"x":9,"y":2},{"x":8,"y":3},{"x":9,"y":4},{"x":8,"y":4},{"x":10,"y":2},{"x":10,"y":3},{"x":10,"y":4},{"x":11,"y":2},{"x":12,"y":2},{"x":13,"y":2},{"x":13,"y":3},{"x":13,"y":4},{"x":12,"y":4},{"x":12,"y":3},{"x":11,"y":3},{"x":11,"y":4},{"x":14,"y":2},{"x":14,"y":3},{"x":14,"y":4},{"x":15,"y":2},{"x":15,"y":1},{"x":16,"y":2},{"x":16,"y":1},{"x":17,"y":1},{"x":17,"y":2},{"x":16,"y":3},{"x":16,"y":4},{"x":15,"y":4},{"x":15,"y":3},{"x":18,"y":2},{"x":19,"y":2},{"x":18,"y":3},{"x":19,"y":3},{"x":19,"y":4},{"x":18,"y":4},{"x":17,"y":4},{"x":17,"y":3},{"x":18,"y":1},{"x":19,"y":1},{"x":10,"y":1},{"x":11,"y":1},{"x":12,"y":1},{"x":13,"y":1},{"x":20,"y":1},{"x":21,"y":1},{"x":20,"y":2},{"x":21,"y":2},{"x":21,"y":3},{"x":21,"y":4},{"x":20,"y":4},{"x":20,"y":3},{"x":22,"y":2},{"x":22,"y":1},{"x":23,"y":2},{"x":23,"y":1},{"x":24,"y":1},{"x":25,"y":1},{"x":25,"y":2},{"x":26,"y":2},{"x":25,"y":3},{"x":25,"y":4},{"x":24,"y":2},{"x":23,"y":3},{"x":22,"y":3},{"x":22,"y":4},{"x":27,"y":2},{"x":28,"y":2},{"x":29,"y":2},{"x":29,"y":3},{"x":29,"y":4},{"x":28,"y":3},{"x":28,"y":4},{"x":27,"y":3},{"x":27,"y":4},{"x":26,"y":4},{"x":26,"y":3},{"x":27,"y":1},{"x":28,"y":1},{"x":29,"y":1},{"x":26,"y":1},{"x":24,"y":0},{"x":25,"y":0},{"x":26,"y":0},{"x":30,"y":2},{"x":30,"y":1},{"x":31,"y":1},{"x":32,"y":1},{"x":32,"y":2},{"x":33,"y":1},{"x":34,"y":1},{"x":35,"y":1},{"x":35,"y":2},{"x":34,"y":2},{"x":34,"y":3},{"x":34,"y":4},{"x":33,"y":3},{"x":33,"y":2},{"x":31,"y":2},{"x":31,"y":3},{"x":30,"y":3},{"x":31,"y":4},{"x":30,"y":4},{"x":36,"y":1},{"x":37,"y":1},{"x":37,"y":0},{"x":38,"y":0},{"x":37,"y":2},{"x":36,"y":2},{"x":36,"y":3},{"x":36,"y":4},{"x":38,"y":1},{"x":39,"y":1},{"x":40,"y":1},{"x":40,"y":2},{"x":39,"y":2},{"x":30,"y":0},{"x":31,"y":0},{"x":32,"y":0},{"x":33,"y":0},{"x":34,"y":0},{"x":35,"y":0},{"x":36,"y":0}],"terrainTextureId":"polygon_terrain_1","polygon":[{"x":138,"y":1320},{"x":168,"y":1297},{"x":315,"y":1272},{"x":463,"y":1247},{"x":598,"y":1179},{"x":834,"y":1127},{"x":872,"y":1419},{"x":746,"y":1580},{"x":860,"y":1733},{"x":734,"y":1866},{"x":654,"y":2051},{"x":384,"y":2050},{"x":232,"y":2041},{"x":8,"y":2027},{"x":116,"y":1923},{"x":226,"y":1815},{"x":183,"y":1634},{"x":100,"y":1467}]},{"usedWorldBlocks":[{"x":0,"y":3},{"x":0,"y":2},{"x":0,"y":1},{"x":1,"y":1},{"x":2,"y":1},{"x":3,"y":1},{"x":3,"y":2},{"x":2,"y":2},{"x":1,"y":2},{"x":1,"y":3},{"x":2,"y":3},{"x":3,"y":3},{"x":4,"y":2},{"x":4,"y":3},{"x":5,"y":3},{"x":6,"y":3},{"x":6,"y":2},{"x":7,"y":2},{"x":7,"y":3},{"x":6,"y":4},{"x":5,"y":4},{"x":4,"y":4},{"x":3,"y":4},{"x":2,"y":4},{"x":1,"y":4},{"x":0,"y":4},{"x":8,"y":2},{"x":9,"y":2},{"x":8,"y":3},{"x":9,"y":4},{"x":8,"y":4},{"x":10,"y":2},{"x":10,"y":3},{"x":10,"y":4},{"x":11,"y":2},{"x":12,"y":2},{"x":13,"y":2},{"x":13,"y":3},{"x":13,"y":4},{"x":12,"y":4},{"x":12,"y":3},{"x":11,"y":3},{"x":11,"y":4},{"x":14,"y":2},{"x":14,"y":3},{"x":14,"y":4},{"x":15,"y":2},{"x":15,"y":1},{"x":16,"y":2},{"x":16,"y":1},{"x":17,"y":1},{"x":17,"y":2},{"x":16,"y":3},{"x":16,"y":4},{"x":15,"y":4},{"x":15,"y":3},{"x":18,"y":2},{"x":19,"y":2},{"x":18,"y":3},{"x":19,"y":3},{"x":19,"y":4},{"x":18,"y":4},{"x":17,"y":4},{"x":17,"y":3},{"x":18,"y":1},{"x":19,"y":1},{"x":10,"y":1},{"x":11,"y":1},{"x":12,"y":1},{"x":13,"y":1},{"x":20,"y":1},{"x":21,"y":1},{"x":20,"y":2},{"x":21,"y":2},{"x":21,"y":3},{"x":21,"y":4},{"x":20,"y":4},{"x":20,"y":3},{"x":22,"y":2},{"x":22,"y":1},{"x":23,"y":2},{"x":23,"y":1},{"x":24,"y":1},{"x":25,"y":1},{"x":25,"y":2},{"x":26,"y":2},{"x":25,"y":3},{"x":25,"y":4},{"x":24,"y":2},{"x":23,"y":3},{"x":22,"y":3},{"x":22,"y":4},{"x":27,"y":2},{"x":28,"y":2},{"x":29,"y":2},{"x":29,"y":3},{"x":29,"y":4},{"x":28,"y":3},{"x":28,"y":4},{"x":27,"y":3},{"x":27,"y":4},{"x":26,"y":4},{"x":26,"y":3},{"x":27,"y":1},{"x":28,"y":1},{"x":29,"y":1},{"x":26,"y":1},{"x":24,"y":0},{"x":25,"y":0},{"x":26,"y":0},{"x":30,"y":2},{"x":30,"y":1},{"x":31,"y":1},{"x":32,"y":1},{"x":32,"y":2},{"x":33,"y":1},{"x":34,"y":1},{"x":35,"y":1},{"x":35,"y":2},{"x":34,"y":2},{"x":34,"y":3},{"x":34,"y":4},{"x":33,"y":3},{"x":33,"y":2},{"x":31,"y":2},{"x":31,"y":3},{"x":30,"y":3},{"x":31,"y":4},{"x":30,"y":4},{"x":36,"y":1},{"x":37,"y":1},{"x":37,"y":0},{"x":38,"y":0},{"x":37,"y":2},{"x":36,"y":2},{"x":36,"y":3},{"x":36,"y":4},{"x":38,"y":1},{"x":39,"y":1},{"x":40,"y":1},{"x":40,"y":2},{"x":39,"y":2},{"x":30,"y":0},{"x":31,"y":0},{"x":32,"y":0},{"x":33,"y":0},{"x":34,"y":0},{"x":35,"y":0},{"x":36,"y":0}],"terrainTextureId":"polygon_terrain_1","polygon":[{"x":1056,"y":1164},{"x":1216,"y":1013},{"x":1487,"y":979},{"x":1604,"y":1114},{"x":1746,"y":1068},{"x":1938,"y":925},{"x":2031,"y":975},{"x":2292,"y":890},{"x":2520,"y":928},{"x":2509,"y":1046},{"x":2608,"y":1225},{"x":2746,"y":1171},{"x":2896,"y":1160},{"x":3189,"y":1170},{"x":3159,"y":1227},{"x":3023,"y":1293},{"x":2968,"y":1433},{"x":2897,"y":1615},{"x":2853,"y":1898},{"x":2930,"y":2039},{"x":2780,"y":2042},{"x":2541,"y":2045},{"x":2599,"y":1907},{"x":2662,"y":1757},{"x":2591,"y":1521},{"x":2471,"y":1442},{"x":2262,"y":1360},{"x":2090,"y":1411},{"x":1879,"y":1461},{"x":1759,"y":1610},{"x":1559,"y":1602},{"x":1437,"y":1725},{"x":1406,"y":1873},{"x":1450,"y":2050},{"x":1272,"y":2071},{"x":1244,"y":1924},{"x":1245,"y":1745},{"x":1188,"y":1629},{"x":1160,"y":1481},{"x":1129,"y":1320}]},{"usedWorldBlocks":[{"x":0,"y":3},{"x":0,"y":2},{"x":0,"y":1},{"x":1,"y":1},{"x":2,"y":1},{"x":3,"y":1},{"x":3,"y":2},{"x":2,"y":2},{"x":1,"y":2},{"x":1,"y":3},{"x":2,"y":3},{"x":3,"y":3},{"x":4,"y":2},{"x":4,"y":3},{"x":5,"y":3},{"x":6,"y":3},{"x":6,"y":2},{"x":7,"y":2},{"x":7,"y":3},{"x":6,"y":4},{"x":5,"y":4},{"x":4,"y":4},{"x":3,"y":4},{"x":2,"y":4},{"x":1,"y":4},{"x":0,"y":4},{"x":8,"y":2},{"x":9,"y":2},{"x":8,"y":3},{"x":9,"y":4},{"x":8,"y":4},{"x":10,"y":2},{"x":10,"y":3},{"x":10,"y":4},{"x":11,"y":2},{"x":12,"y":2},{"x":13,"y":2},{"x":13,"y":3},{"x":13,"y":4},{"x":12,"y":4},{"x":12,"y":3},{"x":11,"y":3},{"x":11,"y":4},{"x":14,"y":2},{"x":14,"y":3},{"x":14,"y":4},{"x":15,"y":2},{"x":15,"y":1},{"x":16,"y":2},{"x":16,"y":1},{"x":17,"y":1},{"x":17,"y":2},{"x":16,"y":3},{"x":16,"y":4},{"x":15,"y":4},{"x":15,"y":3},{"x":18,"y":2},{"x":19,"y":2},{"x":18,"y":3},{"x":19,"y":3},{"x":19,"y":4},{"x":18,"y":4},{"x":17,"y":4},{"x":17,"y":3},{"x":18,"y":1},{"x":19,"y":1},{"x":10,"y":1},{"x":11,"y":1},{"x":12,"y":1},{"x":13,"y":1},{"x":20,"y":1},{"x":21,"y":1},{"x":20,"y":2},{"x":21,"y":2},{"x":21,"y":3},{"x":21,"y":4},{"x":20,"y":4},{"x":20,"y":3},{"x":22,"y":2},{"x":22,"y":1},{"x":23,"y":2},{"x":23,"y":1},{"x":24,"y":1},{"x":25,"y":1},{"x":25,"y":2},{"x":26,"y":2},{"x":25,"y":3},{"x":25,"y":4},{"x":24,"y":2},{"x":23,"y":3},{"x":22,"y":3},{"x":22,"y":4},{"x":27,"y":2},{"x":28,"y":2},{"x":29,"y":2},{"x":29,"y":3},{"x":29,"y":4},{"x":28,"y":3},{"x":28,"y":4},{"x":27,"y":3},{"x":27,"y":4},{"x":26,"y":4},{"x":26,"y":3},{"x":27,"y":1},{"x":28,"y":1},{"x":29,"y":1},{"x":26,"y":1},{"x":24,"y":0},{"x":25,"y":0},{"x":26,"y":0},{"x":30,"y":2},{"x":30,"y":1},{"x":31,"y":1},{"x":32,"y":1},{"x":32,"y":2},{"x":33,"y":1},{"x":34,"y":1},{"x":35,"y":1},{"x":35,"y":2},{"x":34,"y":2},{"x":34,"y":3},{"x":34,"y":4},{"x":33,"y":3},{"x":33,"y":2},{"x":31,"y":2},{"x":31,"y":3},{"x":30,"y":3},{"x":31,"y":4},{"x":30,"y":4},{"x":36,"y":1},{"x":37,"y":1},{"x":37,"y":0},{"x":38,"y":0},{"x":37,"y":2},{"x":36,"y":2},{"x":36,"y":3},{"x":36,"y":4},{"x":38,"y":1},{"x":39,"y":1},{"x":40,"y":1},{"x":40,"y":2},{"x":39,"y":2},{"x":30,"y":0},{"x":31,"y":0},{"x":32,"y":0},{"x":33,"y":0},{"x":34,"y":0},{"x":35,"y":0},{"x":36,"y":0}],"terrainTextureId":"polygon_terrain_1","polygon":[{"x":3422,"y":1410},{"x":3465,"y":1376},{"x":3629,"y":1433},{"x":3799,"y":1412},{"x":3970,"y":1329},{"x":4130,"y":1304},{"x":4325,"y":1192},{"x":4442,"y":1216},{"x":4589,"y":1190},{"x":4782,"y":1156},{"x":4814,"y":1331},{"x":4934,"y":1451},{"x":4776,"y":1601},{"x":4736,"y":1712},{"x":4768,"y":1858},{"x":4824,"y":2115},{"x":4647,"y":2043},{"x":4672,"y":1843},{"x":4559,"y":1757},{"x":4473,"y":1827},{"x":4457,"y":2083},{"x":4369,"y":1962},{"x":4280,"y":1841},{"x":4191,"y":1720},{"x":4064,"y":1546},{"x":3895,"y":1615},{"x":3640,"y":1595},{"x":3608,"y":1756},{"x":3594,"y":1876},{"x":3620,"y":2050},{"x":3333,"y":2055},{"x":3387,"y":1879},{"x":3287,"y":1673},{"x":3420,"y":1605}]},{"usedWorldBlocks":[{"x":0,"y":3},{"x":0,"y":2},{"x":0,"y":1},{"x":1,"y":1},{"x":2,"y":1},{"x":3,"y":1},{"x":3,"y":2},{"x":2,"y":2},{"x":1,"y":2},{"x":1,"y":3},{"x":2,"y":3},{"x":3,"y":3},{"x":4,"y":2},{"x":4,"y":3},{"x":5,"y":3},{"x":6,"y":3},{"x":6,"y":2},{"x":7,"y":2},{"x":7,"y":3},{"x":6,"y":4},{"x":5,"y":4},{"x":4,"y":4},{"x":3,"y":4},{"x":2,"y":4},{"x":1,"y":4},{"x":0,"y":4},{"x":8,"y":2},{"x":9,"y":2},{"x":8,"y":3},{"x":9,"y":4},{"x":8,"y":4},{"x":10,"y":2},{"x":10,"y":3},{"x":10,"y":4},{"x":11,"y":2},{"x":12,"y":2},{"x":13,"y":2},{"x":13,"y":3},{"x":13,"y":4},{"x":12,"y":4},{"x":12,"y":3},{"x":11,"y":3},{"x":11,"y":4},{"x":14,"y":2},{"x":14,"y":3},{"x":14,"y":4},{"x":15,"y":2},{"x":15,"y":1},{"x":16,"y":2},{"x":16,"y":1},{"x":17,"y":1},{"x":17,"y":2},{"x":16,"y":3},{"x":16,"y":4},{"x":15,"y":4},{"x":15,"y":3},{"x":18,"y":2},{"x":19,"y":2},{"x":18,"y":3},{"x":19,"y":3},{"x":19,"y":4},{"x":18,"y":4},{"x":17,"y":4},{"x":17,"y":3},{"x":18,"y":1},{"x":19,"y":1},{"x":10,"y":1},{"x":11,"y":1},{"x":12,"y":1},{"x":13,"y":1},{"x":20,"y":1},{"x":21,"y":1},{"x":20,"y":2},{"x":21,"y":2},{"x":21,"y":3},{"x":21,"y":4},{"x":20,"y":4},{"x":20,"y":3},{"x":22,"y":2},{"x":22,"y":1},{"x":23,"y":2},{"x":23,"y":1},{"x":24,"y":1},{"x":25,"y":1},{"x":25,"y":2},{"x":26,"y":2},{"x":25,"y":3},{"x":25,"y":4},{"x":24,"y":2},{"x":23,"y":3},{"x":22,"y":3},{"x":22,"y":4},{"x":27,"y":2},{"x":28,"y":2},{"x":29,"y":2},{"x":29,"y":3},{"x":29,"y":4},{"x":28,"y":3},{"x":28,"y":4},{"x":27,"y":3},{"x":27,"y":4},{"x":26,"y":4},{"x":26,"y":3},{"x":27,"y":1},{"x":28,"y":1},{"x":29,"y":1},{"x":26,"y":1},{"x":24,"y":0},{"x":25,"y":0},{"x":26,"y":0},{"x":30,"y":2},{"x":30,"y":1},{"x":31,"y":1},{"x":32,"y":1},{"x":32,"y":2},{"x":33,"y":1},{"x":34,"y":1},{"x":35,"y":1},{"x":35,"y":2},{"x":34,"y":2},{"x":34,"y":3},{"x":34,"y":4},{"x":33,"y":3},{"x":33,"y":2},{"x":31,"y":2},{"x":31,"y":3},{"x":30,"y":3},{"x":31,"y":4},{"x":30,"y":4},{"x":36,"y":1},{"x":37,"y":1},{"x":37,"y":0},{"x":38,"y":0},{"x":37,"y":2},{"x":36,"y":2},{"x":36,"y":3},{"x":36,"y":4},{"x":38,"y":1},{"x":39,"y":1},{"x":40,"y":1},{"x":40,"y":2},{"x":39,"y":2},{"x":30,"y":0},{"x":31,"y":0},{"x":32,"y":0},{"x":33,"y":0},{"x":34,"y":0},{"x":35,"y":0},{"x":36,"y":0}],"terrainTextureId":"polygon_terrain_1","polygon":[{"x":3587,"y":513},{"x":3737,"y":513},{"x":3865,"y":591},{"x":4011,"y":699},{"x":4164,"y":693},{"x":4292,"y":657},{"x":4424,"y":570},{"x":4712,"y":551},{"x":4875,"y":723},{"x":4632,"y":803},{"x":4482,"y":811},{"x":4371,"y":785},{"x":4293,"y":912},{"x":4065,"y":1004},{"x":3823,"y":1091},{"x":3721,"y":950},{"x":3521,"y":838},{"x":3243,"y":767},{"x":3316,"y":524}]},{"usedWorldBlocks":[{"x":0,"y":3},{"x":0,"y":2},{"x":0,"y":1},{"x":1,"y":1},{"x":2,"y":1},{"x":3,"y":1},{"x":3,"y":2},{"x":2,"y":2},{"x":1,"y":2},{"x":1,"y":3},{"x":2,"y":3},{"x":3,"y":3},{"x":4,"y":2},{"x":4,"y":3},{"x":5,"y":3},{"x":6,"y":3},{"x":6,"y":2},{"x":7,"y":2},{"x":7,"y":3},{"x":6,"y":4},{"x":5,"y":4},{"x":4,"y":4},{"x":3,"y":4},{"x":2,"y":4},{"x":1,"y":4},{"x":0,"y":4},{"x":8,"y":2},{"x":9,"y":2},{"x":8,"y":3},{"x":9,"y":4},{"x":8,"y":4},{"x":10,"y":2},{"x":10,"y":3},{"x":10,"y":4},{"x":11,"y":2},{"x":12,"y":2},{"x":13,"y":2},{"x":13,"y":3},{"x":13,"y":4},{"x":12,"y":4},{"x":12,"y":3},{"x":11,"y":3},{"x":11,"y":4},{"x":14,"y":2},{"x":14,"y":3},{"x":14,"y":4},{"x":15,"y":2},{"x":15,"y":1},{"x":16,"y":2},{"x":16,"y":1},{"x":17,"y":1},{"x":17,"y":2},{"x":16,"y":3},{"x":16,"y":4},{"x":15,"y":4},{"x":15,"y":3},{"x":18,"y":2},{"x":19,"y":2},{"x":18,"y":3},{"x":19,"y":3},{"x":19,"y":4},{"x":18,"y":4},{"x":17,"y":4},{"x":17,"y":3},{"x":18,"y":1},{"x":19,"y":1},{"x":10,"y":1},{"x":11,"y":1},{"x":12,"y":1},{"x":13,"y":1},{"x":20,"y":1},{"x":21,"y":1},{"x":20,"y":2},{"x":21,"y":2},{"x":21,"y":3},{"x":21,"y":4},{"x":20,"y":4},{"x":20,"y":3},{"x":22,"y":2},{"x":22,"y":1},{"x":23,"y":2},{"x":23,"y":1},{"x":24,"y":1},{"x":25,"y":1},{"x":25,"y":2},{"x":26,"y":2},{"x":25,"y":3},{"x":25,"y":4},{"x":24,"y":2},{"x":23,"y":3},{"x":22,"y":3},{"x":22,"y":4},{"x":27,"y":2},{"x":28,"y":2},{"x":29,"y":2},{"x":29,"y":3},{"x":29,"y":4},{"x":28,"y":3},{"x":28,"y":4},{"x":27,"y":3},{"x":27,"y":4},{"x":26,"y":4},{"x":26,"y":3},{"x":27,"y":1},{"x":28,"y":1},{"x":29,"y":1},{"x":26,"y":1},{"x":24,"y":0},{"x":25,"y":0},{"x":26,"y":0},{"x":30,"y":2},{"x":30,"y":1},{"x":31,"y":1},{"x":32,"y":1},{"x":32,"y":2},{"x":33,"y":1},{"x":34,"y":1},{"x":35,"y":1},{"x":35,"y":2},{"x":34,"y":2},{"x":34,"y":3},{"x":34,"y":4},{"x":33,"y":3},{"x":33,"y":2},{"x":31,"y":2},{"x":31,"y":3},{"x":30,"y":3},{"x":31,"y":4},{"x":30,"y":4},{"x":36,"y":1},{"x":37,"y":1},{"x":37,"y":0},{"x":38,"y":0},{"x":37,"y":2},{"x":36,"y":2},{"x":36,"y":3},{"x":36,"y":4},{"x":38,"y":1},{"x":39,"y":1},{"x":40,"y":1},{"x":40,"y":2},{"x":39,"y":2},{"x":30,"y":0},{"x":31,"y":0},{"x":32,"y":0},{"x":33,"y":0},{"x":34,"y":0},{"x":35,"y":0},{"x":36,"y":0}],"terrainTextureId":"polygon_terrain_1","polygon":[{"x":1002,"y":534},{"x":1218,"y":557},{"x":1367,"y":537},{"x":1578,"y":510},{"x":1725,"y":535},{"x":1935,"y":572},{"x":1883,"y":690},{"x":1753,"y":756},{"x":1578,"y":754},{"x":1418,"y":719},{"x":1261,"y":778},{"x":1062,"y":810}]},{"usedWorldBlocks":[{"x":0,"y":3},{"x":0,"y":2},{"x":0,"y":1},{"x":1,"y":1},{"x":2,"y":1},{"x":3,"y":1},{"x":3,"y":2},{"x":2,"y":2},{"x":1,"y":2},{"x":1,"y":3},{"x":2,"y":3},{"x":3,"y":3},{"x":4,"y":2},{"x":4,"y":3},{"x":5,"y":3},{"x":6,"y":3},{"x":6,"y":2},{"x":7,"y":2},{"x":7,"y":3},{"x":6,"y":4},{"x":5,"y":4},{"x":4,"y":4},{"x":3,"y":4},{"x":2,"y":4},{"x":1,"y":4},{"x":0,"y":4},{"x":8,"y":2},{"x":9,"y":2},{"x":8,"y":3},{"x":9,"y":4},{"x":8,"y":4},{"x":10,"y":2},{"x":10,"y":3},{"x":10,"y":4},{"x":11,"y":2},{"x":12,"y":2},{"x":13,"y":2},{"x":13,"y":3},{"x":13,"y":4},{"x":12,"y":4},{"x":12,"y":3},{"x":11,"y":3},{"x":11,"y":4},{"x":14,"y":2},{"x":14,"y":3},{"x":14,"y":4},{"x":15,"y":2},{"x":15,"y":1},{"x":16,"y":2},{"x":16,"y":1},{"x":17,"y":1},{"x":17,"y":2},{"x":16,"y":3},{"x":16,"y":4},{"x":15,"y":4},{"x":15,"y":3},{"x":18,"y":2},{"x":19,"y":2},{"x":18,"y":3},{"x":19,"y":3},{"x":19,"y":4},{"x":18,"y":4},{"x":17,"y":4},{"x":17,"y":3},{"x":18,"y":1},{"x":19,"y":1},{"x":10,"y":1},{"x":11,"y":1},{"x":12,"y":1},{"x":13,"y":1},{"x":20,"y":1},{"x":21,"y":1},{"x":20,"y":2},{"x":21,"y":2},{"x":21,"y":3},{"x":21,"y":4},{"x":20,"y":4},{"x":20,"y":3},{"x":22,"y":2},{"x":22,"y":1},{"x":23,"y":2},{"x":23,"y":1},{"x":24,"y":1},{"x":25,"y":1},{"x":25,"y":2},{"x":26,"y":2},{"x":25,"y":3},{"x":25,"y":4},{"x":24,"y":2},{"x":23,"y":3},{"x":22,"y":3},{"x":22,"y":4},{"x":27,"y":2},{"x":28,"y":2},{"x":29,"y":2},{"x":29,"y":3},{"x":29,"y":4},{"x":28,"y":3},{"x":28,"y":4},{"x":27,"y":3},{"x":27,"y":4},{"x":26,"y":4},{"x":26,"y":3},{"x":27,"y":1},{"x":28,"y":1},{"x":29,"y":1},{"x":26,"y":1},{"x":24,"y":0},{"x":25,"y":0},{"x":26,"y":0},{"x":30,"y":2},{"x":30,"y":1},{"x":31,"y":1},{"x":32,"y":1},{"x":32,"y":2},{"x":33,"y":1},{"x":34,"y":1},{"x":35,"y":1},{"x":35,"y":2},{"x":34,"y":2},{"x":34,"y":3},{"x":34,"y":4},{"x":33,"y":3},{"x":33,"y":2},{"x":31,"y":2},{"x":31,"y":3},{"x":30,"y":3},{"x":31,"y":4},{"x":30,"y":4},{"x":36,"y":1},{"x":37,"y":1},{"x":37,"y":0},{"x":38,"y":0},{"x":37,"y":2},{"x":36,"y":2},{"x":36,"y":3},{"x":36,"y":4},{"x":38,"y":1},{"x":39,"y":1},{"x":40,"y":1},{"x":40,"y":2},{"x":39,"y":2},{"x":30,"y":0},{"x":31,"y":0},{"x":32,"y":0},{"x":33,"y":0},{"x":34,"y":0},{"x":35,"y":0},{"x":36,"y":0}],"terrainTextureId":"polygon_terrain_1","polygon":[{"x":2120,"y":517},{"x":2259,"y":489},{"x":2417,"y":488},{"x":2584,"y":455},{"x":2732,"y":430},{"x":2889,"y":404},{"x":2945,"y":550},{"x":3150,"y":482},{"x":3099,"y":740},{"x":3076,"y":875},{"x":2884,"y":913},{"x":2836,"y":737},{"x":2665,"y":727},{"x":2450,"y":649},{"x":2244,"y":702},{"x":2026,"y":718}]}]],[[{"usedWorldBlocks":[{"x":0,"y":3},{"x":0,"y":2},{"x":0,"y":1},{"x":1,"y":1},{"x":2,"y":1},{"x":3,"y":1},{"x":3,"y":2},{"x":2,"y":2},{"x":1,"y":2},{"x":1,"y":3},{"x":2,"y":3},{"x":3,"y":3},{"x":4,"y":2},{"x":4,"y":3},{"x":5,"y":3},{"x":6,"y":3},{"x":6,"y":2},{"x":7,"y":2},{"x":7,"y":3},{"x":6,"y":4},{"x":5,"y":4},{"x":4,"y":4},{"x":3,"y":4},{"x":2,"y":4},{"x":1,"y":4},{"x":0,"y":4},{"x":8,"y":2},{"x":9,"y":2},{"x":8,"y":3},{"x":9,"y":4},{"x":8,"y":4},{"x":10,"y":2},{"x":10,"y":3},{"x":10,"y":4},{"x":11,"y":2},{"x":12,"y":2},{"x":13,"y":2},{"x":13,"y":3},{"x":13,"y":4},{"x":12,"y":4},{"x":12,"y":3},{"x":11,"y":3},{"x":11,"y":4},{"x":14,"y":2},{"x":14,"y":3},{"x":14,"y":4},{"x":15,"y":2},{"x":15,"y":1},{"x":16,"y":2},{"x":16,"y":1},{"x":17,"y":1},{"x":17,"y":2},{"x":16,"y":3},{"x":16,"y":4},{"x":15,"y":4},{"x":15,"y":3},{"x":18,"y":2},{"x":19,"y":2},{"x":18,"y":3},{"x":19,"y":3},{"x":19,"y":4},{"x":18,"y":4},{"x":17,"y":4},{"x":17,"y":3},{"x":18,"y":1},{"x":19,"y":1},{"x":10,"y":1},{"x":11,"y":1},{"x":12,"y":1},{"x":13,"y":1},{"x":20,"y":1},{"x":21,"y":1},{"x":20,"y":2},{"x":21,"y":2},{"x":21,"y":3},{"x":21,"y":4},{"x":20,"y":4},{"x":20,"y":3},{"x":22,"y":2},{"x":22,"y":1},{"x":23,"y":2},{"x":23,"y":1},{"x":24,"y":1},{"x":25,"y":1},{"x":25,"y":2},{"x":26,"y":2},{"x":25,"y":3},{"x":25,"y":4},{"x":24,"y":2},{"x":23,"y":3},{"x":22,"y":3},{"x":22,"y":4},{"x":27,"y":2},{"x":28,"y":2},{"x":29,"y":2},{"x":29,"y":3},{"x":29,"y":4},{"x":28,"y":3},{"x":28,"y":4},{"x":27,"y":3},{"x":27,"y":4},{"x":26,"y":4},{"x":26,"y":3},{"x":27,"y":1},{"x":28,"y":1},{"x":29,"y":1},{"x":26,"y":1},{"x":24,"y":0},{"x":25,"y":0},{"x":26,"y":0},{"x":30,"y":2},{"x":30,"y":1},{"x":31,"y":1},{"x":32,"y":1},{"x":32,"y":2},{"x":33,"y":1},{"x":34,"y":1},{"x":35,"y":1},{"x":35,"y":2},{"x":34,"y":2},{"x":34,"y":3},{"x":34,"y":4},{"x":33,"y":3},{"x":33,"y":2},{"x":31,"y":2},{"x":31,"y":3},{"x":30,"y":3},{"x":31,"y":4},{"x":30,"y":4},{"x":36,"y":1},{"x":37,"y":1},{"x":37,"y":0},{"x":38,"y":0},{"x":37,"y":2},{"x":36,"y":2},{"x":36,"y":3},{"x":36,"y":4},{"x":38,"y":1},{"x":39,"y":1},{"x":40,"y":1},{"x":40,"y":2},{"x":39,"y":2},{"x":30,"y":0},{"x":31,"y":0},{"x":32,"y":0},{"x":33,"y":0},{"x":34,"y":0},{"x":35,"y":0},{"x":36,"y":0}],"terrainTextureId":"polygon_terrain_1","polygon":[{"x":254,"y":1045},{"x":454,"y":936},{"x":686,"y":982},{"x":861,"y":889},{"x":1005,"y":848},{"x":1189,"y":795},{"x":1198,"y":837},{"x":1031,"y":1058},{"x":1121,"y":1109},{"x":1336,"y":1050},{"x":1480,"y":1008},{"x":1624,"y":966},{"x":1754,"y":990},{"x":1938,"y":825},{"x":2088,"y":839},{"x":2267,"y":853},{"x":2446,"y":775},{"x":2642,"y":689},{"x":2671,"y":733},{"x":2541,"y":904},{"x":2598,"y":1045},{"x":2517,"y":1126},{"x":2390,"y":1207},{"x":2378,"y":1356},{"x":2300,"y":1475},{"x":2352,"y":1672},{"x":2277,"y":1875},{"x":2457,"y":2056},{"x":2307,"y":2054},{"x":2040,"y":2051},{"x":2114,"y":1907},{"x":2113,"y":1634},{"x":1998,"y":1538},{"x":1799,"y":1370},{"x":1655,"y":1329},{"x":1508,"y":1469},{"x":1350,"y":1394},{"x":1216,"y":1482},{"x":981,"y":1352},{"x":779,"y":1472},{"x":730,"y":1329},{"x":553,"y":1323},{"x":569,"y":1505},{"x":458,"y":1654},{"x":515,"y":1882},{"x":552,"y":2057},{"x":438,"y":1959},{"x":330,"y":1941},{"x":218,"y":2073},{"x":201,"y":1924},{"x":228,"y":1766},{"x":164,"y":1592},{"x":188,"y":1444},{"x":229,"y":1193}]},{"usedWorldBlocks":[{"x":0,"y":3},{"x":0,"y":2},{"x":0,"y":1},{"x":1,"y":1},{"x":2,"y":1},{"x":3,"y":1},{"x":3,"y":2},{"x":2,"y":2},{"x":1,"y":2},{"x":1,"y":3},{"x":2,"y":3},{"x":3,"y":3},{"x":4,"y":2},{"x":4,"y":3},{"x":5,"y":3},{"x":6,"y":3},{"x":6,"y":2},{"x":7,"y":2},{"x":7,"y":3},{"x":6,"y":4},{"x":5,"y":4},{"x":4,"y":4},{"x":3,"y":4},{"x":2,"y":4},{"x":1,"y":4},{"x":0,"y":4},{"x":8,"y":2},{"x":9,"y":2},{"x":8,"y":3},{"x":9,"y":4},{"x":8,"y":4},{"x":10,"y":2},{"x":10,"y":3},{"x":10,"y":4},{"x":11,"y":2},{"x":12,"y":2},{"x":13,"y":2},{"x":13,"y":3},{"x":13,"y":4},{"x":12,"y":4},{"x":12,"y":3},{"x":11,"y":3},{"x":11,"y":4},{"x":14,"y":2},{"x":14,"y":3},{"x":14,"y":4},{"x":15,"y":2},{"x":15,"y":1},{"x":16,"y":2},{"x":16,"y":1},{"x":17,"y":1},{"x":17,"y":2},{"x":16,"y":3},{"x":16,"y":4},{"x":15,"y":4},{"x":15,"y":3},{"x":18,"y":2},{"x":19,"y":2},{"x":18,"y":3},{"x":19,"y":3},{"x":19,"y":4},{"x":18,"y":4},{"x":17,"y":4},{"x":17,"y":3},{"x":18,"y":1},{"x":19,"y":1},{"x":10,"y":1},{"x":11,"y":1},{"x":12,"y":1},{"x":13,"y":1},{"x":20,"y":1},{"x":21,"y":1},{"x":20,"y":2},{"x":21,"y":2},{"x":21,"y":3},{"x":21,"y":4},{"x":20,"y":4},{"x":20,"y":3},{"x":22,"y":2},{"x":22,"y":1},{"x":23,"y":2},{"x":23,"y":1},{"x":24,"y":1},{"x":25,"y":1},{"x":25,"y":2},{"x":26,"y":2},{"x":25,"y":3},{"x":25,"y":4},{"x":24,"y":2},{"x":23,"y":3},{"x":22,"y":3},{"x":22,"y":4},{"x":27,"y":2},{"x":28,"y":2},{"x":29,"y":2},{"x":29,"y":3},{"x":29,"y":4},{"x":28,"y":3},{"x":28,"y":4},{"x":27,"y":3},{"x":27,"y":4},{"x":26,"y":4},{"x":26,"y":3},{"x":27,"y":1},{"x":28,"y":1},{"x":29,"y":1},{"x":26,"y":1},{"x":24,"y":0},{"x":25,"y":0},{"x":26,"y":0},{"x":30,"y":2},{"x":30,"y":1},{"x":31,"y":1},{"x":32,"y":1},{"x":32,"y":2},{"x":33,"y":1},{"x":34,"y":1},{"x":35,"y":1},{"x":35,"y":2},{"x":34,"y":2},{"x":34,"y":3},{"x":34,"y":4},{"x":33,"y":3},{"x":33,"y":2},{"x":31,"y":2},{"x":31,"y":3},{"x":30,"y":3},{"x":31,"y":4},{"x":30,"y":4},{"x":36,"y":1},{"x":37,"y":1},{"x":37,"y":0},{"x":38,"y":0},{"x":37,"y":2},{"x":36,"y":2},{"x":36,"y":3},{"x":36,"y":4},{"x":38,"y":1},{"x":39,"y":1},{"x":40,"y":1},{"x":40,"y":2},{"x":39,"y":2},{"x":30,"y":0},{"x":31,"y":0},{"x":32,"y":0},{"x":33,"y":0},{"x":34,"y":0},{"x":35,"y":0},{"x":36,"y":0}],"terrainTextureId":"polygon_terrain_1","polygon":[{"x":2867,"y":730},{"x":2977,"y":773},{"x":3129,"y":733},{"x":3259,"y":587},{"x":3415,"y":632},{"x":3571,"y":570},{"x":3678,"y":465},{"x":3855,"y":457},{"x":4045,"y":413},{"x":4048,"y":467},{"x":3901,"y":613},{"x":3881,"y":827},{"x":3829,"y":977},{"x":3644,"y":1071},{"x":3665,"y":1182},{"x":3470,"y":1090},{"x":3360,"y":1114},{"x":3284,"y":1230},{"x":3365,"y":1360},{"x":3335,"y":1627},{"x":3426,"y":1834},{"x":3418,"y":2066},{"x":3268,"y":2065},{"x":3079,"y":2064},{"x":3109,"y":1935},{"x":3071,"y":1764},{"x":3100,"y":1603},{"x":3061,"y":1384},{"x":2974,"y":1251},{"x":2937,"y":1093},{"x":2821,"y":897}]},{"usedWorldBlocks":[{"x":0,"y":3},{"x":0,"y":2},{"x":0,"y":1},{"x":1,"y":1},{"x":2,"y":1},{"x":3,"y":1},{"x":3,"y":2},{"x":2,"y":2},{"x":1,"y":2},{"x":1,"y":3},{"x":2,"y":3},{"x":3,"y":3},{"x":4,"y":2},{"x":4,"y":3},{"x":5,"y":3},{"x":6,"y":3},{"x":6,"y":2},{"x":7,"y":2},{"x":7,"y":3},{"x":6,"y":4},{"x":5,"y":4},{"x":4,"y":4},{"x":3,"y":4},{"x":2,"y":4},{"x":1,"y":4},{"x":0,"y":4},{"x":8,"y":2},{"x":9,"y":2},{"x":8,"y":3},{"x":9,"y":4},{"x":8,"y":4},{"x":10,"y":2},{"x":10,"y":3},{"x":10,"y":4},{"x":11,"y":2},{"x":12,"y":2},{"x":13,"y":2},{"x":13,"y":3},{"x":13,"y":4},{"x":12,"y":4},{"x":12,"y":3},{"x":11,"y":3},{"x":11,"y":4},{"x":14,"y":2},{"x":14,"y":3},{"x":14,"y":4},{"x":15,"y":2},{"x":15,"y":1},{"x":16,"y":2},{"x":16,"y":1},{"x":17,"y":1},{"x":17,"y":2},{"x":16,"y":3},{"x":16,"y":4},{"x":15,"y":4},{"x":15,"y":3},{"x":18,"y":2},{"x":19,"y":2},{"x":18,"y":3},{"x":19,"y":3},{"x":19,"y":4},{"x":18,"y":4},{"x":17,"y":4},{"x":17,"y":3},{"x":18,"y":1},{"x":19,"y":1},{"x":10,"y":1},{"x":11,"y":1},{"x":12,"y":1},{"x":13,"y":1},{"x":20,"y":1},{"x":21,"y":1},{"x":20,"y":2},{"x":21,"y":2},{"x":21,"y":3},{"x":21,"y":4},{"x":20,"y":4},{"x":20,"y":3},{"x":22,"y":2},{"x":22,"y":1},{"x":23,"y":2},{"x":23,"y":1},{"x":24,"y":1},{"x":25,"y":1},{"x":25,"y":2},{"x":26,"y":2},{"x":25,"y":3},{"x":25,"y":4},{"x":24,"y":2},{"x":23,"y":3},{"x":22,"y":3},{"x":22,"y":4},{"x":27,"y":2},{"x":28,"y":2},{"x":29,"y":2},{"x":29,"y":3},{"x":29,"y":4},{"x":28,"y":3},{"x":28,"y":4},{"x":27,"y":3},{"x":27,"y":4},{"x":26,"y":4},{"x":26,"y":3},{"x":27,"y":1},{"x":28,"y":1},{"x":29,"y":1},{"x":26,"y":1},{"x":24,"y":0},{"x":25,"y":0},{"x":26,"y":0},{"x":30,"y":2},{"x":30,"y":1},{"x":31,"y":1},{"x":32,"y":1},{"x":32,"y":2},{"x":33,"y":1},{"x":34,"y":1},{"x":35,"y":1},{"x":35,"y":2},{"x":34,"y":2},{"x":34,"y":3},{"x":34,"y":4},{"x":33,"y":3},{"x":33,"y":2},{"x":31,"y":2},{"x":31,"y":3},{"x":30,"y":3},{"x":31,"y":4},{"x":30,"y":4},{"x":36,"y":1},{"x":37,"y":1},{"x":37,"y":0},{"x":38,"y":0},{"x":37,"y":2},{"x":36,"y":2},{"x":36,"y":3},{"x":36,"y":4},{"x":38,"y":1},{"x":39,"y":1},{"x":40,"y":1},{"x":40,"y":2},{"x":39,"y":2},{"x":30,"y":0},{"x":31,"y":0},{"x":32,"y":0},{"x":33,"y":0},{"x":34,"y":0},{"x":35,"y":0},{"x":36,"y":0}],"terrainTextureId":"polygon_terrain_1","polygon":[{"x":4152,"y":832},{"x":4206,"y":697},{"x":4322,"y":622},{"x":4517,"y":624},{"x":4670,"y":669},{"x":4819,"y":654},{"x":5025,"y":634},{"x":5033,"y":821},{"x":5041,"y":1078},{"x":4901,"y":1026},{"x":4714,"y":897},{"x":4453,"y":940},{"x":4249,"y":901}]},{"usedWorldBlocks":[{"x":0,"y":3},{"x":0,"y":2},{"x":0,"y":1},{"x":1,"y":1},{"x":2,"y":1},{"x":3,"y":1},{"x":3,"y":2},{"x":2,"y":2},{"x":1,"y":2},{"x":1,"y":3},{"x":2,"y":3},{"x":3,"y":3},{"x":4,"y":2},{"x":4,"y":3},{"x":5,"y":3},{"x":6,"y":3},{"x":6,"y":2},{"x":7,"y":2},{"x":7,"y":3},{"x":6,"y":4},{"x":5,"y":4},{"x":4,"y":4},{"x":3,"y":4},{"x":2,"y":4},{"x":1,"y":4},{"x":0,"y":4},{"x":8,"y":2},{"x":9,"y":2},{"x":8,"y":3},{"x":9,"y":4},{"x":8,"y":4},{"x":10,"y":2},{"x":10,"y":3},{"x":10,"y":4},{"x":11,"y":2},{"x":12,"y":2},{"x":13,"y":2},{"x":13,"y":3},{"x":13,"y":4},{"x":12,"y":4},{"x":12,"y":3},{"x":11,"y":3},{"x":11,"y":4},{"x":14,"y":2},{"x":14,"y":3},{"x":14,"y":4},{"x":15,"y":2},{"x":15,"y":1},{"x":16,"y":2},{"x":16,"y":1},{"x":17,"y":1},{"x":17,"y":2},{"x":16,"y":3},{"x":16,"y":4},{"x":15,"y":4},{"x":15,"y":3},{"x":18,"y":2},{"x":19,"y":2},{"x":18,"y":3},{"x":19,"y":3},{"x":19,"y":4},{"x":18,"y":4},{"x":17,"y":4},{"x":17,"y":3},{"x":18,"y":1},{"x":19,"y":1},{"x":10,"y":1},{"x":11,"y":1},{"x":12,"y":1},{"x":13,"y":1},{"x":20,"y":1},{"x":21,"y":1},{"x":20,"y":2},{"x":21,"y":2},{"x":21,"y":3},{"x":21,"y":4},{"x":20,"y":4},{"x":20,"y":3},{"x":22,"y":2},{"x":22,"y":1},{"x":23,"y":2},{"x":23,"y":1},{"x":24,"y":1},{"x":25,"y":1},{"x":25,"y":2},{"x":26,"y":2},{"x":25,"y":3},{"x":25,"y":4},{"x":24,"y":2},{"x":23,"y":3},{"x":22,"y":3},{"x":22,"y":4},{"x":27,"y":2},{"x":28,"y":2},{"x":29,"y":2},{"x":29,"y":3},{"x":29,"y":4},{"x":28,"y":3},{"x":28,"y":4},{"x":27,"y":3},{"x":27,"y":4},{"x":26,"y":4},{"x":26,"y":3},{"x":27,"y":1},{"x":28,"y":1},{"x":29,"y":1},{"x":26,"y":1},{"x":24,"y":0},{"x":25,"y":0},{"x":26,"y":0},{"x":30,"y":2},{"x":30,"y":1},{"x":31,"y":1},{"x":32,"y":1},{"x":32,"y":2},{"x":33,"y":1},{"x":34,"y":1},{"x":35,"y":1},{"x":35,"y":2},{"x":34,"y":2},{"x":34,"y":3},{"x":34,"y":4},{"x":33,"y":3},{"x":33,"y":2},{"x":31,"y":2},{"x":31,"y":3},{"x":30,"y":3},{"x":31,"y":4},{"x":30,"y":4},{"x":36,"y":1},{"x":37,"y":1},{"x":37,"y":0},{"x":38,"y":0},{"x":37,"y":2},{"x":36,"y":2},{"x":36,"y":3},{"x":36,"y":4},{"x":38,"y":1},{"x":39,"y":1},{"x":40,"y":1},{"x":40,"y":2},{"x":39,"y":2},{"x":30,"y":0},{"x":31,"y":0},{"x":32,"y":0},{"x":33,"y":0},{"x":34,"y":0},{"x":35,"y":0},{"x":36,"y":0}],"terrainTextureId":"polygon_terrain_1","polygon":[{"x":64,"y":532},{"x":214,"y":518},{"x":296,"y":499},{"x":565,"y":416},{"x":773,"y":503},{"x":879,"y":404},{"x":1028,"y":383},{"x":1202,"y":359},{"x":1245,"y":462},{"x":1108,"y":523},{"x":864,"y":631},{"x":604,"y":743},{"x":454,"y":733},{"x":338,"y":674},{"x":94,"y":720}]},{"usedWorldBlocks":[{"x":0,"y":3},{"x":0,"y":2},{"x":0,"y":1},{"x":1,"y":1},{"x":2,"y":1},{"x":3,"y":1},{"x":3,"y":2},{"x":2,"y":2},{"x":1,"y":2},{"x":1,"y":3},{"x":2,"y":3},{"x":3,"y":3},{"x":4,"y":2},{"x":4,"y":3},{"x":5,"y":3},{"x":6,"y":3},{"x":6,"y":2},{"x":7,"y":2},{"x":7,"y":3},{"x":6,"y":4},{"x":5,"y":4},{"x":4,"y":4},{"x":3,"y":4},{"x":2,"y":4},{"x":1,"y":4},{"x":0,"y":4},{"x":8,"y":2},{"x":9,"y":2},{"x":8,"y":3},{"x":9,"y":4},{"x":8,"y":4},{"x":10,"y":2},{"x":10,"y":3},{"x":10,"y":4},{"x":11,"y":2},{"x":12,"y":2},{"x":13,"y":2},{"x":13,"y":3},{"x":13,"y":4},{"x":12,"y":4},{"x":12,"y":3},{"x":11,"y":3},{"x":11,"y":4},{"x":14,"y":2},{"x":14,"y":3},{"x":14,"y":4},{"x":15,"y":2},{"x":15,"y":1},{"x":16,"y":2},{"x":16,"y":1},{"x":17,"y":1},{"x":17,"y":2},{"x":16,"y":3},{"x":16,"y":4},{"x":15,"y":4},{"x":15,"y":3},{"x":18,"y":2},{"x":19,"y":2},{"x":18,"y":3},{"x":19,"y":3},{"x":19,"y":4},{"x":18,"y":4},{"x":17,"y":4},{"x":17,"y":3},{"x":18,"y":1},{"x":19,"y":1},{"x":10,"y":1},{"x":11,"y":1},{"x":12,"y":1},{"x":13,"y":1},{"x":20,"y":1},{"x":21,"y":1},{"x":20,"y":2},{"x":21,"y":2},{"x":21,"y":3},{"x":21,"y":4},{"x":20,"y":4},{"x":20,"y":3},{"x":22,"y":2},{"x":22,"y":1},{"x":23,"y":2},{"x":23,"y":1},{"x":24,"y":1},{"x":25,"y":1},{"x":25,"y":2},{"x":26,"y":2},{"x":25,"y":3},{"x":25,"y":4},{"x":24,"y":2},{"x":23,"y":3},{"x":22,"y":3},{"x":22,"y":4},{"x":27,"y":2},{"x":28,"y":2},{"x":29,"y":2},{"x":29,"y":3},{"x":29,"y":4},{"x":28,"y":3},{"x":28,"y":4},{"x":27,"y":3},{"x":27,"y":4},{"x":26,"y":4},{"x":26,"y":3},{"x":27,"y":1},{"x":28,"y":1},{"x":29,"y":1},{"x":26,"y":1},{"x":24,"y":0},{"x":25,"y":0},{"x":26,"y":0},{"x":30,"y":2},{"x":30,"y":1},{"x":31,"y":1},{"x":32,"y":1},{"x":32,"y":2},{"x":33,"y":1},{"x":34,"y":1},{"x":35,"y":1},{"x":35,"y":2},{"x":34,"y":2},{"x":34,"y":3},{"x":34,"y":4},{"x":33,"y":3},{"x":33,"y":2},{"x":31,"y":2},{"x":31,"y":3},{"x":30,"y":3},{"x":31,"y":4},{"x":30,"y":4},{"x":36,"y":1},{"x":37,"y":1},{"x":37,"y":0},{"x":38,"y":0},{"x":37,"y":2},{"x":36,"y":2},{"x":36,"y":3},{"x":36,"y":4},{"x":38,"y":1},{"x":39,"y":1},{"x":40,"y":1},{"x":40,"y":2},{"x":39,"y":2},{"x":30,"y":0},{"x":31,"y":0},{"x":32,"y":0},{"x":33,"y":0},{"x":34,"y":0},{"x":35,"y":0},{"x":36,"y":0}],"terrainTextureId":"polygon_terrain_1","polygon":[{"x":1480,"y":332},{"x":1636,"y":350},{"x":1777,"y":298},{"x":1930,"y":240},{"x":2079,"y":252},{"x":2269,"y":268},{"x":2484,"y":253},{"x":2746,"y":240},{"x":2710,"y":358},{"x":2493,"y":437},{"x":2361,"y":542},{"x":2097,"y":559},{"x":1888,"y":486},{"x":1644,"y":630},{"x":1486,"y":500}]},{"usedWorldBlocks":[{"x":0,"y":3},{"x":0,"y":2},{"x":0,"y":1},{"x":1,"y":1},{"x":2,"y":1},{"x":3,"y":1},{"x":3,"y":2},{"x":2,"y":2},{"x":1,"y":2},{"x":1,"y":3},{"x":2,"y":3},{"x":3,"y":3},{"x":4,"y":2},{"x":4,"y":3},{"x":5,"y":3},{"x":6,"y":3},{"x":6,"y":2},{"x":7,"y":2},{"x":7,"y":3},{"x":6,"y":4},{"x":5,"y":4},{"x":4,"y":4},{"x":3,"y":4},{"x":2,"y":4},{"x":1,"y":4},{"x":0,"y":4},{"x":8,"y":2},{"x":9,"y":2},{"x":8,"y":3},{"x":9,"y":4},{"x":8,"y":4},{"x":10,"y":2},{"x":10,"y":3},{"x":10,"y":4},{"x":11,"y":2},{"x":12,"y":2},{"x":13,"y":2},{"x":13,"y":3},{"x":13,"y":4},{"x":12,"y":4},{"x":12,"y":3},{"x":11,"y":3},{"x":11,"y":4},{"x":14,"y":2},{"x":14,"y":3},{"x":14,"y":4},{"x":15,"y":2},{"x":15,"y":1},{"x":16,"y":2},{"x":16,"y":1},{"x":17,"y":1},{"x":17,"y":2},{"x":16,"y":3},{"x":16,"y":4},{"x":15,"y":4},{"x":15,"y":3},{"x":18,"y":2},{"x":19,"y":2},{"x":18,"y":3},{"x":19,"y":3},{"x":19,"y":4},{"x":18,"y":4},{"x":17,"y":4},{"x":17,"y":3},{"x":18,"y":1},{"x":19,"y":1},{"x":10,"y":1},{"x":11,"y":1},{"x":12,"y":1},{"x":13,"y":1},{"x":20,"y":1},{"x":21,"y":1},{"x":20,"y":2},{"x":21,"y":2},{"x":21,"y":3},{"x":21,"y":4},{"x":20,"y":4},{"x":20,"y":3},{"x":22,"y":2},{"x":22,"y":1},{"x":23,"y":2},{"x":23,"y":1},{"x":24,"y":1},{"x":25,"y":1},{"x":25,"y":2},{"x":26,"y":2},{"x":25,"y":3},{"x":25,"y":4},{"x":24,"y":2},{"x":23,"y":3},{"x":22,"y":3},{"x":22,"y":4},{"x":27,"y":2},{"x":28,"y":2},{"x":29,"y":2},{"x":29,"y":3},{"x":29,"y":4},{"x":28,"y":3},{"x":28,"y":4},{"x":27,"y":3},{"x":27,"y":4},{"x":26,"y":4},{"x":26,"y":3},{"x":27,"y":1},{"x":28,"y":1},{"x":29,"y":1},{"x":26,"y":1},{"x":24,"y":0},{"x":25,"y":0},{"x":26,"y":0},{"x":30,"y":2},{"x":30,"y":1},{"x":31,"y":1},{"x":32,"y":1},{"x":32,"y":2},{"x":33,"y":1},{"x":34,"y":1},{"x":35,"y":1},{"x":35,"y":2},{"x":34,"y":2},{"x":34,"y":3},{"x":34,"y":4},{"x":33,"y":3},{"x":33,"y":2},{"x":31,"y":2},{"x":31,"y":3},{"x":30,"y":3},{"x":31,"y":4},{"x":30,"y":4},{"x":36,"y":1},{"x":37,"y":1},{"x":37,"y":0},{"x":38,"y":0},{"x":37,"y":2},{"x":36,"y":2},{"x":36,"y":3},{"x":36,"y":4},{"x":38,"y":1},{"x":39,"y":1},{"x":40,"y":1},{"x":40,"y":2},{"x":39,"y":2},{"x":30,"y":0},{"x":31,"y":0},{"x":32,"y":0},{"x":33,"y":0},{"x":34,"y":0},{"x":35,"y":0},{"x":36,"y":0}],"terrainTextureId":"polygon_terrain_1","polygon":[{"x":2793,"y":97},{"x":2967,"y":138},{"x":3218,"y":75},{"x":3365,"y":99},{"x":3483,"y":113},{"x":3660,"y":76},{"x":3821,"y":74},{"x":4051,"y":111},{"x":3863,"y":233},{"x":3649,"y":235},{"x":3471,"y":262},{"x":3307,"y":229},{"x":3164,"y":370},{"x":2947,"y":436},{"x":2805,"y":341}]}]]],"worldId":0,"polygonBackgroundData":[[[{"usedWorldBlocks":[{"x":0,"y":2},{"x":1,"y":2},{"x":2,"y":2},{"x":2,"y":3},{"x":3,"y":3},{"x":1,"y":3},{"x":0,"y":3},{"x":16,"y":1},{"x":17,"y":1},{"x":18,"y":1},{"x":19,"y":1},{"x":19,"y":2},{"x":18,"y":2},{"x":17,"y":2},{"x":17,"y":3},{"x":17,"y":4},{"x":16,"y":4},{"x":16,"y":3},{"x":16,"y":2},{"x":11,"y":1},{"x":12,"y":1},{"x":13,"y":1},{"x":13,"y":2},{"x":12,"y":2},{"x":11,"y":2},{"x":20,"y":1},{"x":21,"y":1},{"x":21,"y":2},{"x":20,"y":2},{"x":26,"y":1},{"x":27,"y":1},{"x":27,"y":2},{"x":28,"y":1},{"x":29,"y":1},{"x":29,"y":2},{"x":28,"y":2},{"x":26,"y":3},{"x":26,"y":4},{"x":25,"y":4},{"x":25,"y":3},{"x":25,"y":2},{"x":26,"y":2},{"x":24,"y":1},{"x":25,"y":1},{"x":24,"y":2},{"x":22,"y":1},{"x":23,"y":1},{"x":23,"y":2},{"x":22,"y":2},{"x":35,"y":0},{"x":36,"y":0},{"x":37,"y":0},{"x":38,"y":0},{"x":37,"y":1},{"x":36,"y":1},{"x":35,"y":1},{"x":32,"y":0},{"x":33,"y":0},{"x":34,"y":0},{"x":34,"y":1},{"x":33,"y":2},{"x":32,"y":1},{"x":33,"y":1},{"x":30,"y":1},{"x":31,"y":1},{"x":31,"y":2},{"x":30,"y":2}],"terrainTextureId":"polygon_terrain_dark_1","polygon":[{"x":177,"y":1299},{"x":327,"y":1299},{"x":527,"y":1262},{"x":717,"y":1321},{"x":943,"y":1262},{"x":1144,"y":1304},{"x":1270,"y":1258},{"x":1372,"y":1311},{"x":1459,"y":1248},{"x":1474,"y":1291},{"x":1447,"y":1427},{"x":1486,"y":1599},{"x":1660,"y":1792},{"x":1510,"y":1781},{"x":1263,"y":1762},{"x":990,"y":1774},{"x":840,"y":1769},{"x":631,"y":1762},{"x":382,"y":1749},{"x":174,"y":1724},{"x":177,"y":1449}]}]],[[{"usedWorldBlocks":[{"x":0,"y":2},{"x":1,"y":2},{"x":2,"y":2},{"x":2,"y":3},{"x":3,"y":3},{"x":1,"y":3},{"x":0,"y":3},{"x":16,"y":1},{"x":17,"y":1},{"x":18,"y":1},{"x":19,"y":1},{"x":19,"y":2},{"x":18,"y":2},{"x":17,"y":2},{"x":17,"y":3},{"x":17,"y":4},{"x":16,"y":4},{"x":16,"y":3},{"x":16,"y":2},{"x":11,"y":1},{"x":12,"y":1},{"x":13,"y":1},{"x":13,"y":2},{"x":12,"y":2},{"x":11,"y":2},{"x":20,"y":1},{"x":21,"y":1},{"x":21,"y":2},{"x":20,"y":2},{"x":26,"y":1},{"x":27,"y":1},{"x":27,"y":2},{"x":28,"y":1},{"x":29,"y":1},{"x":29,"y":2},{"x":28,"y":2},{"x":26,"y":3},{"x":26,"y":4},{"x":25,"y":4},{"x":25,"y":3},{"x":25,"y":2},{"x":26,"y":2},{"x":24,"y":1},{"x":25,"y":1},{"x":24,"y":2},{"x":22,"y":1},{"x":23,"y":1},{"x":23,"y":2},{"x":22,"y":2},{"x":35,"y":0},{"x":36,"y":0},{"x":37,"y":0},{"x":38,"y":0},{"x":37,"y":1},{"x":36,"y":1},{"x":35,"y":1},{"x":32,"y":0},{"x":33,"y":0},{"x":34,"y":0},{"x":34,"y":1},{"x":33,"y":2},{"x":32,"y":1},{"x":33,"y":1},{"x":30,"y":1},{"x":31,"y":1},{"x":31,"y":2},{"x":30,"y":2}],"terrainTextureId":"polygon_terrain_dark_1","polygon":[{"x":3443,"y":936},{"x":3579,"y":847},{"x":3718,"y":667},{"x":3804,"y":747},{"x":4023,"y":769},{"x":4128,"y":799},{"x":4252,"y":753},{"x":4515,"y":847},{"x":4720,"y":962},{"x":4864,"y":983},{"x":4714,"y":1123},{"x":4656,"y":1285},{"x":4614,"y":1296},{"x":4404,"y":1288},{"x":4181,"y":1277},{"x":4031,"y":1287},{"x":3834,"y":1301},{"x":3795,"y":1547},{"x":3796,"y":1693},{"x":3618,"y":1807},{"x":3676,"y":2035},{"x":3522,"y":2042},{"x":3381,"y":2017},{"x":3093,"y":2049},{"x":3047,"y":1986},{"x":3173,"y":1719},{"x":3259,"y":1586},{"x":3335,"y":1457},{"x":3422,"y":1310},{"x":3580,"y":1071},{"x":3496,"y":984}]},{"usedWorldBlocks":[{"x":0,"y":2},{"x":1,"y":2},{"x":2,"y":2},{"x":2,"y":3},{"x":3,"y":3},{"x":1,"y":3},{"x":0,"y":3},{"x":16,"y":1},{"x":17,"y":1},{"x":18,"y":1},{"x":19,"y":1},{"x":19,"y":2},{"x":18,"y":2},{"x":17,"y":2},{"x":17,"y":3},{"x":17,"y":4},{"x":16,"y":4},{"x":16,"y":3},{"x":16,"y":2},{"x":11,"y":1},{"x":12,"y":1},{"x":13,"y":1},{"x":13,"y":2},{"x":12,"y":2},{"x":11,"y":2},{"x":20,"y":1},{"x":21,"y":1},{"x":21,"y":2},{"x":20,"y":2},{"x":26,"y":1},{"x":27,"y":1},{"x":27,"y":2},{"x":28,"y":1},{"x":29,"y":1},{"x":29,"y":2},{"x":28,"y":2},{"x":26,"y":3},{"x":26,"y":4},{"x":25,"y":4},{"x":25,"y":3},{"x":25,"y":2},{"x":26,"y":2},{"x":24,"y":1},{"x":25,"y":1},{"x":24,"y":2},{"x":22,"y":1},{"x":23,"y":1},{"x":23,"y":2},{"x":22,"y":2},{"x":35,"y":0},{"x":36,"y":0},{"x":37,"y":0},{"x":38,"y":0},{"x":37,"y":1},{"x":36,"y":1},{"x":35,"y":1},{"x":32,"y":0},{"x":33,"y":0},{"x":34,"y":0},{"x":34,"y":1},{"x":33,"y":2},{"x":32,"y":1},{"x":33,"y":1},{"x":30,"y":1},{"x":31,"y":1},{"x":31,"y":2},{"x":30,"y":2}],"terrainTextureId":"polygon_terrain_dark_1","polygon":[{"x":510,"y":780},{"x":652,"y":825},{"x":795,"y":871},{"x":971,"y":928},{"x":1136,"y":893},{"x":1334,"y":857},{"x":1477,"y":837},{"x":1535,"y":721},{"x":1731,"y":757},{"x":1695,"y":934},{"x":1725,"y":1131},{"x":1584,"y":1185},{"x":1416,"y":1200},{"x":1290,"y":1319},{"x":1144,"y":1351},{"x":978,"y":1388},{"x":828,"y":1379},{"x":544,"y":1364},{"x":575,"y":1161},{"x":522,"y":972}]}]],[[{"usedWorldBlocks":[{"x":0,"y":2},{"x":1,"y":2},{"x":2,"y":2},{"x":2,"y":3},{"x":3,"y":3},{"x":1,"y":3},{"x":0,"y":3},{"x":16,"y":1},{"x":17,"y":1},{"x":18,"y":1},{"x":19,"y":1},{"x":19,"y":2},{"x":18,"y":2},{"x":17,"y":2},{"x":17,"y":3},{"x":17,"y":4},{"x":16,"y":4},{"x":16,"y":3},{"x":16,"y":2},{"x":11,"y":1},{"x":12,"y":1},{"x":13,"y":1},{"x":13,"y":2},{"x":12,"y":2},{"x":11,"y":2},{"x":20,"y":1},{"x":21,"y":1},{"x":21,"y":2},{"x":20,"y":2},{"x":26,"y":1},{"x":27,"y":1},{"x":27,"y":2},{"x":28,"y":1},{"x":29,"y":1},{"x":29,"y":2},{"x":28,"y":2},{"x":26,"y":3},{"x":26,"y":4},{"x":25,"y":4},{"x":25,"y":3},{"x":25,"y":2},{"x":26,"y":2},{"x":24,"y":1},{"x":25,"y":1},{"x":24,"y":2},{"x":22,"y":1},{"x":23,"y":1},{"x":23,"y":2},{"x":22,"y":2},{"x":35,"y":0},{"x":36,"y":0},{"x":37,"y":0},{"x":38,"y":0},{"x":37,"y":1},{"x":36,"y":1},{"x":35,"y":1},{"x":32,"y":0},{"x":33,"y":0},{"x":34,"y":0},{"x":34,"y":1},{"x":33,"y":2},{"x":32,"y":1},{"x":33,"y":1},{"x":30,"y":1},{"x":31,"y":1},{"x":31,"y":2},{"x":30,"y":2}],"terrainTextureId":"polygon_terrain_dark_1","polygon":[{"x":113,"y":986},{"x":263,"y":986},{"x":410,"y":954},{"x":573,"y":919},{"x":655,"y":925},{"x":672,"y":1026},{"x":812,"y":1216},{"x":663,"y":1262},{"x":505,"y":1279},{"x":358,"y":1311},{"x":166,"y":1353},{"x":157,"y":1146}]},{"usedWorldBlocks":[{"x":0,"y":2},{"x":1,"y":2},{"x":2,"y":2},{"x":2,"y":3},{"x":3,"y":3},{"x":1,"y":3},{"x":0,"y":3},{"x":16,"y":1},{"x":17,"y":1},{"x":18,"y":1},{"x":19,"y":1},{"x":19,"y":2},{"x":18,"y":2},{"x":17,"y":2},{"x":17,"y":3},{"x":17,"y":4},{"x":16,"y":4},{"x":16,"y":3},{"x":16,"y":2},{"x":11,"y":1},{"x":12,"y":1},{"x":13,"y":1},{"x":13,"y":2},{"x":12,"y":2},{"x":11,"y":2},{"x":20,"y":1},{"x":21,"y":1},{"x":21,"y":2},{"x":20,"y":2},{"x":26,"y":1},{"x":27,"y":1},{"x":27,"y":2},{"x":28,"y":1},{"x":29,"y":1},{"x":29,"y":2},{"x":28,"y":2},{"x":26,"y":3},{"x":26,"y":4},{"x":25,"y":4},{"x":25,"y":3},{"x":25,"y":2},{"x":26,"y":2},{"x":24,"y":1},{"x":25,"y":1},{"x":24,"y":2},{"x":22,"y":1},{"x":23,"y":1},{"x":23,"y":2},{"x":22,"y":2},{"x":35,"y":0},{"x":36,"y":0},{"x":37,"y":0},{"x":38,"y":0},{"x":37,"y":1},{"x":36,"y":1},{"x":35,"y":1},{"x":32,"y":0},{"x":33,"y":0},{"x":34,"y":0},{"x":34,"y":1},{"x":33,"y":2},{"x":32,"y":1},{"x":33,"y":1},{"x":30,"y":1},{"x":31,"y":1},{"x":31,"y":2},{"x":30,"y":2}],"terrainTextureId":"polygon_terrain_dark_1","polygon":[{"x":3269,"y":749},{"x":3462,"y":719},{"x":3595,"y":810},{"x":3738,"y":903},{"x":3817,"y":959},{"x":3866,"y":1025},{"x":4124,"y":937},{"x":4264,"y":834},{"x":4391,"y":732},{"x":4560,"y":752},{"x":4843,"y":726},{"x":4714,"y":853},{"x":4680,"y":1043},{"x":4757,"y":1175},{"x":4689,"y":1210},{"x":4480,"y":1231},{"x":4271,"y":1307},{"x":4014,"y":1374},{"x":3828,"y":1436},{"x":3596,"y":1457},{"x":3459,"y":1623},{"x":3329,"y":1687},{"x":3449,"y":1906},{"x":3408,"y":2058},{"x":3123,"y":2063},{"x":2968,"y":2054},{"x":2922,"y":2019},{"x":2841,"y":2012},{"x":2797,"y":1773},{"x":2825,"y":1625},{"x":2861,"y":1432},{"x":2974,"y":1333},{"x":2988,"y":1253},{"x":3015,"y":1204},{"x":3219,"y":1124},{"x":3295,"y":881}]},{"usedWorldBlocks":[{"x":0,"y":2},{"x":1,"y":2},{"x":2,"y":2},{"x":2,"y":3},{"x":3,"y":3},{"x":1,"y":3},{"x":0,"y":3},{"x":16,"y":1},{"x":17,"y":1},{"x":18,"y":1},{"x":19,"y":1},{"x":19,"y":2},{"x":18,"y":2},{"x":17,"y":2},{"x":17,"y":3},{"x":17,"y":4},{"x":16,"y":4},{"x":16,"y":3},{"x":16,"y":2},{"x":11,"y":1},{"x":12,"y":1},{"x":13,"y":1},{"x":13,"y":2},{"x":12,"y":2},{"x":11,"y":2},{"x":20,"y":1},{"x":21,"y":1},{"x":21,"y":2},{"x":20,"y":2},{"x":26,"y":1},{"x":27,"y":1},{"x":27,"y":2},{"x":28,"y":1},{"x":29,"y":1},{"x":29,"y":2},{"x":28,"y":2},{"x":26,"y":3},{"x":26,"y":4},{"x":25,"y":4},{"x":25,"y":3},{"x":25,"y":2},{"x":26,"y":2},{"x":24,"y":1},{"x":25,"y":1},{"x":24,"y":2},{"x":22,"y":1},{"x":23,"y":1},{"x":23,"y":2},{"x":22,"y":2},{"x":35,"y":0},{"x":36,"y":0},{"x":37,"y":0},{"x":38,"y":0},{"x":37,"y":1},{"x":36,"y":1},{"x":35,"y":1},{"x":32,"y":0},{"x":33,"y":0},{"x":34,"y":0},{"x":34,"y":1},{"x":33,"y":2},{"x":32,"y":1},{"x":33,"y":1},{"x":30,"y":1},{"x":31,"y":1},{"x":31,"y":2},{"x":30,"y":2}],"terrainTextureId":"polygon_terrain_dark_1","polygon":[{"x":2056,"y":692},{"x":2333,"y":642},{"x":2585,"y":636},{"x":2817,"y":646},{"x":3013,"y":737},{"x":3055,"y":850},{"x":2985,"y":1022},{"x":3074,"y":1193},{"x":2893,"y":1218},{"x":2631,"y":1307},{"x":2550,"y":1181},{"x":2401,"y":948},{"x":2254,"y":978},{"x":2012,"y":1028},{"x":2091,"y":841}]},{"usedWorldBlocks":[{"x":0,"y":2},{"x":1,"y":2},{"x":2,"y":2},{"x":2,"y":3},{"x":3,"y":3},{"x":1,"y":3},{"x":0,"y":3},{"x":16,"y":1},{"x":17,"y":1},{"x":18,"y":1},{"x":19,"y":1},{"x":19,"y":2},{"x":18,"y":2},{"x":17,"y":2},{"x":17,"y":3},{"x":17,"y":4},{"x":16,"y":4},{"x":16,"y":3},{"x":16,"y":2},{"x":11,"y":1},{"x":12,"y":1},{"x":13,"y":1},{"x":13,"y":2},{"x":12,"y":2},{"x":11,"y":2},{"x":20,"y":1},{"x":21,"y":1},{"x":21,"y":2},{"x":20,"y":2},{"x":26,"y":1},{"x":27,"y":1},{"x":27,"y":2},{"x":28,"y":1},{"x":29,"y":1},{"x":29,"y":2},{"x":28,"y":2},{"x":26,"y":3},{"x":26,"y":4},{"x":25,"y":4},{"x":25,"y":3},{"x":25,"y":2},{"x":26,"y":2},{"x":24,"y":1},{"x":25,"y":1},{"x":24,"y":2},{"x":22,"y":1},{"x":23,"y":1},{"x":23,"y":2},{"x":22,"y":2},{"x":35,"y":0},{"x":36,"y":0},{"x":37,"y":0},{"x":38,"y":0},{"x":37,"y":1},{"x":36,"y":1},{"x":35,"y":1},{"x":32,"y":0},{"x":33,"y":0},{"x":34,"y":0},{"x":34,"y":1},{"x":33,"y":2},{"x":32,"y":1},{"x":33,"y":1},{"x":30,"y":1},{"x":31,"y":1},{"x":31,"y":2},{"x":30,"y":2}],"terrainTextureId":"polygon_terrain_dark_1","polygon":[{"x":1069,"y":712},{"x":1218,"y":702},{"x":1470,"y":687},{"x":1622,"y":715},{"x":1859,"y":669},{"x":1827,"y":832},{"x":1946,"y":1031},{"x":1814,"y":1102},{"x":1658,"y":1184},{"x":1439,"y":1052},{"x":1297,"y":1101},{"x":1087,"y":1175},{"x":1136,"y":907}]}]],[[{"usedWorldBlocks":[{"x":0,"y":2},{"x":1,"y":2},{"x":2,"y":2},{"x":2,"y":3},{"x":3,"y":3},{"x":1,"y":3},{"x":0,"y":3},{"x":16,"y":1},{"x":17,"y":1},{"x":18,"y":1},{"x":19,"y":1},{"x":19,"y":2},{"x":18,"y":2},{"x":17,"y":2},{"x":17,"y":3},{"x":17,"y":4},{"x":16,"y":4},{"x":16,"y":3},{"x":16,"y":2},{"x":11,"y":1},{"x":12,"y":1},{"x":13,"y":1},{"x":13,"y":2},{"x":12,"y":2},{"x":11,"y":2},{"x":20,"y":1},{"x":21,"y":1},{"x":21,"y":2},{"x":20,"y":2},{"x":26,"y":1},{"x":27,"y":1},{"x":27,"y":2},{"x":28,"y":1},{"x":29,"y":1},{"x":29,"y":2},{"x":28,"y":2},{"x":26,"y":3},{"x":26,"y":4},{"x":25,"y":4},{"x":25,"y":3},{"x":25,"y":2},{"x":26,"y":2},{"x":24,"y":1},{"x":25,"y":1},{"x":24,"y":2},{"x":22,"y":1},{"x":23,"y":1},{"x":23,"y":2},{"x":22,"y":2},{"x":35,"y":0},{"x":36,"y":0},{"x":37,"y":0},{"x":38,"y":0},{"x":37,"y":1},{"x":36,"y":1},{"x":35,"y":1},{"x":32,"y":0},{"x":33,"y":0},{"x":34,"y":0},{"x":34,"y":1},{"x":33,"y":2},{"x":32,"y":1},{"x":33,"y":1},{"x":30,"y":1},{"x":31,"y":1},{"x":31,"y":2},{"x":30,"y":2}],"terrainTextureId":"polygon_terrain_dark_1","polygon":[{"x":2808,"y":260},{"x":2957,"y":261},{"x":3099,"y":249},{"x":3252,"y":222},{"x":3522,"y":148},{"x":3661,"y":167},{"x":3793,"y":173},{"x":3972,"y":128},{"x":3927,"y":287},{"x":4031,"y":443},{"x":3895,"y":501},{"x":3745,"y":504},{"x":3598,"y":573},{"x":3432,"y":679},{"x":3250,"y":679},{"x":3030,"y":774},{"x":2859,"y":798},{"x":2886,"y":650},{"x":2901,"y":503},{"x":2814,"y":342}]},{"usedWorldBlocks":[{"x":0,"y":2},{"x":1,"y":2},{"x":2,"y":2},{"x":2,"y":3},{"x":3,"y":3},{"x":1,"y":3},{"x":0,"y":3},{"x":16,"y":1},{"x":17,"y":1},{"x":18,"y":1},{"x":19,"y":1},{"x":19,"y":2},{"x":18,"y":2},{"x":17,"y":2},{"x":17,"y":3},{"x":17,"y":4},{"x":16,"y":4},{"x":16,"y":3},{"x":16,"y":2},{"x":11,"y":1},{"x":12,"y":1},{"x":13,"y":1},{"x":13,"y":2},{"x":12,"y":2},{"x":11,"y":2},{"x":20,"y":1},{"x":21,"y":1},{"x":21,"y":2},{"x":20,"y":2},{"x":26,"y":1},{"x":27,"y":1},{"x":27,"y":2},{"x":28,"y":1},{"x":29,"y":1},{"x":29,"y":2},{"x":28,"y":2},{"x":26,"y":3},{"x":26,"y":4},{"x":25,"y":4},{"x":25,"y":3},{"x":25,"y":2},{"x":26,"y":2},{"x":24,"y":1},{"x":25,"y":1},{"x":24,"y":2},{"x":22,"y":1},{"x":23,"y":1},{"x":23,"y":2},{"x":22,"y":2},{"x":35,"y":0},{"x":36,"y":0},{"x":37,"y":0},{"x":38,"y":0},{"x":37,"y":1},{"x":36,"y":1},{"x":35,"y":1},{"x":32,"y":0},{"x":33,"y":0},{"x":34,"y":0},{"x":34,"y":1},{"x":33,"y":2},{"x":32,"y":1},{"x":33,"y":1},{"x":30,"y":1},{"x":31,"y":1},{"x":31,"y":2},{"x":30,"y":2}],"terrainTextureId":"polygon_terrain_dark_1","polygon":[{"x":1499,"y":455},{"x":1649,"y":455},{"x":1797,"y":435},{"x":1946,"y":416},{"x":2173,"y":388},{"x":2322,"y":376},{"x":2527,"y":333},{"x":2700,"y":345},{"x":2645,"y":423},{"x":2597,"y":564},{"x":2644,"y":713},{"x":2492,"y":805},{"x":2325,"y":879},{"x":2175,"y":898},{"x":2039,"y":907},{"x":1904,"y":1013},{"x":1706,"y":1047},{"x":1527,"y":1069},{"x":1493,"y":924},{"x":1549,"y":787},{"x":1505,"y":604}]},{"usedWorldBlocks":[{"x":0,"y":2},{"x":1,"y":2},{"x":2,"y":2},{"x":2,"y":3},{"x":3,"y":3},{"x":1,"y":3},{"x":0,"y":3},{"x":16,"y":1},{"x":17,"y":1},{"x":18,"y":1},{"x":19,"y":1},{"x":19,"y":2},{"x":18,"y":2},{"x":17,"y":2},{"x":17,"y":3},{"x":17,"y":4},{"x":16,"y":4},{"x":16,"y":3},{"x":16,"y":2},{"x":11,"y":1},{"x":12,"y":1},{"x":13,"y":1},{"x":13,"y":2},{"x":12,"y":2},{"x":11,"y":2},{"x":20,"y":1},{"x":21,"y":1},{"x":21,"y":2},{"x":20,"y":2},{"x":26,"y":1},{"x":27,"y":1},{"x":27,"y":2},{"x":28,"y":1},{"x":29,"y":1},{"x":29,"y":2},{"x":28,"y":2},{"x":26,"y":3},{"x":26,"y":4},{"x":25,"y":4},{"x":25,"y":3},{"x":25,"y":2},{"x":26,"y":2},{"x":24,"y":1},{"x":25,"y":1},{"x":24,"y":2},{"x":22,"y":1},{"x":23,"y":1},{"x":23,"y":2},{"x":22,"y":2},{"x":35,"y":0},{"x":36,"y":0},{"x":37,"y":0},{"x":38,"y":0},{"x":37,"y":1},{"x":36,"y":1},{"x":35,"y":1},{"x":32,"y":0},{"x":33,"y":0},{"x":34,"y":0},{"x":34,"y":1},{"x":33,"y":2},{"x":32,"y":1},{"x":33,"y":1},{"x":30,"y":1},{"x":31,"y":1},{"x":31,"y":2},{"x":30,"y":2}],"terrainTextureId":"polygon_terrain_dark_1","polygon":[{"x":132,"y":683},{"x":410,"y":594},{"x":602,"y":705},{"x":770,"y":629},{"x":947,"y":539},{"x":1196,"y":453},{"x":1142,"y":612},{"x":1132,"y":830},{"x":901,"y":934},{"x":650,"y":1009},{"x":513,"y":1015},{"x":322,"y":1139},{"x":289,"y":948},{"x":175,"y":830}]}]]],"libraryElements":null,"staticElementData":[{"position":{"x":1553,"y":1639},"scaleX":1,"elementId":"table_direction","rotation":0,"scaleY":1},{"position":{"x":5558,"y":1217},"scaleX":1,"elementId":"table_direction","rotation":8.07,"scaleY":1},{"position":{"x":5297,"y":990},"scaleX":1,"elementId":"table_warning","rotation":0,"scaleY":1},{"position":{"x":6863,"y":1164},"scaleX":0.99,"elementId":"table_danger","rotation":49.38,"scaleY":0.99},{"position":{"x":7066,"y":1024},"scaleX":1,"elementId":"table_direction","rotation":-9.56,"scaleY":1},{"position":{"x":7651,"y":999},"scaleX":1,"elementId":"table_direction","rotation":0,"scaleY":1},{"position":{"x":8607,"y":923},"scaleX":0.99,"elementId":"table_direction","rotation":37.33,"scaleY":0.99},{"position":{"x":8678,"y":1295},"scaleX":1,"elementId":"table_danger","rotation":-50.07,"scaleY":1},{"position":{"x":10751,"y":1053},"scaleX":1,"elementId":"table_warning","rotation":0,"scaleY":1},{"position":{"x":13280,"y":1586},"scaleX":1,"elementId":"table_danger","rotation":-33.9,"scaleY":1},{"position":{"x":13129,"y":1087},"scaleX":1,"elementId":"table_direction","rotation":0,"scaleY":1},{"position":{"x":17590,"y":614},"scaleX":1,"elementId":"table_warning","rotation":0,"scaleY":1}],"enemyPathData":null,"levelId":0}