{"startPoint":{"x":1469,"y":764},"finishPoint":{"x":19518,"y":1117},"collectableItems":[{"x":2214,"y":855},{"x":2250,"y":907},{"x":2287,"y":955},{"x":2342,"y":1007},{"x":3259,"y":1099},{"x":3278,"y":1039},{"x":3246,"y":974},{"x":3899,"y":1482},{"x":3965,"y":1483},{"x":3899,"y":1427},{"x":3962,"y":1426},{"x":7778,"y":1140},{"x":7812,"y":1091},{"x":7835,"y":1032},{"x":7461,"y":1421},{"x":7586,"y":1421},{"x":7490,"y":1475},{"x":7557,"y":1472},{"x":7523,"y":1533},{"x":10157,"y":1368},{"x":10157,"y":1309},{"x":10158,"y":1247},{"x":10157,"y":1434},{"x":13254,"y":1131},{"x":13307,"y":1086},{"x":13314,"y":1017},{"x":13285,"y":958},{"x":13149,"y":1604},{"x":13201,"y":1665},{"x":13270,"y":1702},{"x":13350,"y":1711},{"x":14169,"y":1608},{"x":14245,"y":1625},{"x":14333,"y":1611},{"x":15078,"y":1493},{"x":15152,"y":1494},{"x":15114,"y":1441},{"x":16578,"y":1256},{"x":16640,"y":1258},{"x":16512,"y":1254},{"x":16577,"y":1203},{"x":19283,"y":1078},{"x":19168,"y":1132},{"x":19228,"y":1130},{"x":19341,"y":1081}],"cameraBounds":{"x":0,"y":0,"width":20000,"height":2000,"left":0,"bottom":2000,"right":20000,"top":0,"topLeft":{"x":0,"y":0,"length":0},"size":{"x":20000,"y":2000,"length":20099.751242241782},"bottomRight":{"x":20000,"y":2000,"length":20099.751242241782}},"dynamicElementData":null,"bridgePoints":[{"bridgeAY":1367,"bridgeBX":5121,"bridgeAX":4582,"bridgeBY":1353}],"starValues":[23300,24300,25300],"polygonGroundData":[[[{"usedWorldBlocks":[{"x":1,"y":1},{"x":2,"y":1},{"x":3,"y":1},{"x":4,"y":1},{"x":4,"y":2},{"x":5,"y":2},{"x":5,"y":3},{"x":5,"y":4},{"x":4,"y":4},{"x":4,"y":3},{"x":3,"y":2},{"x":2,"y":2},{"x":1,"y":2},{"x":1,"y":3},{"x":1,"y":4},{"x":0,"y":4},{"x":0,"y":3},{"x":0,"y":2},{"x":0,"y":1},{"x":6,"y":2},{"x":6,"y":1},{"x":5,"y":1},{"x":5,"y":0},{"x":6,"y":0},{"x":7,"y":0},{"x":7,"y":1},{"x":7,"y":2},{"x":6,"y":3},{"x":7,"y":3},{"x":8,"y":4},{"x":7,"y":4},{"x":6,"y":4},{"x":8,"y":3},{"x":8,"y":2},{"x":9,"y":2},{"x":9,"y":3},{"x":9,"y":4},{"x":10,"y":2},{"x":11,"y":2},{"x":12,"y":2},{"x":13,"y":2},{"x":14,"y":2},{"x":14,"y":3},{"x":15,"y":3},{"x":16,"y":3},{"x":17,"y":3},{"x":17,"y":2},{"x":18,"y":2},{"x":19,"y":2},{"x":19,"y":3},{"x":19,"y":4},{"x":18,"y":3},{"x":18,"y":4},{"x":17,"y":4},{"x":16,"y":4},{"x":15,"y":4},{"x":14,"y":4},{"x":13,"y":4},{"x":13,"y":3},{"x":12,"y":3},{"x":11,"y":3},{"x":10,"y":3},{"x":10,"y":4},{"x":15,"y":2},{"x":15,"y":1},{"x":15,"y":0},{"x":16,"y":0},{"x":16,"y":1},{"x":16,"y":2},{"x":20,"y":2},{"x":20,"y":1},{"x":20,"y":0},{"x":21,"y":0},{"x":21,"y":1},{"x":21,"y":2},{"x":20,"y":3},{"x":21,"y":3},{"x":22,"y":2},{"x":23,"y":2},{"x":23,"y":1},{"x":24,"y":1},{"x":24,"y":2},{"x":25,"y":2},{"x":26,"y":2},{"x":26,"y":3},{"x":25,"y":3},{"x":25,"y":4},{"x":22,"y":3},{"x":23,"y":4},{"x":22,"y":4},{"x":21,"y":4},{"x":20,"y":4},{"x":26,"y":1},{"x":25,"y":1},{"x":25,"y":0},{"x":26,"y":0},{"x":27,"y":0},{"x":27,"y":1},{"x":27,"y":2},{"x":27,"y":3},{"x":27,"y":4},{"x":26,"y":4},{"x":28,"y":3},{"x":29,"y":3},{"x":28,"y":4},{"x":29,"y":4},{"x":28,"y":1},{"x":29,"y":1},{"x":29,"y":2},{"x":28,"y":2},{"x":30,"y":3},{"x":30,"y":2},{"x":31,"y":2},{"x":31,"y":3},{"x":31,"y":4},{"x":30,"y":4},{"x":32,"y":2},{"x":32,"y":3},{"x":33,"y":4},{"x":32,"y":4},{"x":33,"y":2},{"x":34,"y":2},{"x":34,"y":1},{"x":35,"y":1},{"x":35,"y":2},{"x":36,"y":2},{"x":36,"y":3},{"x":37,"y":3},{"x":37,"y":2},{"x":38,"y":2},{"x":38,"y":3},{"x":38,"y":4},{"x":37,"y":4},{"x":36,"y":4},{"x":35,"y":4},{"x":35,"y":3},{"x":34,"y":3},{"x":34,"y":4},{"x":33,"y":3},{"x":39,"y":2},{"x":40,"y":2},{"x":40,"y":3},{"x":40,"y":4},{"x":39,"y":4},{"x":39,"y":3},{"x":31,"y":1},{"x":31,"y":0},{"x":32,"y":1},{"x":32,"y":0},{"x":33,"y":0},{"x":33,"y":1}],"terrainTextureId":"polygon_terrain_1","polygon":[{"x":528,"y":844},{"x":677,"y":843},{"x":827,"y":842},{"x":977,"y":842},{"x":1127,"y":841},{"x":1277,"y":841},{"x":1427,"y":840},{"x":1577,"y":839},{"x":1727,"y":845},{"x":1896,"y":818},{"x":2155,"y":871},{"x":2232,"y":984},{"x":2340,"y":1088},{"x":2498,"y":1200},{"x":2644,"y":1245},{"x":2795,"y":1241},{"x":2969,"y":1209},{"x":2986,"y":1310},{"x":2845,"y":1392},{"x":2768,"y":1588},{"x":2663,"y":1692},{"x":2725,"y":1848},{"x":2730,"y":2070},{"x":2589,"y":2054},{"x":2439,"y":2061},{"x":2216,"y":2072},{"x":2367,"y":1893},{"x":2318,"y":1714},{"x":2388,"y":1590},{"x":2262,"y":1486},{"x":2133,"y":1407},{"x":1983,"y":1416},{"x":1832,"y":1425},{"x":1634,"y":1406},{"x":1382,"y":1418},{"x":1232,"y":1421},{"x":1050,"y":1425},{"x":900,"y":1426},{"x":747,"y":1452},{"x":670,"y":1572},{"x":635,"y":1718},{"x":786,"y":1862},{"x":904,"y":2077},{"x":755,"y":2094},{"x":539,"y":2117},{"x":428,"y":2045},{"x":434,"y":1834},{"x":526,"y":1667},{"x":520,"y":1437},{"x":480,"y":1276},{"x":559,"y":1100},{"x":478,"y":945}]},{"usedWorldBlocks":[{"x":1,"y":1},{"x":2,"y":1},{"x":3,"y":1},{"x":4,"y":1},{"x":4,"y":2},{"x":5,"y":2},{"x":5,"y":3},{"x":5,"y":4},{"x":4,"y":4},{"x":4,"y":3},{"x":3,"y":2},{"x":2,"y":2},{"x":1,"y":2},{"x":1,"y":3},{"x":1,"y":4},{"x":0,"y":4},{"x":0,"y":3},{"x":0,"y":2},{"x":0,"y":1},{"x":6,"y":2},{"x":6,"y":1},{"x":5,"y":1},{"x":5,"y":0},{"x":6,"y":0},{"x":7,"y":0},{"x":7,"y":1},{"x":7,"y":2},{"x":6,"y":3},{"x":7,"y":3},{"x":8,"y":4},{"x":7,"y":4},{"x":6,"y":4},{"x":8,"y":3},{"x":8,"y":2},{"x":9,"y":2},{"x":9,"y":3},{"x":9,"y":4},{"x":10,"y":2},{"x":11,"y":2},{"x":12,"y":2},{"x":13,"y":2},{"x":14,"y":2},{"x":14,"y":3},{"x":15,"y":3},{"x":16,"y":3},{"x":17,"y":3},{"x":17,"y":2},{"x":18,"y":2},{"x":19,"y":2},{"x":19,"y":3},{"x":19,"y":4},{"x":18,"y":3},{"x":18,"y":4},{"x":17,"y":4},{"x":16,"y":4},{"x":15,"y":4},{"x":14,"y":4},{"x":13,"y":4},{"x":13,"y":3},{"x":12,"y":3},{"x":11,"y":3},{"x":10,"y":3},{"x":10,"y":4},{"x":15,"y":2},{"x":15,"y":1},{"x":15,"y":0},{"x":16,"y":0},{"x":16,"y":1},{"x":16,"y":2},{"x":20,"y":2},{"x":20,"y":1},{"x":20,"y":0},{"x":21,"y":0},{"x":21,"y":1},{"x":21,"y":2},{"x":20,"y":3},{"x":21,"y":3},{"x":22,"y":2},{"x":23,"y":2},{"x":23,"y":1},{"x":24,"y":1},{"x":24,"y":2},{"x":25,"y":2},{"x":26,"y":2},{"x":26,"y":3},{"x":25,"y":3},{"x":25,"y":4},{"x":22,"y":3},{"x":23,"y":4},{"x":22,"y":4},{"x":21,"y":4},{"x":20,"y":4},{"x":26,"y":1},{"x":25,"y":1},{"x":25,"y":0},{"x":26,"y":0},{"x":27,"y":0},{"x":27,"y":1},{"x":27,"y":2},{"x":27,"y":3},{"x":27,"y":4},{"x":26,"y":4},{"x":28,"y":3},{"x":29,"y":3},{"x":28,"y":4},{"x":29,"y":4},{"x":28,"y":1},{"x":29,"y":1},{"x":29,"y":2},{"x":28,"y":2},{"x":30,"y":3},{"x":30,"y":2},{"x":31,"y":2},{"x":31,"y":3},{"x":31,"y":4},{"x":30,"y":4},{"x":32,"y":2},{"x":32,"y":3},{"x":33,"y":4},{"x":32,"y":4},{"x":33,"y":2},{"x":34,"y":2},{"x":34,"y":1},{"x":35,"y":1},{"x":35,"y":2},{"x":36,"y":2},{"x":36,"y":3},{"x":37,"y":3},{"x":37,"y":2},{"x":38,"y":2},{"x":38,"y":3},{"x":38,"y":4},{"x":37,"y":4},{"x":36,"y":4},{"x":35,"y":4},{"x":35,"y":3},{"x":34,"y":3},{"x":34,"y":4},{"x":33,"y":3},{"x":39,"y":2},{"x":40,"y":2},{"x":40,"y":3},{"x":40,"y":4},{"x":39,"y":4},{"x":39,"y":3},{"x":31,"y":1},{"x":31,"y":0},{"x":32,"y":1},{"x":32,"y":0},{"x":33,"y":0},{"x":33,"y":1}],"terrainTextureId":"polygon_terrain_1","polygon":[{"x":3176,"y":1242},{"x":3313,"y":1168},{"x":3356,"y":1062},{"x":3293,"y":936},{"x":3176,"y":898},{"x":3081,"y":911},{"x":3009,"y":956},{"x":2994,"y":1022},{"x":2865,"y":962},{"x":2788,"y":750},{"x":2902,"y":605},{"x":2839,"y":348},{"x":2951,"y":209},{"x":3168,"y":341},{"x":3359,"y":292},{"x":3479,"y":454},{"x":3693,"y":475},{"x":3790,"y":602},{"x":3764,"y":724},{"x":3669,"y":841},{"x":3572,"y":1020},{"x":3533,"y":1176},{"x":3413,"y":1275},{"x":3326,"y":1392},{"x":3227,"y":1385}]},{"usedWorldBlocks":[{"x":1,"y":1},{"x":2,"y":1},{"x":3,"y":1},{"x":4,"y":1},{"x":4,"y":2},{"x":5,"y":2},{"x":5,"y":3},{"x":5,"y":4},{"x":4,"y":4},{"x":4,"y":3},{"x":3,"y":2},{"x":2,"y":2},{"x":1,"y":2},{"x":1,"y":3},{"x":1,"y":4},{"x":0,"y":4},{"x":0,"y":3},{"x":0,"y":2},{"x":0,"y":1},{"x":6,"y":2},{"x":6,"y":1},{"x":5,"y":1},{"x":5,"y":0},{"x":6,"y":0},{"x":7,"y":0},{"x":7,"y":1},{"x":7,"y":2},{"x":6,"y":3},{"x":7,"y":3},{"x":8,"y":4},{"x":7,"y":4},{"x":6,"y":4},{"x":8,"y":3},{"x":8,"y":2},{"x":9,"y":2},{"x":9,"y":3},{"x":9,"y":4},{"x":10,"y":2},{"x":11,"y":2},{"x":12,"y":2},{"x":13,"y":2},{"x":14,"y":2},{"x":14,"y":3},{"x":15,"y":3},{"x":16,"y":3},{"x":17,"y":3},{"x":17,"y":2},{"x":18,"y":2},{"x":19,"y":2},{"x":19,"y":3},{"x":19,"y":4},{"x":18,"y":3},{"x":18,"y":4},{"x":17,"y":4},{"x":16,"y":4},{"x":15,"y":4},{"x":14,"y":4},{"x":13,"y":4},{"x":13,"y":3},{"x":12,"y":3},{"x":11,"y":3},{"x":10,"y":3},{"x":10,"y":4},{"x":15,"y":2},{"x":15,"y":1},{"x":15,"y":0},{"x":16,"y":0},{"x":16,"y":1},{"x":16,"y":2},{"x":20,"y":2},{"x":20,"y":1},{"x":20,"y":0},{"x":21,"y":0},{"x":21,"y":1},{"x":21,"y":2},{"x":20,"y":3},{"x":21,"y":3},{"x":22,"y":2},{"x":23,"y":2},{"x":23,"y":1},{"x":24,"y":1},{"x":24,"y":2},{"x":25,"y":2},{"x":26,"y":2},{"x":26,"y":3},{"x":25,"y":3},{"x":25,"y":4},{"x":22,"y":3},{"x":23,"y":4},{"x":22,"y":4},{"x":21,"y":4},{"x":20,"y":4},{"x":26,"y":1},{"x":25,"y":1},{"x":25,"y":0},{"x":26,"y":0},{"x":27,"y":0},{"x":27,"y":1},{"x":27,"y":2},{"x":27,"y":3},{"x":27,"y":4},{"x":26,"y":4},{"x":28,"y":3},{"x":29,"y":3},{"x":28,"y":4},{"x":29,"y":4},{"x":28,"y":1},{"x":29,"y":1},{"x":29,"y":2},{"x":28,"y":2},{"x":30,"y":3},{"x":30,"y":2},{"x":31,"y":2},{"x":31,"y":3},{"x":31,"y":4},{"x":30,"y":4},{"x":32,"y":2},{"x":32,"y":3},{"x":33,"y":4},{"x":32,"y":4},{"x":33,"y":2},{"x":34,"y":2},{"x":34,"y":1},{"x":35,"y":1},{"x":35,"y":2},{"x":36,"y":2},{"x":36,"y":3},{"x":37,"y":3},{"x":37,"y":2},{"x":38,"y":2},{"x":38,"y":3},{"x":38,"y":4},{"x":37,"y":4},{"x":36,"y":4},{"x":35,"y":4},{"x":35,"y":3},{"x":34,"y":3},{"x":34,"y":4},{"x":33,"y":3},{"x":39,"y":2},{"x":40,"y":2},{"x":40,"y":3},{"x":40,"y":4},{"x":39,"y":4},{"x":39,"y":3},{"x":31,"y":1},{"x":31,"y":0},{"x":32,"y":1},{"x":32,"y":0},{"x":33,"y":0},{"x":33,"y":1}],"terrainTextureId":"polygon_terrain_1","polygon":[{"x":2903,"y":1565},{"x":2996,"y":1523},{"x":3097,"y":1633},{"x":3240,"y":1737},{"x":3406,"y":1754},{"x":3543,"y":1693},{"x":3773,"y":1591},{"x":3841,"y":1632},{"x":3854,"y":1786},{"x":3927,"y":1916},{"x":4019,"y":2048},{"x":3869,"y":2046},{"x":3674,"y":2043},{"x":3653,"y":1878},{"x":3407,"y":1856},{"x":3300,"y":2049},{"x":3151,"y":2066},{"x":2939,"y":2090},{"x":3017,"y":1931},{"x":2903,"y":1715}]},{"usedWorldBlocks":[{"x":1,"y":1},{"x":2,"y":1},{"x":3,"y":1},{"x":4,"y":1},{"x":4,"y":2},{"x":5,"y":2},{"x":5,"y":3},{"x":5,"y":4},{"x":4,"y":4},{"x":4,"y":3},{"x":3,"y":2},{"x":2,"y":2},{"x":1,"y":2},{"x":1,"y":3},{"x":1,"y":4},{"x":0,"y":4},{"x":0,"y":3},{"x":0,"y":2},{"x":0,"y":1},{"x":6,"y":2},{"x":6,"y":1},{"x":5,"y":1},{"x":5,"y":0},{"x":6,"y":0},{"x":7,"y":0},{"x":7,"y":1},{"x":7,"y":2},{"x":6,"y":3},{"x":7,"y":3},{"x":8,"y":4},{"x":7,"y":4},{"x":6,"y":4},{"x":8,"y":3},{"x":8,"y":2},{"x":9,"y":2},{"x":9,"y":3},{"x":9,"y":4},{"x":10,"y":2},{"x":11,"y":2},{"x":12,"y":2},{"x":13,"y":2},{"x":14,"y":2},{"x":14,"y":3},{"x":15,"y":3},{"x":16,"y":3},{"x":17,"y":3},{"x":17,"y":2},{"x":18,"y":2},{"x":19,"y":2},{"x":19,"y":3},{"x":19,"y":4},{"x":18,"y":3},{"x":18,"y":4},{"x":17,"y":4},{"x":16,"y":4},{"x":15,"y":4},{"x":14,"y":4},{"x":13,"y":4},{"x":13,"y":3},{"x":12,"y":3},{"x":11,"y":3},{"x":10,"y":3},{"x":10,"y":4},{"x":15,"y":2},{"x":15,"y":1},{"x":15,"y":0},{"x":16,"y":0},{"x":16,"y":1},{"x":16,"y":2},{"x":20,"y":2},{"x":20,"y":1},{"x":20,"y":0},{"x":21,"y":0},{"x":21,"y":1},{"x":21,"y":2},{"x":20,"y":3},{"x":21,"y":3},{"x":22,"y":2},{"x":23,"y":2},{"x":23,"y":1},{"x":24,"y":1},{"x":24,"y":2},{"x":25,"y":2},{"x":26,"y":2},{"x":26,"y":3},{"x":25,"y":3},{"x":25,"y":4},{"x":22,"y":3},{"x":23,"y":4},{"x":22,"y":4},{"x":21,"y":4},{"x":20,"y":4},{"x":26,"y":1},{"x":25,"y":1},{"x":25,"y":0},{"x":26,"y":0},{"x":27,"y":0},{"x":27,"y":1},{"x":27,"y":2},{"x":27,"y":3},{"x":27,"y":4},{"x":26,"y":4},{"x":28,"y":3},{"x":29,"y":3},{"x":28,"y":4},{"x":29,"y":4},{"x":28,"y":1},{"x":29,"y":1},{"x":29,"y":2},{"x":28,"y":2},{"x":30,"y":3},{"x":30,"y":2},{"x":31,"y":2},{"x":31,"y":3},{"x":31,"y":4},{"x":30,"y":4},{"x":32,"y":2},{"x":32,"y":3},{"x":33,"y":4},{"x":32,"y":4},{"x":33,"y":2},{"x":34,"y":2},{"x":34,"y":1},{"x":35,"y":1},{"x":35,"y":2},{"x":36,"y":2},{"x":36,"y":3},{"x":37,"y":3},{"x":37,"y":2},{"x":38,"y":2},{"x":38,"y":3},{"x":38,"y":4},{"x":37,"y":4},{"x":36,"y":4},{"x":35,"y":4},{"x":35,"y":3},{"x":34,"y":3},{"x":34,"y":4},{"x":33,"y":3},{"x":39,"y":2},{"x":40,"y":2},{"x":40,"y":3},{"x":40,"y":4},{"x":39,"y":4},{"x":39,"y":3},{"x":31,"y":1},{"x":31,"y":0},{"x":32,"y":1},{"x":32,"y":0},{"x":33,"y":0},{"x":33,"y":1}],"terrainTextureId":"polygon_terrain_1","polygon":[{"x":4113,"y":1634},{"x":4294,"y":1515},{"x":4443,"y":1333},{"x":4556,"y":1357},{"x":4604,"y":1512},{"x":4569,"y":1658},{"x":4688,"y":1807},{"x":4676,"y":2054},{"x":4469,"y":2071},{"x":4325,"y":2028},{"x":4332,"y":1811},{"x":4200,"y":1782}]}]],[[{"usedWorldBlocks":[{"x":1,"y":1},{"x":2,"y":1},{"x":3,"y":1},{"x":4,"y":1},{"x":4,"y":2},{"x":5,"y":2},{"x":5,"y":3},{"x":5,"y":4},{"x":4,"y":4},{"x":4,"y":3},{"x":3,"y":2},{"x":2,"y":2},{"x":1,"y":2},{"x":1,"y":3},{"x":1,"y":4},{"x":0,"y":4},{"x":0,"y":3},{"x":0,"y":2},{"x":0,"y":1},{"x":6,"y":2},{"x":6,"y":1},{"x":5,"y":1},{"x":5,"y":0},{"x":6,"y":0},{"x":7,"y":0},{"x":7,"y":1},{"x":7,"y":2},{"x":6,"y":3},{"x":7,"y":3},{"x":8,"y":4},{"x":7,"y":4},{"x":6,"y":4},{"x":8,"y":3},{"x":8,"y":2},{"x":9,"y":2},{"x":9,"y":3},{"x":9,"y":4},{"x":10,"y":2},{"x":11,"y":2},{"x":12,"y":2},{"x":13,"y":2},{"x":14,"y":2},{"x":14,"y":3},{"x":15,"y":3},{"x":16,"y":3},{"x":17,"y":3},{"x":17,"y":2},{"x":18,"y":2},{"x":19,"y":2},{"x":19,"y":3},{"x":19,"y":4},{"x":18,"y":3},{"x":18,"y":4},{"x":17,"y":4},{"x":16,"y":4},{"x":15,"y":4},{"x":14,"y":4},{"x":13,"y":4},{"x":13,"y":3},{"x":12,"y":3},{"x":11,"y":3},{"x":10,"y":3},{"x":10,"y":4},{"x":15,"y":2},{"x":15,"y":1},{"x":15,"y":0},{"x":16,"y":0},{"x":16,"y":1},{"x":16,"y":2},{"x":20,"y":2},{"x":20,"y":1},{"x":20,"y":0},{"x":21,"y":0},{"x":21,"y":1},{"x":21,"y":2},{"x":20,"y":3},{"x":21,"y":3},{"x":22,"y":2},{"x":23,"y":2},{"x":23,"y":1},{"x":24,"y":1},{"x":24,"y":2},{"x":25,"y":2},{"x":26,"y":2},{"x":26,"y":3},{"x":25,"y":3},{"x":25,"y":4},{"x":22,"y":3},{"x":23,"y":4},{"x":22,"y":4},{"x":21,"y":4},{"x":20,"y":4},{"x":26,"y":1},{"x":25,"y":1},{"x":25,"y":0},{"x":26,"y":0},{"x":27,"y":0},{"x":27,"y":1},{"x":27,"y":2},{"x":27,"y":3},{"x":27,"y":4},{"x":26,"y":4},{"x":28,"y":3},{"x":29,"y":3},{"x":28,"y":4},{"x":29,"y":4},{"x":28,"y":1},{"x":29,"y":1},{"x":29,"y":2},{"x":28,"y":2},{"x":30,"y":3},{"x":30,"y":2},{"x":31,"y":2},{"x":31,"y":3},{"x":31,"y":4},{"x":30,"y":4},{"x":32,"y":2},{"x":32,"y":3},{"x":33,"y":4},{"x":32,"y":4},{"x":33,"y":2},{"x":34,"y":2},{"x":34,"y":1},{"x":35,"y":1},{"x":35,"y":2},{"x":36,"y":2},{"x":36,"y":3},{"x":37,"y":3},{"x":37,"y":2},{"x":38,"y":2},{"x":38,"y":3},{"x":38,"y":4},{"x":37,"y":4},{"x":36,"y":4},{"x":35,"y":4},{"x":35,"y":3},{"x":34,"y":3},{"x":34,"y":4},{"x":33,"y":3},{"x":39,"y":2},{"x":40,"y":2},{"x":40,"y":3},{"x":40,"y":4},{"x":39,"y":4},{"x":39,"y":3},{"x":31,"y":1},{"x":31,"y":0},{"x":32,"y":1},{"x":32,"y":0},{"x":33,"y":0},{"x":33,"y":1}],"terrainTextureId":"polygon_terrain_1","polygon":[{"x":103,"y":1388},{"x":168,"y":1342},{"x":329,"y":1320},{"x":520,"y":1235},{"x":668,"y":1260},{"x":919,"y":1167},{"x":1071,"y":1136},{"x":1305,"y":1029},{"x":1442,"y":1106},{"x":1580,"y":1216},{"x":1740,"y":1279},{"x":1887,"y":1307},{"x":2037,"y":1296},{"x":2186,"y":1284},{"x":2444,"y":1214},{"x":2451,"y":1315},{"x":2361,"y":1563},{"x":2377,"y":1714},{"x":2474,"y":1823},{"x":2620,"y":1855},{"x":2770,"y":1878},{"x":2904,"y":1869},{"x":3049,"y":1831},{"x":3180,"y":1759},{"x":3431,"y":1623},{"x":3578,"y":1593},{"x":3727,"y":1523},{"x":3874,"y":1436},{"x":4045,"y":1470},{"x":4186,"y":1416},{"x":4338,"y":1320},{"x":4489,"y":1184},{"x":4630,"y":1133},{"x":4797,"y":1074},{"x":4906,"y":1070},{"x":4960,"y":1145},{"x":4876,"y":1290},{"x":4903,"y":1506},{"x":4836,"y":1763},{"x":4934,"y":1848},{"x":4960,"y":2061},{"x":4699,"y":2050},{"x":4633,"y":1914},{"x":4721,"y":1756},{"x":4674,"y":1542},{"x":4488,"y":1450},{"x":4214,"y":1513},{"x":3989,"y":1706},{"x":4140,"y":1853},{"x":4086,"y":2060},{"x":3964,"y":2126},{"x":3774,"y":2056},{"x":3787,"y":1883},{"x":3695,"y":1756},{"x":3545,"y":1761},{"x":3377,"y":1766},{"x":3183,"y":1855},{"x":3281,"y":2047},{"x":3131,"y":2043},{"x":2939,"y":2038},{"x":2730,"y":2038},{"x":2481,"y":2028},{"x":2363,"y":2026},{"x":2195,"y":2059},{"x":2045,"y":2065},{"x":1750,"y":2077},{"x":1760,"y":1875},{"x":1633,"y":1690},{"x":1463,"y":1512},{"x":1333,"y":1438},{"x":1197,"y":1361},{"x":945,"y":1472},{"x":728,"y":1518},{"x":563,"y":1567},{"x":443,"y":1666},{"x":325,"y":1752},{"x":374,"y":1893},{"x":428,"y":2049},{"x":278,"y":2045},{"x":52,"y":2038},{"x":120,"y":1906},{"x":111,"y":1744},{"x":155,"y":1534}]},{"usedWorldBlocks":[{"x":1,"y":1},{"x":2,"y":1},{"x":3,"y":1},{"x":4,"y":1},{"x":4,"y":2},{"x":5,"y":2},{"x":5,"y":3},{"x":5,"y":4},{"x":4,"y":4},{"x":4,"y":3},{"x":3,"y":2},{"x":2,"y":2},{"x":1,"y":2},{"x":1,"y":3},{"x":1,"y":4},{"x":0,"y":4},{"x":0,"y":3},{"x":0,"y":2},{"x":0,"y":1},{"x":6,"y":2},{"x":6,"y":1},{"x":5,"y":1},{"x":5,"y":0},{"x":6,"y":0},{"x":7,"y":0},{"x":7,"y":1},{"x":7,"y":2},{"x":6,"y":3},{"x":7,"y":3},{"x":8,"y":4},{"x":7,"y":4},{"x":6,"y":4},{"x":8,"y":3},{"x":8,"y":2},{"x":9,"y":2},{"x":9,"y":3},{"x":9,"y":4},{"x":10,"y":2},{"x":11,"y":2},{"x":12,"y":2},{"x":13,"y":2},{"x":14,"y":2},{"x":14,"y":3},{"x":15,"y":3},{"x":16,"y":3},{"x":17,"y":3},{"x":17,"y":2},{"x":18,"y":2},{"x":19,"y":2},{"x":19,"y":3},{"x":19,"y":4},{"x":18,"y":3},{"x":18,"y":4},{"x":17,"y":4},{"x":16,"y":4},{"x":15,"y":4},{"x":14,"y":4},{"x":13,"y":4},{"x":13,"y":3},{"x":12,"y":3},{"x":11,"y":3},{"x":10,"y":3},{"x":10,"y":4},{"x":15,"y":2},{"x":15,"y":1},{"x":15,"y":0},{"x":16,"y":0},{"x":16,"y":1},{"x":16,"y":2},{"x":20,"y":2},{"x":20,"y":1},{"x":20,"y":0},{"x":21,"y":0},{"x":21,"y":1},{"x":21,"y":2},{"x":20,"y":3},{"x":21,"y":3},{"x":22,"y":2},{"x":23,"y":2},{"x":23,"y":1},{"x":24,"y":1},{"x":24,"y":2},{"x":25,"y":2},{"x":26,"y":2},{"x":26,"y":3},{"x":25,"y":3},{"x":25,"y":4},{"x":22,"y":3},{"x":23,"y":4},{"x":22,"y":4},{"x":21,"y":4},{"x":20,"y":4},{"x":26,"y":1},{"x":25,"y":1},{"x":25,"y":0},{"x":26,"y":0},{"x":27,"y":0},{"x":27,"y":1},{"x":27,"y":2},{"x":27,"y":3},{"x":27,"y":4},{"x":26,"y":4},{"x":28,"y":3},{"x":29,"y":3},{"x":28,"y":4},{"x":29,"y":4},{"x":28,"y":1},{"x":29,"y":1},{"x":29,"y":2},{"x":28,"y":2},{"x":30,"y":3},{"x":30,"y":2},{"x":31,"y":2},{"x":31,"y":3},{"x":31,"y":4},{"x":30,"y":4},{"x":32,"y":2},{"x":32,"y":3},{"x":33,"y":4},{"x":32,"y":4},{"x":33,"y":2},{"x":34,"y":2},{"x":34,"y":1},{"x":35,"y":1},{"x":35,"y":2},{"x":36,"y":2},{"x":36,"y":3},{"x":37,"y":3},{"x":37,"y":2},{"x":38,"y":2},{"x":38,"y":3},{"x":38,"y":4},{"x":37,"y":4},{"x":36,"y":4},{"x":35,"y":4},{"x":35,"y":3},{"x":34,"y":3},{"x":34,"y":4},{"x":33,"y":3},{"x":39,"y":2},{"x":40,"y":2},{"x":40,"y":3},{"x":40,"y":4},{"x":39,"y":4},{"x":39,"y":3},{"x":31,"y":1},{"x":31,"y":0},{"x":32,"y":1},{"x":32,"y":0},{"x":33,"y":0},{"x":33,"y":1}],"terrainTextureId":"polygon_terrain_1","polygon":[{"x":2663,"y":1382},{"x":2830,"y":1210},{"x":2907,"y":1070},{"x":2915,"y":865},{"x":2765,"y":669},{"x":2703,"y":509},{"x":2838,"y":359},{"x":3019,"y":283},{"x":3301,"y":286},{"x":3219,"y":411},{"x":3246,"y":698},{"x":3216,"y":981},{"x":3163,"y":1099},{"x":3129,"y":1285},{"x":2985,"y":1418},{"x":2851,"y":1450},{"x":2709,"y":1486}]}]],[[{"usedWorldBlocks":[{"x":1,"y":1},{"x":2,"y":1},{"x":3,"y":1},{"x":4,"y":1},{"x":4,"y":2},{"x":5,"y":2},{"x":5,"y":3},{"x":5,"y":4},{"x":4,"y":4},{"x":4,"y":3},{"x":3,"y":2},{"x":2,"y":2},{"x":1,"y":2},{"x":1,"y":3},{"x":1,"y":4},{"x":0,"y":4},{"x":0,"y":3},{"x":0,"y":2},{"x":0,"y":1},{"x":6,"y":2},{"x":6,"y":1},{"x":5,"y":1},{"x":5,"y":0},{"x":6,"y":0},{"x":7,"y":0},{"x":7,"y":1},{"x":7,"y":2},{"x":6,"y":3},{"x":7,"y":3},{"x":8,"y":4},{"x":7,"y":4},{"x":6,"y":4},{"x":8,"y":3},{"x":8,"y":2},{"x":9,"y":2},{"x":9,"y":3},{"x":9,"y":4},{"x":10,"y":2},{"x":11,"y":2},{"x":12,"y":2},{"x":13,"y":2},{"x":14,"y":2},{"x":14,"y":3},{"x":15,"y":3},{"x":16,"y":3},{"x":17,"y":3},{"x":17,"y":2},{"x":18,"y":2},{"x":19,"y":2},{"x":19,"y":3},{"x":19,"y":4},{"x":18,"y":3},{"x":18,"y":4},{"x":17,"y":4},{"x":16,"y":4},{"x":15,"y":4},{"x":14,"y":4},{"x":13,"y":4},{"x":13,"y":3},{"x":12,"y":3},{"x":11,"y":3},{"x":10,"y":3},{"x":10,"y":4},{"x":15,"y":2},{"x":15,"y":1},{"x":15,"y":0},{"x":16,"y":0},{"x":16,"y":1},{"x":16,"y":2},{"x":20,"y":2},{"x":20,"y":1},{"x":20,"y":0},{"x":21,"y":0},{"x":21,"y":1},{"x":21,"y":2},{"x":20,"y":3},{"x":21,"y":3},{"x":22,"y":2},{"x":23,"y":2},{"x":23,"y":1},{"x":24,"y":1},{"x":24,"y":2},{"x":25,"y":2},{"x":26,"y":2},{"x":26,"y":3},{"x":25,"y":3},{"x":25,"y":4},{"x":22,"y":3},{"x":23,"y":4},{"x":22,"y":4},{"x":21,"y":4},{"x":20,"y":4},{"x":26,"y":1},{"x":25,"y":1},{"x":25,"y":0},{"x":26,"y":0},{"x":27,"y":0},{"x":27,"y":1},{"x":27,"y":2},{"x":27,"y":3},{"x":27,"y":4},{"x":26,"y":4},{"x":28,"y":3},{"x":29,"y":3},{"x":28,"y":4},{"x":29,"y":4},{"x":28,"y":1},{"x":29,"y":1},{"x":29,"y":2},{"x":28,"y":2},{"x":30,"y":3},{"x":30,"y":2},{"x":31,"y":2},{"x":31,"y":3},{"x":31,"y":4},{"x":30,"y":4},{"x":32,"y":2},{"x":32,"y":3},{"x":33,"y":4},{"x":32,"y":4},{"x":33,"y":2},{"x":34,"y":2},{"x":34,"y":1},{"x":35,"y":1},{"x":35,"y":2},{"x":36,"y":2},{"x":36,"y":3},{"x":37,"y":3},{"x":37,"y":2},{"x":38,"y":2},{"x":38,"y":3},{"x":38,"y":4},{"x":37,"y":4},{"x":36,"y":4},{"x":35,"y":4},{"x":35,"y":3},{"x":34,"y":3},{"x":34,"y":4},{"x":33,"y":3},{"x":39,"y":2},{"x":40,"y":2},{"x":40,"y":3},{"x":40,"y":4},{"x":39,"y":4},{"x":39,"y":3},{"x":31,"y":1},{"x":31,"y":0},{"x":32,"y":1},{"x":32,"y":0},{"x":33,"y":0},{"x":33,"y":1}],"terrainTextureId":"polygon_terrain_1","polygon":[{"x":329,"y":1081},{"x":377,"y":941},{"x":361,"y":791},{"x":398,"y":625},{"x":344,"y":485},{"x":246,"y":231},{"x":428,"y":239},{"x":568,"y":182},{"x":695,"y":152},{"x":875,"y":216},{"x":819,"y":355},{"x":739,"y":557},{"x":777,"y":758},{"x":769,"y":908},{"x":761,"y":1064},{"x":734,"y":1212},{"x":706,"y":1367},{"x":551,"y":1386},{"x":424,"y":1446},{"x":347,"y":1387},{"x":368,"y":1253}]},{"usedWorldBlocks":[{"x":1,"y":1},{"x":2,"y":1},{"x":3,"y":1},{"x":4,"y":1},{"x":4,"y":2},{"x":5,"y":2},{"x":5,"y":3},{"x":5,"y":4},{"x":4,"y":4},{"x":4,"y":3},{"x":3,"y":2},{"x":2,"y":2},{"x":1,"y":2},{"x":1,"y":3},{"x":1,"y":4},{"x":0,"y":4},{"x":0,"y":3},{"x":0,"y":2},{"x":0,"y":1},{"x":6,"y":2},{"x":6,"y":1},{"x":5,"y":1},{"x":5,"y":0},{"x":6,"y":0},{"x":7,"y":0},{"x":7,"y":1},{"x":7,"y":2},{"x":6,"y":3},{"x":7,"y":3},{"x":8,"y":4},{"x":7,"y":4},{"x":6,"y":4},{"x":8,"y":3},{"x":8,"y":2},{"x":9,"y":2},{"x":9,"y":3},{"x":9,"y":4},{"x":10,"y":2},{"x":11,"y":2},{"x":12,"y":2},{"x":13,"y":2},{"x":14,"y":2},{"x":14,"y":3},{"x":15,"y":3},{"x":16,"y":3},{"x":17,"y":3},{"x":17,"y":2},{"x":18,"y":2},{"x":19,"y":2},{"x":19,"y":3},{"x":19,"y":4},{"x":18,"y":3},{"x":18,"y":4},{"x":17,"y":4},{"x":16,"y":4},{"x":15,"y":4},{"x":14,"y":4},{"x":13,"y":4},{"x":13,"y":3},{"x":12,"y":3},{"x":11,"y":3},{"x":10,"y":3},{"x":10,"y":4},{"x":15,"y":2},{"x":15,"y":1},{"x":15,"y":0},{"x":16,"y":0},{"x":16,"y":1},{"x":16,"y":2},{"x":20,"y":2},{"x":20,"y":1},{"x":20,"y":0},{"x":21,"y":0},{"x":21,"y":1},{"x":21,"y":2},{"x":20,"y":3},{"x":21,"y":3},{"x":22,"y":2},{"x":23,"y":2},{"x":23,"y":1},{"x":24,"y":1},{"x":24,"y":2},{"x":25,"y":2},{"x":26,"y":2},{"x":26,"y":3},{"x":25,"y":3},{"x":25,"y":4},{"x":22,"y":3},{"x":23,"y":4},{"x":22,"y":4},{"x":21,"y":4},{"x":20,"y":4},{"x":26,"y":1},{"x":25,"y":1},{"x":25,"y":0},{"x":26,"y":0},{"x":27,"y":0},{"x":27,"y":1},{"x":27,"y":2},{"x":27,"y":3},{"x":27,"y":4},{"x":26,"y":4},{"x":28,"y":3},{"x":29,"y":3},{"x":28,"y":4},{"x":29,"y":4},{"x":28,"y":1},{"x":29,"y":1},{"x":29,"y":2},{"x":28,"y":2},{"x":30,"y":3},{"x":30,"y":2},{"x":31,"y":2},{"x":31,"y":3},{"x":31,"y":4},{"x":30,"y":4},{"x":32,"y":2},{"x":32,"y":3},{"x":33,"y":4},{"x":32,"y":4},{"x":33,"y":2},{"x":34,"y":2},{"x":34,"y":1},{"x":35,"y":1},{"x":35,"y":2},{"x":36,"y":2},{"x":36,"y":3},{"x":37,"y":3},{"x":37,"y":2},{"x":38,"y":2},{"x":38,"y":3},{"x":38,"y":4},{"x":37,"y":4},{"x":36,"y":4},{"x":35,"y":4},{"x":35,"y":3},{"x":34,"y":3},{"x":34,"y":4},{"x":33,"y":3},{"x":39,"y":2},{"x":40,"y":2},{"x":40,"y":3},{"x":40,"y":4},{"x":39,"y":4},{"x":39,"y":3},{"x":31,"y":1},{"x":31,"y":0},{"x":32,"y":1},{"x":32,"y":0},{"x":33,"y":0},{"x":33,"y":1}],"terrainTextureId":"polygon_terrain_1","polygon":[{"x":47,"y":1593},{"x":233,"y":1647},{"x":382,"y":1712},{"x":554,"y":1670},{"x":661,"y":1595},{"x":799,"y":1546},{"x":953,"y":1470},{"x":1029,"y":1335},{"x":1193,"y":1220},{"x":1363,"y":1198},{"x":1492,"y":1121},{"x":1650,"y":1083},{"x":1801,"y":934},{"x":2046,"y":926},{"x":2151,"y":1060},{"x":2255,"y":1168},{"x":2399,"y":1210},{"x":2543,"y":1251},{"x":2700,"y":1280},{"x":2856,"y":1249},{"x":2990,"y":1196},{"x":3032,"y":1271},{"x":3017,"y":1421},{"x":3073,"y":1547},{"x":2922,"y":1637},{"x":2842,"y":1764},{"x":2891,"y":1905},{"x":2946,"y":2065},{"x":2797,"y":2078},{"x":2500,"y":2067},{"x":2624,"y":1942},{"x":2687,"y":1801},{"x":2605,"y":1642},{"x":2591,"y":1428},{"x":2492,"y":1364},{"x":2328,"y":1387},{"x":2145,"y":1366},{"x":1921,"y":1202},{"x":1674,"y":1227},{"x":1532,"y":1275},{"x":1305,"y":1403},{"x":1274,"y":1532},{"x":1370,"y":1644},{"x":1466,"y":1779},{"x":1478,"y":1924},{"x":1535,"y":2069},{"x":1385,"y":2070},{"x":1230,"y":2071},{"x":1338,"y":1843},{"x":1209,"y":1696},{"x":1059,"y":1691},{"x":879,"y":1719},{"x":785,"y":1827},{"x":706,"y":2074},{"x":507,"y":2038},{"x":357,"y":2043},{"x":188,"y":2048},{"x":199,"y":1891},{"x":35,"y":1672}]},{"usedWorldBlocks":[{"x":1,"y":1},{"x":2,"y":1},{"x":3,"y":1},{"x":4,"y":1},{"x":4,"y":2},{"x":5,"y":2},{"x":5,"y":3},{"x":5,"y":4},{"x":4,"y":4},{"x":4,"y":3},{"x":3,"y":2},{"x":2,"y":2},{"x":1,"y":2},{"x":1,"y":3},{"x":1,"y":4},{"x":0,"y":4},{"x":0,"y":3},{"x":0,"y":2},{"x":0,"y":1},{"x":6,"y":2},{"x":6,"y":1},{"x":5,"y":1},{"x":5,"y":0},{"x":6,"y":0},{"x":7,"y":0},{"x":7,"y":1},{"x":7,"y":2},{"x":6,"y":3},{"x":7,"y":3},{"x":8,"y":4},{"x":7,"y":4},{"x":6,"y":4},{"x":8,"y":3},{"x":8,"y":2},{"x":9,"y":2},{"x":9,"y":3},{"x":9,"y":4},{"x":10,"y":2},{"x":11,"y":2},{"x":12,"y":2},{"x":13,"y":2},{"x":14,"y":2},{"x":14,"y":3},{"x":15,"y":3},{"x":16,"y":3},{"x":17,"y":3},{"x":17,"y":2},{"x":18,"y":2},{"x":19,"y":2},{"x":19,"y":3},{"x":19,"y":4},{"x":18,"y":3},{"x":18,"y":4},{"x":17,"y":4},{"x":16,"y":4},{"x":15,"y":4},{"x":14,"y":4},{"x":13,"y":4},{"x":13,"y":3},{"x":12,"y":3},{"x":11,"y":3},{"x":10,"y":3},{"x":10,"y":4},{"x":15,"y":2},{"x":15,"y":1},{"x":15,"y":0},{"x":16,"y":0},{"x":16,"y":1},{"x":16,"y":2},{"x":20,"y":2},{"x":20,"y":1},{"x":20,"y":0},{"x":21,"y":0},{"x":21,"y":1},{"x":21,"y":2},{"x":20,"y":3},{"x":21,"y":3},{"x":22,"y":2},{"x":23,"y":2},{"x":23,"y":1},{"x":24,"y":1},{"x":24,"y":2},{"x":25,"y":2},{"x":26,"y":2},{"x":26,"y":3},{"x":25,"y":3},{"x":25,"y":4},{"x":22,"y":3},{"x":23,"y":4},{"x":22,"y":4},{"x":21,"y":4},{"x":20,"y":4},{"x":26,"y":1},{"x":25,"y":1},{"x":25,"y":0},{"x":26,"y":0},{"x":27,"y":0},{"x":27,"y":1},{"x":27,"y":2},{"x":27,"y":3},{"x":27,"y":4},{"x":26,"y":4},{"x":28,"y":3},{"x":29,"y":3},{"x":28,"y":4},{"x":29,"y":4},{"x":28,"y":1},{"x":29,"y":1},{"x":29,"y":2},{"x":28,"y":2},{"x":30,"y":3},{"x":30,"y":2},{"x":31,"y":2},{"x":31,"y":3},{"x":31,"y":4},{"x":30,"y":4},{"x":32,"y":2},{"x":32,"y":3},{"x":33,"y":4},{"x":32,"y":4},{"x":33,"y":2},{"x":34,"y":2},{"x":34,"y":1},{"x":35,"y":1},{"x":35,"y":2},{"x":36,"y":2},{"x":36,"y":3},{"x":37,"y":3},{"x":37,"y":2},{"x":38,"y":2},{"x":38,"y":3},{"x":38,"y":4},{"x":37,"y":4},{"x":36,"y":4},{"x":35,"y":4},{"x":35,"y":3},{"x":34,"y":3},{"x":34,"y":4},{"x":33,"y":3},{"x":39,"y":2},{"x":40,"y":2},{"x":40,"y":3},{"x":40,"y":4},{"x":39,"y":4},{"x":39,"y":3},{"x":31,"y":1},{"x":31,"y":0},{"x":32,"y":1},{"x":32,"y":0},{"x":33,"y":0},{"x":33,"y":1}],"terrainTextureId":"polygon_terrain_1","polygon":[{"x":3212,"y":1218},{"x":3341,"y":1174},{"x":3399,"y":1057},{"x":3341,"y":911},{"x":3211,"y":878},{"x":3090,"y":929},{"x":3040,"y":1015},{"x":2931,"y":985},{"x":2809,"y":784},{"x":2740,"y":651},{"x":2638,"y":456},{"x":2772,"y":357},{"x":3036,"y":338},{"x":3167,"y":298},{"x":3295,"y":270},{"x":3569,"y":310},{"x":3697,"y":490},{"x":3553,"y":743},{"x":3585,"y":889},{"x":3622,"y":1053},{"x":3526,"y":1169},{"x":3362,"y":1368},{"x":3212,"y":1368}]},{"usedWorldBlocks":[{"x":1,"y":1},{"x":2,"y":1},{"x":3,"y":1},{"x":4,"y":1},{"x":4,"y":2},{"x":5,"y":2},{"x":5,"y":3},{"x":5,"y":4},{"x":4,"y":4},{"x":4,"y":3},{"x":3,"y":2},{"x":2,"y":2},{"x":1,"y":2},{"x":1,"y":3},{"x":1,"y":4},{"x":0,"y":4},{"x":0,"y":3},{"x":0,"y":2},{"x":0,"y":1},{"x":6,"y":2},{"x":6,"y":1},{"x":5,"y":1},{"x":5,"y":0},{"x":6,"y":0},{"x":7,"y":0},{"x":7,"y":1},{"x":7,"y":2},{"x":6,"y":3},{"x":7,"y":3},{"x":8,"y":4},{"x":7,"y":4},{"x":6,"y":4},{"x":8,"y":3},{"x":8,"y":2},{"x":9,"y":2},{"x":9,"y":3},{"x":9,"y":4},{"x":10,"y":2},{"x":11,"y":2},{"x":12,"y":2},{"x":13,"y":2},{"x":14,"y":2},{"x":14,"y":3},{"x":15,"y":3},{"x":16,"y":3},{"x":17,"y":3},{"x":17,"y":2},{"x":18,"y":2},{"x":19,"y":2},{"x":19,"y":3},{"x":19,"y":4},{"x":18,"y":3},{"x":18,"y":4},{"x":17,"y":4},{"x":16,"y":4},{"x":15,"y":4},{"x":14,"y":4},{"x":13,"y":4},{"x":13,"y":3},{"x":12,"y":3},{"x":11,"y":3},{"x":10,"y":3},{"x":10,"y":4},{"x":15,"y":2},{"x":15,"y":1},{"x":15,"y":0},{"x":16,"y":0},{"x":16,"y":1},{"x":16,"y":2},{"x":20,"y":2},{"x":20,"y":1},{"x":20,"y":0},{"x":21,"y":0},{"x":21,"y":1},{"x":21,"y":2},{"x":20,"y":3},{"x":21,"y":3},{"x":22,"y":2},{"x":23,"y":2},{"x":23,"y":1},{"x":24,"y":1},{"x":24,"y":2},{"x":25,"y":2},{"x":26,"y":2},{"x":26,"y":3},{"x":25,"y":3},{"x":25,"y":4},{"x":22,"y":3},{"x":23,"y":4},{"x":22,"y":4},{"x":21,"y":4},{"x":20,"y":4},{"x":26,"y":1},{"x":25,"y":1},{"x":25,"y":0},{"x":26,"y":0},{"x":27,"y":0},{"x":27,"y":1},{"x":27,"y":2},{"x":27,"y":3},{"x":27,"y":4},{"x":26,"y":4},{"x":28,"y":3},{"x":29,"y":3},{"x":28,"y":4},{"x":29,"y":4},{"x":28,"y":1},{"x":29,"y":1},{"x":29,"y":2},{"x":28,"y":2},{"x":30,"y":3},{"x":30,"y":2},{"x":31,"y":2},{"x":31,"y":3},{"x":31,"y":4},{"x":30,"y":4},{"x":32,"y":2},{"x":32,"y":3},{"x":33,"y":4},{"x":32,"y":4},{"x":33,"y":2},{"x":34,"y":2},{"x":34,"y":1},{"x":35,"y":1},{"x":35,"y":2},{"x":36,"y":2},{"x":36,"y":3},{"x":37,"y":3},{"x":37,"y":2},{"x":38,"y":2},{"x":38,"y":3},{"x":38,"y":4},{"x":37,"y":4},{"x":36,"y":4},{"x":35,"y":4},{"x":35,"y":3},{"x":34,"y":3},{"x":34,"y":4},{"x":33,"y":3},{"x":39,"y":2},{"x":40,"y":2},{"x":40,"y":3},{"x":40,"y":4},{"x":39,"y":4},{"x":39,"y":3},{"x":31,"y":1},{"x":31,"y":0},{"x":32,"y":1},{"x":32,"y":0},{"x":33,"y":0},{"x":33,"y":1}],"terrainTextureId":"polygon_terrain_1","polygon":[{"x":3023,"y":1735},{"x":3082,"y":1651},{"x":3237,"y":1770},{"x":3416,"y":1797},{"x":3645,"y":1719},{"x":3748,"y":1642},{"x":3821,"y":1674},{"x":3769,"y":1960},{"x":3776,"y":2112},{"x":3634,"y":2110},{"x":3443,"y":2058},{"x":3308,"y":2114},{"x":3109,"y":1926}]},{"usedWorldBlocks":[{"x":1,"y":1},{"x":2,"y":1},{"x":3,"y":1},{"x":4,"y":1},{"x":4,"y":2},{"x":5,"y":2},{"x":5,"y":3},{"x":5,"y":4},{"x":4,"y":4},{"x":4,"y":3},{"x":3,"y":2},{"x":2,"y":2},{"x":1,"y":2},{"x":1,"y":3},{"x":1,"y":4},{"x":0,"y":4},{"x":0,"y":3},{"x":0,"y":2},{"x":0,"y":1},{"x":6,"y":2},{"x":6,"y":1},{"x":5,"y":1},{"x":5,"y":0},{"x":6,"y":0},{"x":7,"y":0},{"x":7,"y":1},{"x":7,"y":2},{"x":6,"y":3},{"x":7,"y":3},{"x":8,"y":4},{"x":7,"y":4},{"x":6,"y":4},{"x":8,"y":3},{"x":8,"y":2},{"x":9,"y":2},{"x":9,"y":3},{"x":9,"y":4},{"x":10,"y":2},{"x":11,"y":2},{"x":12,"y":2},{"x":13,"y":2},{"x":14,"y":2},{"x":14,"y":3},{"x":15,"y":3},{"x":16,"y":3},{"x":17,"y":3},{"x":17,"y":2},{"x":18,"y":2},{"x":19,"y":2},{"x":19,"y":3},{"x":19,"y":4},{"x":18,"y":3},{"x":18,"y":4},{"x":17,"y":4},{"x":16,"y":4},{"x":15,"y":4},{"x":14,"y":4},{"x":13,"y":4},{"x":13,"y":3},{"x":12,"y":3},{"x":11,"y":3},{"x":10,"y":3},{"x":10,"y":4},{"x":15,"y":2},{"x":15,"y":1},{"x":15,"y":0},{"x":16,"y":0},{"x":16,"y":1},{"x":16,"y":2},{"x":20,"y":2},{"x":20,"y":1},{"x":20,"y":0},{"x":21,"y":0},{"x":21,"y":1},{"x":21,"y":2},{"x":20,"y":3},{"x":21,"y":3},{"x":22,"y":2},{"x":23,"y":2},{"x":23,"y":1},{"x":24,"y":1},{"x":24,"y":2},{"x":25,"y":2},{"x":26,"y":2},{"x":26,"y":3},{"x":25,"y":3},{"x":25,"y":4},{"x":22,"y":3},{"x":23,"y":4},{"x":22,"y":4},{"x":21,"y":4},{"x":20,"y":4},{"x":26,"y":1},{"x":25,"y":1},{"x":25,"y":0},{"x":26,"y":0},{"x":27,"y":0},{"x":27,"y":1},{"x":27,"y":2},{"x":27,"y":3},{"x":27,"y":4},{"x":26,"y":4},{"x":28,"y":3},{"x":29,"y":3},{"x":28,"y":4},{"x":29,"y":4},{"x":28,"y":1},{"x":29,"y":1},{"x":29,"y":2},{"x":28,"y":2},{"x":30,"y":3},{"x":30,"y":2},{"x":31,"y":2},{"x":31,"y":3},{"x":31,"y":4},{"x":30,"y":4},{"x":32,"y":2},{"x":32,"y":3},{"x":33,"y":4},{"x":32,"y":4},{"x":33,"y":2},{"x":34,"y":2},{"x":34,"y":1},{"x":35,"y":1},{"x":35,"y":2},{"x":36,"y":2},{"x":36,"y":3},{"x":37,"y":3},{"x":37,"y":2},{"x":38,"y":2},{"x":38,"y":3},{"x":38,"y":4},{"x":37,"y":4},{"x":36,"y":4},{"x":35,"y":4},{"x":35,"y":3},{"x":34,"y":3},{"x":34,"y":4},{"x":33,"y":3},{"x":39,"y":2},{"x":40,"y":2},{"x":40,"y":3},{"x":40,"y":4},{"x":39,"y":4},{"x":39,"y":3},{"x":31,"y":1},{"x":31,"y":0},{"x":32,"y":1},{"x":32,"y":0},{"x":33,"y":0},{"x":33,"y":1}],"terrainTextureId":"polygon_terrain_1","polygon":[{"x":4030,"y":1669},{"x":4073,"y":1650},{"x":4270,"y":1692},{"x":4482,"y":1659},{"x":4535,"y":1703},{"x":4443,"y":1839},{"x":4443,"y":2080},{"x":4293,"y":2064},{"x":4072,"y":2111},{"x":4140,"y":1932},{"x":4093,"y":1805}]},{"usedWorldBlocks":[{"x":1,"y":1},{"x":2,"y":1},{"x":3,"y":1},{"x":4,"y":1},{"x":4,"y":2},{"x":5,"y":2},{"x":5,"y":3},{"x":5,"y":4},{"x":4,"y":4},{"x":4,"y":3},{"x":3,"y":2},{"x":2,"y":2},{"x":1,"y":2},{"x":1,"y":3},{"x":1,"y":4},{"x":0,"y":4},{"x":0,"y":3},{"x":0,"y":2},{"x":0,"y":1},{"x":6,"y":2},{"x":6,"y":1},{"x":5,"y":1},{"x":5,"y":0},{"x":6,"y":0},{"x":7,"y":0},{"x":7,"y":1},{"x":7,"y":2},{"x":6,"y":3},{"x":7,"y":3},{"x":8,"y":4},{"x":7,"y":4},{"x":6,"y":4},{"x":8,"y":3},{"x":8,"y":2},{"x":9,"y":2},{"x":9,"y":3},{"x":9,"y":4},{"x":10,"y":2},{"x":11,"y":2},{"x":12,"y":2},{"x":13,"y":2},{"x":14,"y":2},{"x":14,"y":3},{"x":15,"y":3},{"x":16,"y":3},{"x":17,"y":3},{"x":17,"y":2},{"x":18,"y":2},{"x":19,"y":2},{"x":19,"y":3},{"x":19,"y":4},{"x":18,"y":3},{"x":18,"y":4},{"x":17,"y":4},{"x":16,"y":4},{"x":15,"y":4},{"x":14,"y":4},{"x":13,"y":4},{"x":13,"y":3},{"x":12,"y":3},{"x":11,"y":3},{"x":10,"y":3},{"x":10,"y":4},{"x":15,"y":2},{"x":15,"y":1},{"x":15,"y":0},{"x":16,"y":0},{"x":16,"y":1},{"x":16,"y":2},{"x":20,"y":2},{"x":20,"y":1},{"x":20,"y":0},{"x":21,"y":0},{"x":21,"y":1},{"x":21,"y":2},{"x":20,"y":3},{"x":21,"y":3},{"x":22,"y":2},{"x":23,"y":2},{"x":23,"y":1},{"x":24,"y":1},{"x":24,"y":2},{"x":25,"y":2},{"x":26,"y":2},{"x":26,"y":3},{"x":25,"y":3},{"x":25,"y":4},{"x":22,"y":3},{"x":23,"y":4},{"x":22,"y":4},{"x":21,"y":4},{"x":20,"y":4},{"x":26,"y":1},{"x":25,"y":1},{"x":25,"y":0},{"x":26,"y":0},{"x":27,"y":0},{"x":27,"y":1},{"x":27,"y":2},{"x":27,"y":3},{"x":27,"y":4},{"x":26,"y":4},{"x":28,"y":3},{"x":29,"y":3},{"x":28,"y":4},{"x":29,"y":4},{"x":28,"y":1},{"x":29,"y":1},{"x":29,"y":2},{"x":28,"y":2},{"x":30,"y":3},{"x":30,"y":2},{"x":31,"y":2},{"x":31,"y":3},{"x":31,"y":4},{"x":30,"y":4},{"x":32,"y":2},{"x":32,"y":3},{"x":33,"y":4},{"x":32,"y":4},{"x":33,"y":2},{"x":34,"y":2},{"x":34,"y":1},{"x":35,"y":1},{"x":35,"y":2},{"x":36,"y":2},{"x":36,"y":3},{"x":37,"y":3},{"x":37,"y":2},{"x":38,"y":2},{"x":38,"y":3},{"x":38,"y":4},{"x":37,"y":4},{"x":36,"y":4},{"x":35,"y":4},{"x":35,"y":3},{"x":34,"y":3},{"x":34,"y":4},{"x":33,"y":3},{"x":39,"y":2},{"x":40,"y":2},{"x":40,"y":3},{"x":40,"y":4},{"x":39,"y":4},{"x":39,"y":3},{"x":31,"y":1},{"x":31,"y":0},{"x":32,"y":1},{"x":32,"y":0},{"x":33,"y":0},{"x":33,"y":1}],"terrainTextureId":"polygon_terrain_1","polygon":[{"x":4701,"y":1662},{"x":4851,"y":1616},{"x":4945,"y":1570},{"x":4985,"y":1655},{"x":4934,"y":1858},{"x":4950,"y":2045},{"x":4753,"y":2052},{"x":4680,"y":1859}]},{"usedWorldBlocks":[{"x":1,"y":1},{"x":2,"y":1},{"x":3,"y":1},{"x":4,"y":1},{"x":4,"y":2},{"x":5,"y":2},{"x":5,"y":3},{"x":5,"y":4},{"x":4,"y":4},{"x":4,"y":3},{"x":3,"y":2},{"x":2,"y":2},{"x":1,"y":2},{"x":1,"y":3},{"x":1,"y":4},{"x":0,"y":4},{"x":0,"y":3},{"x":0,"y":2},{"x":0,"y":1},{"x":6,"y":2},{"x":6,"y":1},{"x":5,"y":1},{"x":5,"y":0},{"x":6,"y":0},{"x":7,"y":0},{"x":7,"y":1},{"x":7,"y":2},{"x":6,"y":3},{"x":7,"y":3},{"x":8,"y":4},{"x":7,"y":4},{"x":6,"y":4},{"x":8,"y":3},{"x":8,"y":2},{"x":9,"y":2},{"x":9,"y":3},{"x":9,"y":4},{"x":10,"y":2},{"x":11,"y":2},{"x":12,"y":2},{"x":13,"y":2},{"x":14,"y":2},{"x":14,"y":3},{"x":15,"y":3},{"x":16,"y":3},{"x":17,"y":3},{"x":17,"y":2},{"x":18,"y":2},{"x":19,"y":2},{"x":19,"y":3},{"x":19,"y":4},{"x":18,"y":3},{"x":18,"y":4},{"x":17,"y":4},{"x":16,"y":4},{"x":15,"y":4},{"x":14,"y":4},{"x":13,"y":4},{"x":13,"y":3},{"x":12,"y":3},{"x":11,"y":3},{"x":10,"y":3},{"x":10,"y":4},{"x":15,"y":2},{"x":15,"y":1},{"x":15,"y":0},{"x":16,"y":0},{"x":16,"y":1},{"x":16,"y":2},{"x":20,"y":2},{"x":20,"y":1},{"x":20,"y":0},{"x":21,"y":0},{"x":21,"y":1},{"x":21,"y":2},{"x":20,"y":3},{"x":21,"y":3},{"x":22,"y":2},{"x":23,"y":2},{"x":23,"y":1},{"x":24,"y":1},{"x":24,"y":2},{"x":25,"y":2},{"x":26,"y":2},{"x":26,"y":3},{"x":25,"y":3},{"x":25,"y":4},{"x":22,"y":3},{"x":23,"y":4},{"x":22,"y":4},{"x":21,"y":4},{"x":20,"y":4},{"x":26,"y":1},{"x":25,"y":1},{"x":25,"y":0},{"x":26,"y":0},{"x":27,"y":0},{"x":27,"y":1},{"x":27,"y":2},{"x":27,"y":3},{"x":27,"y":4},{"x":26,"y":4},{"x":28,"y":3},{"x":29,"y":3},{"x":28,"y":4},{"x":29,"y":4},{"x":28,"y":1},{"x":29,"y":1},{"x":29,"y":2},{"x":28,"y":2},{"x":30,"y":3},{"x":30,"y":2},{"x":31,"y":2},{"x":31,"y":3},{"x":31,"y":4},{"x":30,"y":4},{"x":32,"y":2},{"x":32,"y":3},{"x":33,"y":4},{"x":32,"y":4},{"x":33,"y":2},{"x":34,"y":2},{"x":34,"y":1},{"x":35,"y":1},{"x":35,"y":2},{"x":36,"y":2},{"x":36,"y":3},{"x":37,"y":3},{"x":37,"y":2},{"x":38,"y":2},{"x":38,"y":3},{"x":38,"y":4},{"x":37,"y":4},{"x":36,"y":4},{"x":35,"y":4},{"x":35,"y":3},{"x":34,"y":3},{"x":34,"y":4},{"x":33,"y":3},{"x":39,"y":2},{"x":40,"y":2},{"x":40,"y":3},{"x":40,"y":4},{"x":39,"y":4},{"x":39,"y":3},{"x":31,"y":1},{"x":31,"y":0},{"x":32,"y":1},{"x":32,"y":0},{"x":33,"y":0},{"x":33,"y":1}],"terrainTextureId":"polygon_terrain_1","polygon":[{"x":3842,"y":1073},{"x":3944,"y":878},{"x":4114,"y":809},{"x":4341,"y":795},{"x":4581,"y":898},{"x":4730,"y":891},{"x":4908,"y":850},{"x":4883,"y":1036},{"x":4883,"y":1180},{"x":4728,"y":1329},{"x":4578,"y":1339},{"x":4413,"y":1351},{"x":4264,"y":1332},{"x":4113,"y":1313},{"x":3928,"y":1333},{"x":3853,"y":1186}]}]],[[{"usedWorldBlocks":[{"x":1,"y":1},{"x":2,"y":1},{"x":3,"y":1},{"x":4,"y":1},{"x":4,"y":2},{"x":5,"y":2},{"x":5,"y":3},{"x":5,"y":4},{"x":4,"y":4},{"x":4,"y":3},{"x":3,"y":2},{"x":2,"y":2},{"x":1,"y":2},{"x":1,"y":3},{"x":1,"y":4},{"x":0,"y":4},{"x":0,"y":3},{"x":0,"y":2},{"x":0,"y":1},{"x":6,"y":2},{"x":6,"y":1},{"x":5,"y":1},{"x":5,"y":0},{"x":6,"y":0},{"x":7,"y":0},{"x":7,"y":1},{"x":7,"y":2},{"x":6,"y":3},{"x":7,"y":3},{"x":8,"y":4},{"x":7,"y":4},{"x":6,"y":4},{"x":8,"y":3},{"x":8,"y":2},{"x":9,"y":2},{"x":9,"y":3},{"x":9,"y":4},{"x":10,"y":2},{"x":11,"y":2},{"x":12,"y":2},{"x":13,"y":2},{"x":14,"y":2},{"x":14,"y":3},{"x":15,"y":3},{"x":16,"y":3},{"x":17,"y":3},{"x":17,"y":2},{"x":18,"y":2},{"x":19,"y":2},{"x":19,"y":3},{"x":19,"y":4},{"x":18,"y":3},{"x":18,"y":4},{"x":17,"y":4},{"x":16,"y":4},{"x":15,"y":4},{"x":14,"y":4},{"x":13,"y":4},{"x":13,"y":3},{"x":12,"y":3},{"x":11,"y":3},{"x":10,"y":3},{"x":10,"y":4},{"x":15,"y":2},{"x":15,"y":1},{"x":15,"y":0},{"x":16,"y":0},{"x":16,"y":1},{"x":16,"y":2},{"x":20,"y":2},{"x":20,"y":1},{"x":20,"y":0},{"x":21,"y":0},{"x":21,"y":1},{"x":21,"y":2},{"x":20,"y":3},{"x":21,"y":3},{"x":22,"y":2},{"x":23,"y":2},{"x":23,"y":1},{"x":24,"y":1},{"x":24,"y":2},{"x":25,"y":2},{"x":26,"y":2},{"x":26,"y":3},{"x":25,"y":3},{"x":25,"y":4},{"x":22,"y":3},{"x":23,"y":4},{"x":22,"y":4},{"x":21,"y":4},{"x":20,"y":4},{"x":26,"y":1},{"x":25,"y":1},{"x":25,"y":0},{"x":26,"y":0},{"x":27,"y":0},{"x":27,"y":1},{"x":27,"y":2},{"x":27,"y":3},{"x":27,"y":4},{"x":26,"y":4},{"x":28,"y":3},{"x":29,"y":3},{"x":28,"y":4},{"x":29,"y":4},{"x":28,"y":1},{"x":29,"y":1},{"x":29,"y":2},{"x":28,"y":2},{"x":30,"y":3},{"x":30,"y":2},{"x":31,"y":2},{"x":31,"y":3},{"x":31,"y":4},{"x":30,"y":4},{"x":32,"y":2},{"x":32,"y":3},{"x":33,"y":4},{"x":32,"y":4},{"x":33,"y":2},{"x":34,"y":2},{"x":34,"y":1},{"x":35,"y":1},{"x":35,"y":2},{"x":36,"y":2},{"x":36,"y":3},{"x":37,"y":3},{"x":37,"y":2},{"x":38,"y":2},{"x":38,"y":3},{"x":38,"y":4},{"x":37,"y":4},{"x":36,"y":4},{"x":35,"y":4},{"x":35,"y":3},{"x":34,"y":3},{"x":34,"y":4},{"x":33,"y":3},{"x":39,"y":2},{"x":40,"y":2},{"x":40,"y":3},{"x":40,"y":4},{"x":39,"y":4},{"x":39,"y":3},{"x":31,"y":1},{"x":31,"y":0},{"x":32,"y":1},{"x":32,"y":0},{"x":33,"y":0},{"x":33,"y":1}],"terrainTextureId":"polygon_terrain_1","polygon":[{"x":172,"y":1624},{"x":356,"y":1585},{"x":495,"y":1477},{"x":633,"y":1476},{"x":634,"y":1544},{"x":537,"y":1692},{"x":499,"y":1845},{"x":584,"y":2065},{"x":434,"y":2073},{"x":217,"y":2085},{"x":317,"y":1944},{"x":231,"y":1788}]},{"usedWorldBlocks":[{"x":1,"y":1},{"x":2,"y":1},{"x":3,"y":1},{"x":4,"y":1},{"x":4,"y":2},{"x":5,"y":2},{"x":5,"y":3},{"x":5,"y":4},{"x":4,"y":4},{"x":4,"y":3},{"x":3,"y":2},{"x":2,"y":2},{"x":1,"y":2},{"x":1,"y":3},{"x":1,"y":4},{"x":0,"y":4},{"x":0,"y":3},{"x":0,"y":2},{"x":0,"y":1},{"x":6,"y":2},{"x":6,"y":1},{"x":5,"y":1},{"x":5,"y":0},{"x":6,"y":0},{"x":7,"y":0},{"x":7,"y":1},{"x":7,"y":2},{"x":6,"y":3},{"x":7,"y":3},{"x":8,"y":4},{"x":7,"y":4},{"x":6,"y":4},{"x":8,"y":3},{"x":8,"y":2},{"x":9,"y":2},{"x":9,"y":3},{"x":9,"y":4},{"x":10,"y":2},{"x":11,"y":2},{"x":12,"y":2},{"x":13,"y":2},{"x":14,"y":2},{"x":14,"y":3},{"x":15,"y":3},{"x":16,"y":3},{"x":17,"y":3},{"x":17,"y":2},{"x":18,"y":2},{"x":19,"y":2},{"x":19,"y":3},{"x":19,"y":4},{"x":18,"y":3},{"x":18,"y":4},{"x":17,"y":4},{"x":16,"y":4},{"x":15,"y":4},{"x":14,"y":4},{"x":13,"y":4},{"x":13,"y":3},{"x":12,"y":3},{"x":11,"y":3},{"x":10,"y":3},{"x":10,"y":4},{"x":15,"y":2},{"x":15,"y":1},{"x":15,"y":0},{"x":16,"y":0},{"x":16,"y":1},{"x":16,"y":2},{"x":20,"y":2},{"x":20,"y":1},{"x":20,"y":0},{"x":21,"y":0},{"x":21,"y":1},{"x":21,"y":2},{"x":20,"y":3},{"x":21,"y":3},{"x":22,"y":2},{"x":23,"y":2},{"x":23,"y":1},{"x":24,"y":1},{"x":24,"y":2},{"x":25,"y":2},{"x":26,"y":2},{"x":26,"y":3},{"x":25,"y":3},{"x":25,"y":4},{"x":22,"y":3},{"x":23,"y":4},{"x":22,"y":4},{"x":21,"y":4},{"x":20,"y":4},{"x":26,"y":1},{"x":25,"y":1},{"x":25,"y":0},{"x":26,"y":0},{"x":27,"y":0},{"x":27,"y":1},{"x":27,"y":2},{"x":27,"y":3},{"x":27,"y":4},{"x":26,"y":4},{"x":28,"y":3},{"x":29,"y":3},{"x":28,"y":4},{"x":29,"y":4},{"x":28,"y":1},{"x":29,"y":1},{"x":29,"y":2},{"x":28,"y":2},{"x":30,"y":3},{"x":30,"y":2},{"x":31,"y":2},{"x":31,"y":3},{"x":31,"y":4},{"x":30,"y":4},{"x":32,"y":2},{"x":32,"y":3},{"x":33,"y":4},{"x":32,"y":4},{"x":33,"y":2},{"x":34,"y":2},{"x":34,"y":1},{"x":35,"y":1},{"x":35,"y":2},{"x":36,"y":2},{"x":36,"y":3},{"x":37,"y":3},{"x":37,"y":2},{"x":38,"y":2},{"x":38,"y":3},{"x":38,"y":4},{"x":37,"y":4},{"x":36,"y":4},{"x":35,"y":4},{"x":35,"y":3},{"x":34,"y":3},{"x":34,"y":4},{"x":33,"y":3},{"x":39,"y":2},{"x":40,"y":2},{"x":40,"y":3},{"x":40,"y":4},{"x":39,"y":4},{"x":39,"y":3},{"x":31,"y":1},{"x":31,"y":0},{"x":32,"y":1},{"x":32,"y":0},{"x":33,"y":0},{"x":33,"y":1}],"terrainTextureId":"polygon_terrain_1","polygon":[{"x":789,"y":1601},{"x":941,"y":1526},{"x":1121,"y":1383},{"x":1288,"y":1380},{"x":1431,"y":1322},{"x":1482,"y":1400},{"x":1452,"y":1640},{"x":1349,"y":1757},{"x":1421,"y":1889},{"x":1512,"y":2054},{"x":1270,"y":2045},{"x":993,"y":2057},{"x":1001,"y":1860},{"x":866,"y":1715}]},{"usedWorldBlocks":[{"x":1,"y":1},{"x":2,"y":1},{"x":3,"y":1},{"x":4,"y":1},{"x":4,"y":2},{"x":5,"y":2},{"x":5,"y":3},{"x":5,"y":4},{"x":4,"y":4},{"x":4,"y":3},{"x":3,"y":2},{"x":2,"y":2},{"x":1,"y":2},{"x":1,"y":3},{"x":1,"y":4},{"x":0,"y":4},{"x":0,"y":3},{"x":0,"y":2},{"x":0,"y":1},{"x":6,"y":2},{"x":6,"y":1},{"x":5,"y":1},{"x":5,"y":0},{"x":6,"y":0},{"x":7,"y":0},{"x":7,"y":1},{"x":7,"y":2},{"x":6,"y":3},{"x":7,"y":3},{"x":8,"y":4},{"x":7,"y":4},{"x":6,"y":4},{"x":8,"y":3},{"x":8,"y":2},{"x":9,"y":2},{"x":9,"y":3},{"x":9,"y":4},{"x":10,"y":2},{"x":11,"y":2},{"x":12,"y":2},{"x":13,"y":2},{"x":14,"y":2},{"x":14,"y":3},{"x":15,"y":3},{"x":16,"y":3},{"x":17,"y":3},{"x":17,"y":2},{"x":18,"y":2},{"x":19,"y":2},{"x":19,"y":3},{"x":19,"y":4},{"x":18,"y":3},{"x":18,"y":4},{"x":17,"y":4},{"x":16,"y":4},{"x":15,"y":4},{"x":14,"y":4},{"x":13,"y":4},{"x":13,"y":3},{"x":12,"y":3},{"x":11,"y":3},{"x":10,"y":3},{"x":10,"y":4},{"x":15,"y":2},{"x":15,"y":1},{"x":15,"y":0},{"x":16,"y":0},{"x":16,"y":1},{"x":16,"y":2},{"x":20,"y":2},{"x":20,"y":1},{"x":20,"y":0},{"x":21,"y":0},{"x":21,"y":1},{"x":21,"y":2},{"x":20,"y":3},{"x":21,"y":3},{"x":22,"y":2},{"x":23,"y":2},{"x":23,"y":1},{"x":24,"y":1},{"x":24,"y":2},{"x":25,"y":2},{"x":26,"y":2},{"x":26,"y":3},{"x":25,"y":3},{"x":25,"y":4},{"x":22,"y":3},{"x":23,"y":4},{"x":22,"y":4},{"x":21,"y":4},{"x":20,"y":4},{"x":26,"y":1},{"x":25,"y":1},{"x":25,"y":0},{"x":26,"y":0},{"x":27,"y":0},{"x":27,"y":1},{"x":27,"y":2},{"x":27,"y":3},{"x":27,"y":4},{"x":26,"y":4},{"x":28,"y":3},{"x":29,"y":3},{"x":28,"y":4},{"x":29,"y":4},{"x":28,"y":1},{"x":29,"y":1},{"x":29,"y":2},{"x":28,"y":2},{"x":30,"y":3},{"x":30,"y":2},{"x":31,"y":2},{"x":31,"y":3},{"x":31,"y":4},{"x":30,"y":4},{"x":32,"y":2},{"x":32,"y":3},{"x":33,"y":4},{"x":32,"y":4},{"x":33,"y":2},{"x":34,"y":2},{"x":34,"y":1},{"x":35,"y":1},{"x":35,"y":2},{"x":36,"y":2},{"x":36,"y":3},{"x":37,"y":3},{"x":37,"y":2},{"x":38,"y":2},{"x":38,"y":3},{"x":38,"y":4},{"x":37,"y":4},{"x":36,"y":4},{"x":35,"y":4},{"x":35,"y":3},{"x":34,"y":3},{"x":34,"y":4},{"x":33,"y":3},{"x":39,"y":2},{"x":40,"y":2},{"x":40,"y":3},{"x":40,"y":4},{"x":39,"y":4},{"x":39,"y":3},{"x":31,"y":1},{"x":31,"y":0},{"x":32,"y":1},{"x":32,"y":0},{"x":33,"y":0},{"x":33,"y":1}],"terrainTextureId":"polygon_terrain_1","polygon":[{"x":1728,"y":1420},{"x":1897,"y":1372},{"x":1999,"y":1292},{"x":2099,"y":1180},{"x":2281,"y":1124},{"x":2462,"y":979},{"x":2684,"y":990},{"x":2776,"y":1202},{"x":2900,"y":1285},{"x":3014,"y":1425},{"x":3162,"y":1454},{"x":3433,"y":1506},{"x":3582,"y":1527},{"x":3727,"y":1490},{"x":3872,"y":1452},{"x":4000,"y":1360},{"x":4088,"y":1248},{"x":4176,"y":1242},{"x":4182,"y":1323},{"x":4214,"y":1470},{"x":4311,"y":1547},{"x":4275,"y":1693},{"x":4233,"y":1859},{"x":4289,"y":2039},{"x":4115,"y":2054},{"x":3848,"y":2043},{"x":4005,"y":1883},{"x":3989,"y":1640},{"x":3769,"y":1605},{"x":3622,"y":1636},{"x":3447,"y":1686},{"x":3426,"y":1800},{"x":3546,"y":2059},{"x":3396,"y":2052},{"x":3104,"y":2040},{"x":2959,"y":2040},{"x":2712,"y":2049},{"x":2808,"y":1883},{"x":2754,"y":1684},{"x":2739,"y":1439},{"x":2600,"y":1305},{"x":2359,"y":1270},{"x":2167,"y":1334},{"x":2105,"y":1479},{"x":2153,"y":1642},{"x":2068,"y":1765},{"x":2095,"y":1913},{"x":2121,"y":2062},{"x":1971,"y":2063},{"x":1731,"y":2066},{"x":1821,"y":1924},{"x":1878,"y":1726},{"x":1728,"y":1570}]},{"usedWorldBlocks":[{"x":1,"y":1},{"x":2,"y":1},{"x":3,"y":1},{"x":4,"y":1},{"x":4,"y":2},{"x":5,"y":2},{"x":5,"y":3},{"x":5,"y":4},{"x":4,"y":4},{"x":4,"y":3},{"x":3,"y":2},{"x":2,"y":2},{"x":1,"y":2},{"x":1,"y":3},{"x":1,"y":4},{"x":0,"y":4},{"x":0,"y":3},{"x":0,"y":2},{"x":0,"y":1},{"x":6,"y":2},{"x":6,"y":1},{"x":5,"y":1},{"x":5,"y":0},{"x":6,"y":0},{"x":7,"y":0},{"x":7,"y":1},{"x":7,"y":2},{"x":6,"y":3},{"x":7,"y":3},{"x":8,"y":4},{"x":7,"y":4},{"x":6,"y":4},{"x":8,"y":3},{"x":8,"y":2},{"x":9,"y":2},{"x":9,"y":3},{"x":9,"y":4},{"x":10,"y":2},{"x":11,"y":2},{"x":12,"y":2},{"x":13,"y":2},{"x":14,"y":2},{"x":14,"y":3},{"x":15,"y":3},{"x":16,"y":3},{"x":17,"y":3},{"x":17,"y":2},{"x":18,"y":2},{"x":19,"y":2},{"x":19,"y":3},{"x":19,"y":4},{"x":18,"y":3},{"x":18,"y":4},{"x":17,"y":4},{"x":16,"y":4},{"x":15,"y":4},{"x":14,"y":4},{"x":13,"y":4},{"x":13,"y":3},{"x":12,"y":3},{"x":11,"y":3},{"x":10,"y":3},{"x":10,"y":4},{"x":15,"y":2},{"x":15,"y":1},{"x":15,"y":0},{"x":16,"y":0},{"x":16,"y":1},{"x":16,"y":2},{"x":20,"y":2},{"x":20,"y":1},{"x":20,"y":0},{"x":21,"y":0},{"x":21,"y":1},{"x":21,"y":2},{"x":20,"y":3},{"x":21,"y":3},{"x":22,"y":2},{"x":23,"y":2},{"x":23,"y":1},{"x":24,"y":1},{"x":24,"y":2},{"x":25,"y":2},{"x":26,"y":2},{"x":26,"y":3},{"x":25,"y":3},{"x":25,"y":4},{"x":22,"y":3},{"x":23,"y":4},{"x":22,"y":4},{"x":21,"y":4},{"x":20,"y":4},{"x":26,"y":1},{"x":25,"y":1},{"x":25,"y":0},{"x":26,"y":0},{"x":27,"y":0},{"x":27,"y":1},{"x":27,"y":2},{"x":27,"y":3},{"x":27,"y":4},{"x":26,"y":4},{"x":28,"y":3},{"x":29,"y":3},{"x":28,"y":4},{"x":29,"y":4},{"x":28,"y":1},{"x":29,"y":1},{"x":29,"y":2},{"x":28,"y":2},{"x":30,"y":3},{"x":30,"y":2},{"x":31,"y":2},{"x":31,"y":3},{"x":31,"y":4},{"x":30,"y":4},{"x":32,"y":2},{"x":32,"y":3},{"x":33,"y":4},{"x":32,"y":4},{"x":33,"y":2},{"x":34,"y":2},{"x":34,"y":1},{"x":35,"y":1},{"x":35,"y":2},{"x":36,"y":2},{"x":36,"y":3},{"x":37,"y":3},{"x":37,"y":2},{"x":38,"y":2},{"x":38,"y":3},{"x":38,"y":4},{"x":37,"y":4},{"x":36,"y":4},{"x":35,"y":4},{"x":35,"y":3},{"x":34,"y":3},{"x":34,"y":4},{"x":33,"y":3},{"x":39,"y":2},{"x":40,"y":2},{"x":40,"y":3},{"x":40,"y":4},{"x":39,"y":4},{"x":39,"y":3},{"x":31,"y":1},{"x":31,"y":0},{"x":32,"y":1},{"x":32,"y":0},{"x":33,"y":0},{"x":33,"y":1}],"terrainTextureId":"polygon_terrain_1","polygon":[{"x":4362,"y":1210},{"x":4612,"y":1197},{"x":4760,"y":1176},{"x":4909,"y":1156},{"x":5129,"y":1127},{"x":5131,"y":1279},{"x":5107,"y":1445},{"x":5126,"y":1650},{"x":5104,"y":1893},{"x":5040,"y":2022},{"x":4916,"y":2062},{"x":4728,"y":2023},{"x":4500,"y":2045},{"x":4510,"y":1946},{"x":4554,"y":1694},{"x":4567,"y":1545},{"x":4570,"y":1413},{"x":4372,"y":1303}]},{"usedWorldBlocks":[{"x":1,"y":1},{"x":2,"y":1},{"x":3,"y":1},{"x":4,"y":1},{"x":4,"y":2},{"x":5,"y":2},{"x":5,"y":3},{"x":5,"y":4},{"x":4,"y":4},{"x":4,"y":3},{"x":3,"y":2},{"x":2,"y":2},{"x":1,"y":2},{"x":1,"y":3},{"x":1,"y":4},{"x":0,"y":4},{"x":0,"y":3},{"x":0,"y":2},{"x":0,"y":1},{"x":6,"y":2},{"x":6,"y":1},{"x":5,"y":1},{"x":5,"y":0},{"x":6,"y":0},{"x":7,"y":0},{"x":7,"y":1},{"x":7,"y":2},{"x":6,"y":3},{"x":7,"y":3},{"x":8,"y":4},{"x":7,"y":4},{"x":6,"y":4},{"x":8,"y":3},{"x":8,"y":2},{"x":9,"y":2},{"x":9,"y":3},{"x":9,"y":4},{"x":10,"y":2},{"x":11,"y":2},{"x":12,"y":2},{"x":13,"y":2},{"x":14,"y":2},{"x":14,"y":3},{"x":15,"y":3},{"x":16,"y":3},{"x":17,"y":3},{"x":17,"y":2},{"x":18,"y":2},{"x":19,"y":2},{"x":19,"y":3},{"x":19,"y":4},{"x":18,"y":3},{"x":18,"y":4},{"x":17,"y":4},{"x":16,"y":4},{"x":15,"y":4},{"x":14,"y":4},{"x":13,"y":4},{"x":13,"y":3},{"x":12,"y":3},{"x":11,"y":3},{"x":10,"y":3},{"x":10,"y":4},{"x":15,"y":2},{"x":15,"y":1},{"x":15,"y":0},{"x":16,"y":0},{"x":16,"y":1},{"x":16,"y":2},{"x":20,"y":2},{"x":20,"y":1},{"x":20,"y":0},{"x":21,"y":0},{"x":21,"y":1},{"x":21,"y":2},{"x":20,"y":3},{"x":21,"y":3},{"x":22,"y":2},{"x":23,"y":2},{"x":23,"y":1},{"x":24,"y":1},{"x":24,"y":2},{"x":25,"y":2},{"x":26,"y":2},{"x":26,"y":3},{"x":25,"y":3},{"x":25,"y":4},{"x":22,"y":3},{"x":23,"y":4},{"x":22,"y":4},{"x":21,"y":4},{"x":20,"y":4},{"x":26,"y":1},{"x":25,"y":1},{"x":25,"y":0},{"x":26,"y":0},{"x":27,"y":0},{"x":27,"y":1},{"x":27,"y":2},{"x":27,"y":3},{"x":27,"y":4},{"x":26,"y":4},{"x":28,"y":3},{"x":29,"y":3},{"x":28,"y":4},{"x":29,"y":4},{"x":28,"y":1},{"x":29,"y":1},{"x":29,"y":2},{"x":28,"y":2},{"x":30,"y":3},{"x":30,"y":2},{"x":31,"y":2},{"x":31,"y":3},{"x":31,"y":4},{"x":30,"y":4},{"x":32,"y":2},{"x":32,"y":3},{"x":33,"y":4},{"x":32,"y":4},{"x":33,"y":2},{"x":34,"y":2},{"x":34,"y":1},{"x":35,"y":1},{"x":35,"y":2},{"x":36,"y":2},{"x":36,"y":3},{"x":37,"y":3},{"x":37,"y":2},{"x":38,"y":2},{"x":38,"y":3},{"x":38,"y":4},{"x":37,"y":4},{"x":36,"y":4},{"x":35,"y":4},{"x":35,"y":3},{"x":34,"y":3},{"x":34,"y":4},{"x":33,"y":3},{"x":39,"y":2},{"x":40,"y":2},{"x":40,"y":3},{"x":40,"y":4},{"x":39,"y":4},{"x":39,"y":3},{"x":31,"y":1},{"x":31,"y":0},{"x":32,"y":1},{"x":32,"y":0},{"x":33,"y":0},{"x":33,"y":1}],"terrainTextureId":"polygon_terrain_1","polygon":[{"x":573,"y":530},{"x":746,"y":497},{"x":914,"y":489},{"x":1141,"y":517},{"x":1290,"y":501},{"x":1467,"y":482},{"x":1672,"y":474},{"x":1906,"y":536},{"x":1898,"y":736},{"x":1819,"y":863},{"x":1717,"y":1031},{"x":1463,"y":996},{"x":1328,"y":1045},{"x":1168,"y":1053},{"x":963,"y":1025},{"x":748,"y":1087},{"x":743,"y":883},{"x":621,"y":671}]}]]],"worldId":0,"polygonBackgroundData":[[[{"usedWorldBlocks":[{"x":5,"y":1},{"x":6,"y":1},{"x":6,"y":2},{"x":7,"y":2},{"x":7,"y":3},{"x":6,"y":3},{"x":6,"y":4},{"x":5,"y":4},{"x":5,"y":3},{"x":5,"y":2},{"x":14,"y":2},{"x":15,"y":2},{"x":16,"y":2},{"x":16,"y":3},{"x":15,"y":3},{"x":14,"y":3},{"x":20,"y":2},{"x":21,"y":2},{"x":21,"y":3},{"x":20,"y":3},{"x":25,"y":1},{"x":26,"y":1},{"x":26,"y":2},{"x":27,"y":3},{"x":26,"y":3},{"x":26,"y":4},{"x":25,"y":4},{"x":25,"y":3},{"x":25,"y":2},{"x":27,"y":2},{"x":28,"y":2},{"x":29,"y":2},{"x":29,"y":3},{"x":29,"y":4},{"x":28,"y":4},{"x":28,"y":3},{"x":31,"y":2},{"x":32,"y":1},{"x":32,"y":2},{"x":33,"y":1},{"x":33,"y":2},{"x":33,"y":3},{"x":33,"y":4},{"x":32,"y":4},{"x":32,"y":3},{"x":31,"y":3}],"terrainTextureId":"polygon_terrain_dark_1","polygon":[{"x":2869,"y":901},{"x":3024,"y":852},{"x":3210,"y":825},{"x":3321,"y":918},{"x":3398,"y":1065},{"x":3271,"y":1276},{"x":3233,"y":1355},{"x":3313,"y":1354},{"x":3397,"y":1227},{"x":3515,"y":1156},{"x":3496,"y":1350},{"x":3517,"y":1526},{"x":3617,"y":1704},{"x":3506,"y":1746},{"x":3353,"y":1807},{"x":3186,"y":1741},{"x":3002,"y":1616},{"x":3024,"y":1860},{"x":3038,"y":2038},{"x":2888,"y":2047},{"x":2688,"y":2060},{"x":2658,"y":1913},{"x":2627,"y":1757},{"x":2680,"y":1616},{"x":2733,"y":1476},{"x":2814,"y":1262},{"x":2869,"y":1071}]}]],[[{"usedWorldBlocks":[{"x":5,"y":1},{"x":6,"y":1},{"x":6,"y":2},{"x":7,"y":2},{"x":7,"y":3},{"x":6,"y":3},{"x":6,"y":4},{"x":5,"y":4},{"x":5,"y":3},{"x":5,"y":2},{"x":14,"y":2},{"x":15,"y":2},{"x":16,"y":2},{"x":16,"y":3},{"x":15,"y":3},{"x":14,"y":3},{"x":20,"y":2},{"x":21,"y":2},{"x":21,"y":3},{"x":20,"y":3},{"x":25,"y":1},{"x":26,"y":1},{"x":26,"y":2},{"x":27,"y":3},{"x":26,"y":3},{"x":26,"y":4},{"x":25,"y":4},{"x":25,"y":3},{"x":25,"y":2},{"x":27,"y":2},{"x":28,"y":2},{"x":29,"y":2},{"x":29,"y":3},{"x":29,"y":4},{"x":28,"y":4},{"x":28,"y":3},{"x":31,"y":2},{"x":32,"y":1},{"x":32,"y":2},{"x":33,"y":1},{"x":33,"y":2},{"x":33,"y":3},{"x":33,"y":4},{"x":32,"y":4},{"x":32,"y":3},{"x":31,"y":3}],"terrainTextureId":"polygon_terrain_dark_1","polygon":[{"x":2413,"y":1241},{"x":2550,"y":1268},{"x":2676,"y":1271},{"x":2912,"y":1183},{"x":2787,"y":1266},{"x":2737,"y":1450},{"x":2944,"y":1389},{"x":3115,"y":1279},{"x":3136,"y":1452},{"x":3114,"y":1641},{"x":3252,"y":1742},{"x":3024,"y":1856},{"x":2734,"y":1927},{"x":2455,"y":1858},{"x":2275,"y":1665},{"x":2366,"y":1383}]}]],[[{"usedWorldBlocks":[{"x":5,"y":1},{"x":6,"y":1},{"x":6,"y":2},{"x":7,"y":2},{"x":7,"y":3},{"x":6,"y":3},{"x":6,"y":4},{"x":5,"y":4},{"x":5,"y":3},{"x":5,"y":2},{"x":14,"y":2},{"x":15,"y":2},{"x":16,"y":2},{"x":16,"y":3},{"x":15,"y":3},{"x":14,"y":3},{"x":20,"y":2},{"x":21,"y":2},{"x":21,"y":3},{"x":20,"y":3},{"x":25,"y":1},{"x":26,"y":1},{"x":26,"y":2},{"x":27,"y":3},{"x":26,"y":3},{"x":26,"y":4},{"x":25,"y":4},{"x":25,"y":3},{"x":25,"y":2},{"x":27,"y":2},{"x":28,"y":2},{"x":29,"y":2},{"x":29,"y":3},{"x":29,"y":4},{"x":28,"y":4},{"x":28,"y":3},{"x":31,"y":2},{"x":32,"y":1},{"x":32,"y":2},{"x":33,"y":1},{"x":33,"y":2},{"x":33,"y":3},{"x":33,"y":4},{"x":32,"y":4},{"x":32,"y":3},{"x":31,"y":3}],"terrainTextureId":"polygon_terrain_dark_1","polygon":[{"x":358,"y":1357},{"x":508,"y":1357},{"x":681,"y":1342},{"x":764,"y":1492},{"x":893,"y":1580},{"x":755,"y":1641},{"x":534,"y":1738},{"x":291,"y":1724},{"x":75,"y":1644},{"x":267,"y":1497}]},{"usedWorldBlocks":[{"x":5,"y":1},{"x":6,"y":1},{"x":6,"y":2},{"x":7,"y":2},{"x":7,"y":3},{"x":6,"y":3},{"x":6,"y":4},{"x":5,"y":4},{"x":5,"y":3},{"x":5,"y":2},{"x":14,"y":2},{"x":15,"y":2},{"x":16,"y":2},{"x":16,"y":3},{"x":15,"y":3},{"x":14,"y":3},{"x":20,"y":2},{"x":21,"y":2},{"x":21,"y":3},{"x":20,"y":3},{"x":25,"y":1},{"x":26,"y":1},{"x":26,"y":2},{"x":27,"y":3},{"x":26,"y":3},{"x":26,"y":4},{"x":25,"y":4},{"x":25,"y":3},{"x":25,"y":2},{"x":27,"y":2},{"x":28,"y":2},{"x":29,"y":2},{"x":29,"y":3},{"x":29,"y":4},{"x":28,"y":4},{"x":28,"y":3},{"x":31,"y":2},{"x":32,"y":1},{"x":32,"y":2},{"x":33,"y":1},{"x":33,"y":2},{"x":33,"y":3},{"x":33,"y":4},{"x":32,"y":4},{"x":32,"y":3},{"x":31,"y":3}],"terrainTextureId":"polygon_terrain_dark_1","polygon":[{"x":2940,"y":951},{"x":3081,"y":900},{"x":3224,"y":849},{"x":3395,"y":904},{"x":3438,"y":1143},{"x":3269,"y":1321},{"x":3358,"y":1344},{"x":3465,"y":1183},{"x":3462,"y":1438},{"x":3540,"y":1628},{"x":3649,"y":1749},{"x":3497,"y":1814},{"x":3343,"y":1858},{"x":3282,"y":2009},{"x":3133,"y":2029},{"x":2922,"y":2056},{"x":2811,"y":1806},{"x":2857,"y":1664},{"x":2937,"y":1420},{"x":2850,"y":1290},{"x":2925,"y":1102}]},{"usedWorldBlocks":[{"x":5,"y":1},{"x":6,"y":1},{"x":6,"y":2},{"x":7,"y":2},{"x":7,"y":3},{"x":6,"y":3},{"x":6,"y":4},{"x":5,"y":4},{"x":5,"y":3},{"x":5,"y":2},{"x":14,"y":2},{"x":15,"y":2},{"x":16,"y":2},{"x":16,"y":3},{"x":15,"y":3},{"x":14,"y":3},{"x":20,"y":2},{"x":21,"y":2},{"x":21,"y":3},{"x":20,"y":3},{"x":25,"y":1},{"x":26,"y":1},{"x":26,"y":2},{"x":27,"y":3},{"x":26,"y":3},{"x":26,"y":4},{"x":25,"y":4},{"x":25,"y":3},{"x":25,"y":2},{"x":27,"y":2},{"x":28,"y":2},{"x":29,"y":2},{"x":29,"y":3},{"x":29,"y":4},{"x":28,"y":4},{"x":28,"y":3},{"x":31,"y":2},{"x":32,"y":1},{"x":32,"y":2},{"x":33,"y":1},{"x":33,"y":2},{"x":33,"y":3},{"x":33,"y":4},{"x":32,"y":4},{"x":32,"y":3},{"x":31,"y":3}],"terrainTextureId":"polygon_terrain_dark_1","polygon":[{"x":3932,"y":1252},{"x":4082,"y":1252},{"x":4367,"y":1307},{"x":4516,"y":1307},{"x":4738,"y":1308},{"x":4863,"y":1193},{"x":4818,"y":1362},{"x":4939,"y":1622},{"x":4719,"y":1703},{"x":4736,"y":1852},{"x":4757,"y":2043},{"x":4607,"y":2040},{"x":4394,"y":2036},{"x":4373,"y":1782},{"x":4502,"y":1696},{"x":4281,"y":1724},{"x":4056,"y":1705},{"x":4033,"y":1557},{"x":3971,"y":1396}]}]],[[{"usedWorldBlocks":[{"x":5,"y":1},{"x":6,"y":1},{"x":6,"y":2},{"x":7,"y":2},{"x":7,"y":3},{"x":6,"y":3},{"x":6,"y":4},{"x":5,"y":4},{"x":5,"y":3},{"x":5,"y":2},{"x":14,"y":2},{"x":15,"y":2},{"x":16,"y":2},{"x":16,"y":3},{"x":15,"y":3},{"x":14,"y":3},{"x":20,"y":2},{"x":21,"y":2},{"x":21,"y":3},{"x":20,"y":3},{"x":25,"y":1},{"x":26,"y":1},{"x":26,"y":2},{"x":27,"y":3},{"x":26,"y":3},{"x":26,"y":4},{"x":25,"y":4},{"x":25,"y":3},{"x":25,"y":2},{"x":27,"y":2},{"x":28,"y":2},{"x":29,"y":2},{"x":29,"y":3},{"x":29,"y":4},{"x":28,"y":4},{"x":28,"y":3},{"x":31,"y":2},{"x":32,"y":1},{"x":32,"y":2},{"x":33,"y":1},{"x":33,"y":2},{"x":33,"y":3},{"x":33,"y":4},{"x":32,"y":4},{"x":32,"y":3},{"x":31,"y":3}],"terrainTextureId":"polygon_terrain_dark_1","polygon":[{"x":741,"y":1026},{"x":891,"y":1026},{"x":1102,"y":970},{"x":1296,"y":1021},{"x":1457,"y":975},{"x":1690,"y":967},{"x":1839,"y":815},{"x":1808,"y":983},{"x":1841,"y":1212},{"x":1943,"y":1381},{"x":1771,"y":1580},{"x":1947,"y":1751},{"x":1858,"y":2002},{"x":1751,"y":2040},{"x":1484,"y":2046},{"x":1426,"y":1957},{"x":1315,"y":1790},{"x":1428,"y":1595},{"x":1460,"y":1460},{"x":1350,"y":1410},{"x":1207,"y":1455},{"x":1042,"y":1506},{"x":856,"y":1614},{"x":841,"y":1473},{"x":806,"y":1327},{"x":799,"y":1197}]}]]],"libraryElements":null,"staticElementData":[{"position":{"x":1742,"y":753},"scaleX":1,"elementId":"table_direction","rotation":0,"scaleY":1},{"position":{"x":3049,"y":1219},"scaleX":1,"elementId":"table_direction","rotation":74.61,"scaleY":1},{"position":{"x":3108,"y":967},"scaleX":0.99,"elementId":"table_warning","rotation":123.17,"scaleY":0.99},{"position":{"x":4099,"y":1540},"scaleX":0.99,"elementId":"table_direction","rotation":-28.05,"scaleY":0.99},{"position":{"x":3732,"y":1516},"scaleX":1,"elementId":"table_warning","rotation":0,"scaleY":1},{"position":{"x":3983,"y":1862},"scaleX":0.99,"elementId":"table_danger","rotation":44.21,"scaleY":0.99},{"position":{"x":7272,"y":1177},"scaleX":0.99,"elementId":"table_warning","rotation":-12.53,"scaleY":0.99},{"position":{"x":7836,"y":965},"scaleX":0.93,"elementId":"table_direction","rotation":100.6,"scaleY":-1.01},{"position":{"x":7437,"y":1664},"scaleX":1,"elementId":"table_direction","rotation":37.95,"scaleY":1},{"position":{"x":9970,"y":1032},"scaleX":0.99,"elementId":"table_direction","rotation":46.92,"scaleY":0.99},{"position":{"x":10283,"y":937},"scaleX":0.99,"elementId":"table_warning","rotation":-54.97,"scaleY":0.99},{"position":{"x":9913,"y":1721},"scaleX":1,"elementId":"table_danger","rotation":36.68,"scaleY":1},{"position":{"x":10416,"y":1617},"scaleX":0.99,"elementId":"table_direction","rotation":-11.08,"scaleY":0.99},{"position":{"x":12852,"y":1159},"scaleX":1,"elementId":"table_warning","rotation":-8.52,"scaleY":1},{"position":{"x":13085,"y":1186},"scaleX":0.99,"elementId":"table_direction","rotation":71.82,"scaleY":0.99},{"position":{"x":13140,"y":1009},"scaleX":1,"elementId":"table_warning","rotation":127.07,"scaleY":1},{"position":{"x":13720,"y":1564},"scaleX":1,"elementId":"table_direction","rotation":0,"scaleY":1},{"position":{"x":14878,"y":1505},"scaleX":1,"elementId":"table_direction","rotation":-9.79,"scaleY":1},{"position":{"x":15218,"y":1936},"scaleX":0.99,"elementId":"table_danger","rotation":-36.21,"scaleY":0.99},{"position":{"x":15903,"y":1449},"scaleX":1,"elementId":"table_direction","rotation":-33.1,"scaleY":1},{"position":{"x":15524,"y":1395},"scaleX":1,"elementId":"table_warning","rotation":0,"scaleY":1},{"position":{"x":15556,"y":1844},"scaleX":0.99,"elementId":"table_danger","rotation":30.86,"scaleY":0.99},{"position":{"x":16729,"y":1905},"scaleX":0.99,"elementId":"table_danger","rotation":-37.11,"scaleY":0.99},{"position":{"x":16901,"y":1259},"scaleX":0.99,"elementId":"table_direction","rotation":-30.69,"scaleY":0.99},{"position":{"x":18895,"y":1335},"scaleX":1,"elementId":"table_warning","rotation":-36.23,"scaleY":1},{"position":{"x":19276,"y":1416},"scaleX":0.99,"elementId":"table_danger","rotation":34.72,"scaleY":0.99}],"enemyPathData":null,"levelId":0}