{"startPoint":{"x":1613,"y":827},"finishPoint":{"x":19538,"y":1311},"collectableItems":[{"x":3103,"y":894},{"x":3102,"y":843},{"x":3152,"y":842},{"x":3154,"y":894},{"x":4734,"y":645},{"x":4796,"y":620},{"x":4868,"y":607},{"x":4934,"y":613},{"x":5005,"y":638},{"x":6864,"y":1335},{"x":6761,"y":1279},{"x":6811,"y":1278},{"x":6814,"y":1335},{"x":8603,"y":1407},{"x":8656,"y":1408},{"x":8602,"y":1455},{"x":8657,"y":1457},{"x":8659,"y":1506},{"x":8716,"y":1505},{"x":8661,"y":1558},{"x":8719,"y":1562},{"x":11883,"y":1077},{"x":11825,"y":1096},{"x":11939,"y":1058},{"x":11693,"y":1118},{"x":13115,"y":929},{"x":13160,"y":963},{"x":13213,"y":1001},{"x":13277,"y":1017},{"x":13343,"y":1012},{"x":15699,"y":1272},{"x":15713,"y":1326},{"x":15729,"y":1381},{"x":15765,"y":1438},{"x":15828,"y":1483},{"x":17992,"y":762},{"x":18056,"y":738},{"x":18106,"y":739},{"x":18173,"y":769}],"cameraBounds":{"x":0,"y":0,"width":20000,"height":2000,"left":0,"bottom":2000,"right":20000,"top":0,"topLeft":{"x":0,"y":0,"length":0},"size":{"x":20000,"y":2000,"length":20099.751242241782},"bottomRight":{"x":20000,"y":2000,"length":20099.751242241782}},"dynamicElementData":null,"bridgePoints":[{"bridgeAY":1688,"bridgeBX":7994,"bridgeAX":7615,"bridgeBY":1508},{"bridgeAY":1668,"bridgeBX":10175,"bridgeAX":9593,"bridgeBY":1523},{"bridgeAY":1074,"bridgeBX":10336,"bridgeAX":9864,"bridgeBY":1156},{"bridgeAY":1414,"bridgeBX":15093,"bridgeAX":14456,"bridgeBY":1242},{"bridgeAY":993,"bridgeBX":14067,"bridgeAX":13723,"bridgeBY":886},{"bridgeAY":825,"bridgeBX":15062,"bridgeAX":14403,"bridgeBY":839},{"bridgeAY":1714,"bridgeBX":19511,"bridgeAX":19194,"bridgeBY":1438}],"starValues":[18650,19650,20650],"polygonGroundData":[[[{"usedWorldBlocks":[{"x":0,"y":1},{"x":1,"y":1},{"x":2,"y":1},{"x":3,"y":1},{"x":4,"y":2},{"x":5,"y":2},{"x":6,"y":1},{"x":6,"y":2},{"x":7,"y":2},{"x":7,"y":1},{"x":8,"y":1},{"x":9,"y":1},{"x":9,"y":2},{"x":8,"y":2},{"x":3,"y":2},{"x":2,"y":2},{"x":1,"y":2},{"x":0,"y":2},{"x":0,"y":0},{"x":1,"y":0},{"x":2,"y":0},{"x":3,"y":0},{"x":4,"y":0},{"x":5,"y":0},{"x":6,"y":0},{"x":7,"y":0},{"x":8,"y":0},{"x":9,"y":0},{"x":5,"y":1},{"x":4,"y":1},{"x":10,"y":1},{"x":11,"y":2},{"x":12,"y":2},{"x":12,"y":1},{"x":12,"y":3},{"x":12,"y":4},{"x":11,"y":4},{"x":11,"y":3},{"x":10,"y":2},{"x":13,"y":2},{"x":13,"y":1},{"x":14,"y":1},{"x":15,"y":1},{"x":16,"y":1},{"x":17,"y":1},{"x":17,"y":2},{"x":18,"y":2},{"x":18,"y":1},{"x":19,"y":1},{"x":19,"y":2},{"x":16,"y":2},{"x":15,"y":2},{"x":14,"y":2},{"x":14,"y":3},{"x":15,"y":3},{"x":15,"y":4},{"x":14,"y":4},{"x":13,"y":4},{"x":13,"y":3},{"x":17,"y":3},{"x":18,"y":3},{"x":19,"y":3},{"x":18,"y":4},{"x":17,"y":4},{"x":16,"y":4},{"x":16,"y":3},{"x":20,"y":3},{"x":20,"y":2},{"x":21,"y":3},{"x":22,"y":3},{"x":22,"y":2},{"x":22,"y":4},{"x":21,"y":4},{"x":20,"y":4},{"x":21,"y":2},{"x":21,"y":1},{"x":22,"y":1},{"x":23,"y":2},{"x":24,"y":2},{"x":24,"y":1},{"x":25,"y":1},{"x":25,"y":2},{"x":23,"y":3},{"x":24,"y":3},{"x":25,"y":3},{"x":26,"y":3},{"x":27,"y":3},{"x":28,"y":3},{"x":28,"y":2},{"x":28,"y":4},{"x":27,"y":4},{"x":26,"y":4},{"x":25,"y":4},{"x":23,"y":4},{"x":26,"y":1},{"x":26,"y":2},{"x":27,"y":1},{"x":27,"y":2},{"x":25,"y":0},{"x":26,"y":0},{"x":28,"y":1},{"x":30,"y":2},{"x":31,"y":2},{"x":31,"y":3},{"x":32,"y":3},{"x":33,"y":3},{"x":33,"y":2},{"x":33,"y":4},{"x":32,"y":4},{"x":31,"y":4},{"x":30,"y":4},{"x":30,"y":3},{"x":31,"y":0},{"x":32,"y":0},{"x":32,"y":1},{"x":31,"y":1},{"x":32,"y":2},{"x":34,"y":2},{"x":35,"y":2},{"x":35,"y":1},{"x":34,"y":3},{"x":35,"y":3},{"x":36,"y":3},{"x":35,"y":4},{"x":34,"y":4},{"x":39,"y":2},{"x":40,"y":2},{"x":40,"y":3},{"x":40,"y":4},{"x":39,"y":4},{"x":39,"y":3},{"x":30,"y":1},{"x":36,"y":1},{"x":36,"y":2},{"x":37,"y":2},{"x":38,"y":2},{"x":37,"y":3},{"x":38,"y":3},{"x":38,"y":4},{"x":37,"y":4},{"x":36,"y":4}],"terrainTextureId":"polygon_terrain_1","polygon":[{"x":487,"y":893},{"x":636,"y":894},{"x":786,"y":895},{"x":936,"y":896},{"x":1086,"y":897},{"x":1236,"y":898},{"x":1386,"y":899},{"x":1536,"y":900},{"x":1686,"y":900},{"x":1933,"y":901},{"x":2044,"y":1014},{"x":2194,"y":1020},{"x":2339,"y":1067},{"x":2570,"y":1035},{"x":2634,"y":1106},{"x":2795,"y":1112},{"x":2946,"y":1083},{"x":3078,"y":972},{"x":3237,"y":1077},{"x":3394,"y":1051},{"x":3524,"y":1146},{"x":3686,"y":1096},{"x":3819,"y":1070},{"x":3921,"y":979},{"x":4012,"y":847},{"x":4140,"y":770},{"x":4339,"y":827},{"x":4493,"y":777},{"x":4743,"y":724},{"x":4799,"y":805},{"x":4591,"y":983},{"x":4636,"y":1161},{"x":4719,"y":1262},{"x":4450,"y":1328},{"x":4208,"y":1475},{"x":4057,"y":1420},{"x":3947,"y":1402},{"x":3750,"y":1475},{"x":3673,"y":1286},{"x":3526,"y":1292},{"x":3301,"y":1473},{"x":3098,"y":1390},{"x":2933,"y":1341},{"x":2797,"y":1436},{"x":2544,"y":1394},{"x":2389,"y":1452},{"x":2131,"y":1473},{"x":2208,"y":1354},{"x":2153,"y":1214},{"x":1976,"y":1153},{"x":1682,"y":1182},{"x":1484,"y":1024},{"x":1313,"y":980},{"x":1187,"y":1015},{"x":1187,"y":1122},{"x":1361,"y":1280},{"x":1475,"y":1434},{"x":1279,"y":1457},{"x":1065,"y":1449},{"x":886,"y":1461},{"x":899,"y":1288},{"x":652,"y":1157},{"x":487,"y":1043}]},{"usedWorldBlocks":[{"x":0,"y":1},{"x":1,"y":1},{"x":2,"y":1},{"x":3,"y":1},{"x":4,"y":2},{"x":5,"y":2},{"x":6,"y":1},{"x":6,"y":2},{"x":7,"y":2},{"x":7,"y":1},{"x":8,"y":1},{"x":9,"y":1},{"x":9,"y":2},{"x":8,"y":2},{"x":3,"y":2},{"x":2,"y":2},{"x":1,"y":2},{"x":0,"y":2},{"x":0,"y":0},{"x":1,"y":0},{"x":2,"y":0},{"x":3,"y":0},{"x":4,"y":0},{"x":5,"y":0},{"x":6,"y":0},{"x":7,"y":0},{"x":8,"y":0},{"x":9,"y":0},{"x":5,"y":1},{"x":4,"y":1},{"x":10,"y":1},{"x":11,"y":2},{"x":12,"y":2},{"x":12,"y":1},{"x":12,"y":3},{"x":12,"y":4},{"x":11,"y":4},{"x":11,"y":3},{"x":10,"y":2},{"x":13,"y":2},{"x":13,"y":1},{"x":14,"y":1},{"x":15,"y":1},{"x":16,"y":1},{"x":17,"y":1},{"x":17,"y":2},{"x":18,"y":2},{"x":18,"y":1},{"x":19,"y":1},{"x":19,"y":2},{"x":16,"y":2},{"x":15,"y":2},{"x":14,"y":2},{"x":14,"y":3},{"x":15,"y":3},{"x":15,"y":4},{"x":14,"y":4},{"x":13,"y":4},{"x":13,"y":3},{"x":17,"y":3},{"x":18,"y":3},{"x":19,"y":3},{"x":18,"y":4},{"x":17,"y":4},{"x":16,"y":4},{"x":16,"y":3},{"x":20,"y":3},{"x":20,"y":2},{"x":21,"y":3},{"x":22,"y":3},{"x":22,"y":2},{"x":22,"y":4},{"x":21,"y":4},{"x":20,"y":4},{"x":21,"y":2},{"x":21,"y":1},{"x":22,"y":1},{"x":23,"y":2},{"x":24,"y":2},{"x":24,"y":1},{"x":25,"y":1},{"x":25,"y":2},{"x":23,"y":3},{"x":24,"y":3},{"x":25,"y":3},{"x":26,"y":3},{"x":27,"y":3},{"x":28,"y":3},{"x":28,"y":2},{"x":28,"y":4},{"x":27,"y":4},{"x":26,"y":4},{"x":25,"y":4},{"x":23,"y":4},{"x":26,"y":1},{"x":26,"y":2},{"x":27,"y":1},{"x":27,"y":2},{"x":25,"y":0},{"x":26,"y":0},{"x":28,"y":1},{"x":30,"y":2},{"x":31,"y":2},{"x":31,"y":3},{"x":32,"y":3},{"x":33,"y":3},{"x":33,"y":2},{"x":33,"y":4},{"x":32,"y":4},{"x":31,"y":4},{"x":30,"y":4},{"x":30,"y":3},{"x":31,"y":0},{"x":32,"y":0},{"x":32,"y":1},{"x":31,"y":1},{"x":32,"y":2},{"x":34,"y":2},{"x":35,"y":2},{"x":35,"y":1},{"x":34,"y":3},{"x":35,"y":3},{"x":36,"y":3},{"x":35,"y":4},{"x":34,"y":4},{"x":39,"y":2},{"x":40,"y":2},{"x":40,"y":3},{"x":40,"y":4},{"x":39,"y":4},{"x":39,"y":3},{"x":30,"y":1},{"x":36,"y":1},{"x":36,"y":2},{"x":37,"y":2},{"x":38,"y":2},{"x":37,"y":3},{"x":38,"y":3},{"x":38,"y":4},{"x":37,"y":4},{"x":36,"y":4}],"terrainTextureId":"polygon_terrain_1","polygon":[{"x":320,"y":411},{"x":495,"y":312},{"x":729,"y":283},{"x":837,"y":197},{"x":1005,"y":200},{"x":1157,"y":276},{"x":1322,"y":195},{"x":1441,"y":266},{"x":1653,"y":279},{"x":1855,"y":300},{"x":1976,"y":348},{"x":2157,"y":366},{"x":2282,"y":243},{"x":2483,"y":308},{"x":2752,"y":350},{"x":2884,"y":421},{"x":3034,"y":415},{"x":3240,"y":359},{"x":3383,"y":245},{"x":3485,"y":150},{"x":3748,"y":269},{"x":3868,"y":222},{"x":4032,"y":249},{"x":4207,"y":127},{"x":4432,"y":135},{"x":4643,"y":87},{"x":4916,"y":187},{"x":4893,"y":369},{"x":4747,"y":403},{"x":4601,"y":436},{"x":4434,"y":474},{"x":4285,"y":416},{"x":4126,"y":473},{"x":4019,"y":570},{"x":3811,"y":425},{"x":3692,"y":507},{"x":3543,"y":530},{"x":3440,"y":745},{"x":3265,"y":747},{"x":3049,"y":625},{"x":2917,"y":721},{"x":2643,"y":662},{"x":2493,"y":632},{"x":2298,"y":696},{"x":2105,"y":563},{"x":1956,"y":527},{"x":1773,"y":522},{"x":1614,"y":568},{"x":1473,"y":522},{"x":1321,"y":508},{"x":1173,"y":522},{"x":1001,"y":559},{"x":868,"y":489},{"x":723,"y":522},{"x":542,"y":585},{"x":398,"y":529}]}]],[[{"usedWorldBlocks":[{"x":0,"y":1},{"x":1,"y":1},{"x":2,"y":1},{"x":3,"y":1},{"x":4,"y":2},{"x":5,"y":2},{"x":6,"y":1},{"x":6,"y":2},{"x":7,"y":2},{"x":7,"y":1},{"x":8,"y":1},{"x":9,"y":1},{"x":9,"y":2},{"x":8,"y":2},{"x":3,"y":2},{"x":2,"y":2},{"x":1,"y":2},{"x":0,"y":2},{"x":0,"y":0},{"x":1,"y":0},{"x":2,"y":0},{"x":3,"y":0},{"x":4,"y":0},{"x":5,"y":0},{"x":6,"y":0},{"x":7,"y":0},{"x":8,"y":0},{"x":9,"y":0},{"x":5,"y":1},{"x":4,"y":1},{"x":10,"y":1},{"x":11,"y":2},{"x":12,"y":2},{"x":12,"y":1},{"x":12,"y":3},{"x":12,"y":4},{"x":11,"y":4},{"x":11,"y":3},{"x":10,"y":2},{"x":13,"y":2},{"x":13,"y":1},{"x":14,"y":1},{"x":15,"y":1},{"x":16,"y":1},{"x":17,"y":1},{"x":17,"y":2},{"x":18,"y":2},{"x":18,"y":1},{"x":19,"y":1},{"x":19,"y":2},{"x":16,"y":2},{"x":15,"y":2},{"x":14,"y":2},{"x":14,"y":3},{"x":15,"y":3},{"x":15,"y":4},{"x":14,"y":4},{"x":13,"y":4},{"x":13,"y":3},{"x":17,"y":3},{"x":18,"y":3},{"x":19,"y":3},{"x":18,"y":4},{"x":17,"y":4},{"x":16,"y":4},{"x":16,"y":3},{"x":20,"y":3},{"x":20,"y":2},{"x":21,"y":3},{"x":22,"y":3},{"x":22,"y":2},{"x":22,"y":4},{"x":21,"y":4},{"x":20,"y":4},{"x":21,"y":2},{"x":21,"y":1},{"x":22,"y":1},{"x":23,"y":2},{"x":24,"y":2},{"x":24,"y":1},{"x":25,"y":1},{"x":25,"y":2},{"x":23,"y":3},{"x":24,"y":3},{"x":25,"y":3},{"x":26,"y":3},{"x":27,"y":3},{"x":28,"y":3},{"x":28,"y":2},{"x":28,"y":4},{"x":27,"y":4},{"x":26,"y":4},{"x":25,"y":4},{"x":23,"y":4},{"x":26,"y":1},{"x":26,"y":2},{"x":27,"y":1},{"x":27,"y":2},{"x":25,"y":0},{"x":26,"y":0},{"x":28,"y":1},{"x":30,"y":2},{"x":31,"y":2},{"x":31,"y":3},{"x":32,"y":3},{"x":33,"y":3},{"x":33,"y":2},{"x":33,"y":4},{"x":32,"y":4},{"x":31,"y":4},{"x":30,"y":4},{"x":30,"y":3},{"x":31,"y":0},{"x":32,"y":0},{"x":32,"y":1},{"x":31,"y":1},{"x":32,"y":2},{"x":34,"y":2},{"x":35,"y":2},{"x":35,"y":1},{"x":34,"y":3},{"x":35,"y":3},{"x":36,"y":3},{"x":35,"y":4},{"x":34,"y":4},{"x":39,"y":2},{"x":40,"y":2},{"x":40,"y":3},{"x":40,"y":4},{"x":39,"y":4},{"x":39,"y":3},{"x":30,"y":1},{"x":36,"y":1},{"x":36,"y":2},{"x":37,"y":2},{"x":38,"y":2},{"x":37,"y":3},{"x":38,"y":3},{"x":38,"y":4},{"x":37,"y":4},{"x":36,"y":4}],"terrainTextureId":"polygon_terrain_1","polygon":[{"x":165,"y":899},{"x":245,"y":888},{"x":377,"y":958},{"x":512,"y":1029},{"x":649,"y":1026},{"x":795,"y":1063},{"x":970,"y":1108},{"x":1152,"y":1087},{"x":1326,"y":998},{"x":1372,"y":1071},{"x":1416,"y":1333},{"x":1272,"y":1437},{"x":1191,"y":1583},{"x":1162,"y":1750},{"x":1233,"y":1880},{"x":1256,"y":2040},{"x":1104,"y":2057},{"x":935,"y":2022},{"x":959,"y":1874},{"x":990,"y":1677},{"x":902,"y":1556},{"x":806,"y":1426},{"x":663,"y":1386},{"x":534,"y":1295},{"x":392,"y":1147},{"x":175,"y":1029}]},{"usedWorldBlocks":[{"x":0,"y":1},{"x":1,"y":1},{"x":2,"y":1},{"x":3,"y":1},{"x":4,"y":2},{"x":5,"y":2},{"x":6,"y":1},{"x":6,"y":2},{"x":7,"y":2},{"x":7,"y":1},{"x":8,"y":1},{"x":9,"y":1},{"x":9,"y":2},{"x":8,"y":2},{"x":3,"y":2},{"x":2,"y":2},{"x":1,"y":2},{"x":0,"y":2},{"x":0,"y":0},{"x":1,"y":0},{"x":2,"y":0},{"x":3,"y":0},{"x":4,"y":0},{"x":5,"y":0},{"x":6,"y":0},{"x":7,"y":0},{"x":8,"y":0},{"x":9,"y":0},{"x":5,"y":1},{"x":4,"y":1},{"x":10,"y":1},{"x":11,"y":2},{"x":12,"y":2},{"x":12,"y":1},{"x":12,"y":3},{"x":12,"y":4},{"x":11,"y":4},{"x":11,"y":3},{"x":10,"y":2},{"x":13,"y":2},{"x":13,"y":1},{"x":14,"y":1},{"x":15,"y":1},{"x":16,"y":1},{"x":17,"y":1},{"x":17,"y":2},{"x":18,"y":2},{"x":18,"y":1},{"x":19,"y":1},{"x":19,"y":2},{"x":16,"y":2},{"x":15,"y":2},{"x":14,"y":2},{"x":14,"y":3},{"x":15,"y":3},{"x":15,"y":4},{"x":14,"y":4},{"x":13,"y":4},{"x":13,"y":3},{"x":17,"y":3},{"x":18,"y":3},{"x":19,"y":3},{"x":18,"y":4},{"x":17,"y":4},{"x":16,"y":4},{"x":16,"y":3},{"x":20,"y":3},{"x":20,"y":2},{"x":21,"y":3},{"x":22,"y":3},{"x":22,"y":2},{"x":22,"y":4},{"x":21,"y":4},{"x":20,"y":4},{"x":21,"y":2},{"x":21,"y":1},{"x":22,"y":1},{"x":23,"y":2},{"x":24,"y":2},{"x":24,"y":1},{"x":25,"y":1},{"x":25,"y":2},{"x":23,"y":3},{"x":24,"y":3},{"x":25,"y":3},{"x":26,"y":3},{"x":27,"y":3},{"x":28,"y":3},{"x":28,"y":2},{"x":28,"y":4},{"x":27,"y":4},{"x":26,"y":4},{"x":25,"y":4},{"x":23,"y":4},{"x":26,"y":1},{"x":26,"y":2},{"x":27,"y":1},{"x":27,"y":2},{"x":25,"y":0},{"x":26,"y":0},{"x":28,"y":1},{"x":30,"y":2},{"x":31,"y":2},{"x":31,"y":3},{"x":32,"y":3},{"x":33,"y":3},{"x":33,"y":2},{"x":33,"y":4},{"x":32,"y":4},{"x":31,"y":4},{"x":30,"y":4},{"x":30,"y":3},{"x":31,"y":0},{"x":32,"y":0},{"x":32,"y":1},{"x":31,"y":1},{"x":32,"y":2},{"x":34,"y":2},{"x":35,"y":2},{"x":35,"y":1},{"x":34,"y":3},{"x":35,"y":3},{"x":36,"y":3},{"x":35,"y":4},{"x":34,"y":4},{"x":39,"y":2},{"x":40,"y":2},{"x":40,"y":3},{"x":40,"y":4},{"x":39,"y":4},{"x":39,"y":3},{"x":30,"y":1},{"x":36,"y":1},{"x":36,"y":2},{"x":37,"y":2},{"x":38,"y":2},{"x":37,"y":3},{"x":38,"y":3},{"x":38,"y":4},{"x":37,"y":4},{"x":36,"y":4}],"terrainTextureId":"polygon_terrain_1","polygon":[{"x":1833,"y":1037},{"x":1984,"y":987},{"x":2177,"y":884},{"x":2278,"y":767},{"x":2419,"y":799},{"x":2533,"y":899},{"x":2661,"y":925},{"x":2818,"y":960},{"x":2959,"y":894},{"x":3015,"y":779},{"x":3200,"y":692},{"x":3382,"y":650},{"x":3503,"y":769},{"x":3702,"y":802},{"x":3887,"y":768},{"x":3921,"y":882},{"x":3780,"y":1019},{"x":3887,"y":1125},{"x":3973,"y":1258},{"x":4168,"y":1212},{"x":4244,"y":930},{"x":4376,"y":918},{"x":4521,"y":975},{"x":4660,"y":1050},{"x":4840,"y":1058},{"x":4834,"y":1138},{"x":4750,"y":1338},{"x":4604,"y":1307},{"x":4427,"y":1288},{"x":4187,"y":1324},{"x":4036,"y":1370},{"x":3801,"y":1444},{"x":3755,"y":1237},{"x":3572,"y":1162},{"x":3462,"y":1064},{"x":3440,"y":873},{"x":3296,"y":917},{"x":3174,"y":1068},{"x":3004,"y":1166},{"x":2843,"y":1259},{"x":2722,"y":1172},{"x":2516,"y":1153},{"x":2271,"y":1299},{"x":1982,"y":1235},{"x":1834,"y":1122}]},{"usedWorldBlocks":[{"x":0,"y":1},{"x":1,"y":1},{"x":2,"y":1},{"x":3,"y":1},{"x":4,"y":2},{"x":5,"y":2},{"x":6,"y":1},{"x":6,"y":2},{"x":7,"y":2},{"x":7,"y":1},{"x":8,"y":1},{"x":9,"y":1},{"x":9,"y":2},{"x":8,"y":2},{"x":3,"y":2},{"x":2,"y":2},{"x":1,"y":2},{"x":0,"y":2},{"x":0,"y":0},{"x":1,"y":0},{"x":2,"y":0},{"x":3,"y":0},{"x":4,"y":0},{"x":5,"y":0},{"x":6,"y":0},{"x":7,"y":0},{"x":8,"y":0},{"x":9,"y":0},{"x":5,"y":1},{"x":4,"y":1},{"x":10,"y":1},{"x":11,"y":2},{"x":12,"y":2},{"x":12,"y":1},{"x":12,"y":3},{"x":12,"y":4},{"x":11,"y":4},{"x":11,"y":3},{"x":10,"y":2},{"x":13,"y":2},{"x":13,"y":1},{"x":14,"y":1},{"x":15,"y":1},{"x":16,"y":1},{"x":17,"y":1},{"x":17,"y":2},{"x":18,"y":2},{"x":18,"y":1},{"x":19,"y":1},{"x":19,"y":2},{"x":16,"y":2},{"x":15,"y":2},{"x":14,"y":2},{"x":14,"y":3},{"x":15,"y":3},{"x":15,"y":4},{"x":14,"y":4},{"x":13,"y":4},{"x":13,"y":3},{"x":17,"y":3},{"x":18,"y":3},{"x":19,"y":3},{"x":18,"y":4},{"x":17,"y":4},{"x":16,"y":4},{"x":16,"y":3},{"x":20,"y":3},{"x":20,"y":2},{"x":21,"y":3},{"x":22,"y":3},{"x":22,"y":2},{"x":22,"y":4},{"x":21,"y":4},{"x":20,"y":4},{"x":21,"y":2},{"x":21,"y":1},{"x":22,"y":1},{"x":23,"y":2},{"x":24,"y":2},{"x":24,"y":1},{"x":25,"y":1},{"x":25,"y":2},{"x":23,"y":3},{"x":24,"y":3},{"x":25,"y":3},{"x":26,"y":3},{"x":27,"y":3},{"x":28,"y":3},{"x":28,"y":2},{"x":28,"y":4},{"x":27,"y":4},{"x":26,"y":4},{"x":25,"y":4},{"x":23,"y":4},{"x":26,"y":1},{"x":26,"y":2},{"x":27,"y":1},{"x":27,"y":2},{"x":25,"y":0},{"x":26,"y":0},{"x":28,"y":1},{"x":30,"y":2},{"x":31,"y":2},{"x":31,"y":3},{"x":32,"y":3},{"x":33,"y":3},{"x":33,"y":2},{"x":33,"y":4},{"x":32,"y":4},{"x":31,"y":4},{"x":30,"y":4},{"x":30,"y":3},{"x":31,"y":0},{"x":32,"y":0},{"x":32,"y":1},{"x":31,"y":1},{"x":32,"y":2},{"x":34,"y":2},{"x":35,"y":2},{"x":35,"y":1},{"x":34,"y":3},{"x":35,"y":3},{"x":36,"y":3},{"x":35,"y":4},{"x":34,"y":4},{"x":39,"y":2},{"x":40,"y":2},{"x":40,"y":3},{"x":40,"y":4},{"x":39,"y":4},{"x":39,"y":3},{"x":30,"y":1},{"x":36,"y":1},{"x":36,"y":2},{"x":37,"y":2},{"x":38,"y":2},{"x":37,"y":3},{"x":38,"y":3},{"x":38,"y":4},{"x":37,"y":4},{"x":36,"y":4}],"terrainTextureId":"polygon_terrain_1","polygon":[{"x":1709,"y":1424},{"x":1905,"y":1495},{"x":2016,"y":1608},{"x":2163,"y":1637},{"x":2311,"y":1666},{"x":2475,"y":1626},{"x":2644,"y":1718},{"x":2540,"y":1860},{"x":2525,"y":2048},{"x":2290,"y":2051},{"x":2161,"y":2066},{"x":2024,"y":2064},{"x":1917,"y":2075},{"x":1731,"y":2030},{"x":1892,"y":1794},{"x":1864,"y":1694},{"x":1680,"y":1513}]},{"usedWorldBlocks":[{"x":0,"y":1},{"x":1,"y":1},{"x":2,"y":1},{"x":3,"y":1},{"x":4,"y":2},{"x":5,"y":2},{"x":6,"y":1},{"x":6,"y":2},{"x":7,"y":2},{"x":7,"y":1},{"x":8,"y":1},{"x":9,"y":1},{"x":9,"y":2},{"x":8,"y":2},{"x":3,"y":2},{"x":2,"y":2},{"x":1,"y":2},{"x":0,"y":2},{"x":0,"y":0},{"x":1,"y":0},{"x":2,"y":0},{"x":3,"y":0},{"x":4,"y":0},{"x":5,"y":0},{"x":6,"y":0},{"x":7,"y":0},{"x":8,"y":0},{"x":9,"y":0},{"x":5,"y":1},{"x":4,"y":1},{"x":10,"y":1},{"x":11,"y":2},{"x":12,"y":2},{"x":12,"y":1},{"x":12,"y":3},{"x":12,"y":4},{"x":11,"y":4},{"x":11,"y":3},{"x":10,"y":2},{"x":13,"y":2},{"x":13,"y":1},{"x":14,"y":1},{"x":15,"y":1},{"x":16,"y":1},{"x":17,"y":1},{"x":17,"y":2},{"x":18,"y":2},{"x":18,"y":1},{"x":19,"y":1},{"x":19,"y":2},{"x":16,"y":2},{"x":15,"y":2},{"x":14,"y":2},{"x":14,"y":3},{"x":15,"y":3},{"x":15,"y":4},{"x":14,"y":4},{"x":13,"y":4},{"x":13,"y":3},{"x":17,"y":3},{"x":18,"y":3},{"x":19,"y":3},{"x":18,"y":4},{"x":17,"y":4},{"x":16,"y":4},{"x":16,"y":3},{"x":20,"y":3},{"x":20,"y":2},{"x":21,"y":3},{"x":22,"y":3},{"x":22,"y":2},{"x":22,"y":4},{"x":21,"y":4},{"x":20,"y":4},{"x":21,"y":2},{"x":21,"y":1},{"x":22,"y":1},{"x":23,"y":2},{"x":24,"y":2},{"x":24,"y":1},{"x":25,"y":1},{"x":25,"y":2},{"x":23,"y":3},{"x":24,"y":3},{"x":25,"y":3},{"x":26,"y":3},{"x":27,"y":3},{"x":28,"y":3},{"x":28,"y":2},{"x":28,"y":4},{"x":27,"y":4},{"x":26,"y":4},{"x":25,"y":4},{"x":23,"y":4},{"x":26,"y":1},{"x":26,"y":2},{"x":27,"y":1},{"x":27,"y":2},{"x":25,"y":0},{"x":26,"y":0},{"x":28,"y":1},{"x":30,"y":2},{"x":31,"y":2},{"x":31,"y":3},{"x":32,"y":3},{"x":33,"y":3},{"x":33,"y":2},{"x":33,"y":4},{"x":32,"y":4},{"x":31,"y":4},{"x":30,"y":4},{"x":30,"y":3},{"x":31,"y":0},{"x":32,"y":0},{"x":32,"y":1},{"x":31,"y":1},{"x":32,"y":2},{"x":34,"y":2},{"x":35,"y":2},{"x":35,"y":1},{"x":34,"y":3},{"x":35,"y":3},{"x":36,"y":3},{"x":35,"y":4},{"x":34,"y":4},{"x":39,"y":2},{"x":40,"y":2},{"x":40,"y":3},{"x":40,"y":4},{"x":39,"y":4},{"x":39,"y":3},{"x":30,"y":1},{"x":36,"y":1},{"x":36,"y":2},{"x":37,"y":2},{"x":38,"y":2},{"x":37,"y":3},{"x":38,"y":3},{"x":38,"y":4},{"x":37,"y":4},{"x":36,"y":4}],"terrainTextureId":"polygon_terrain_1","polygon":[{"x":2998,"y":1521},{"x":3028,"y":1489},{"x":3182,"y":1441},{"x":3330,"y":1321},{"x":3553,"y":1496},{"x":3511,"y":1652},{"x":3653,"y":1702},{"x":3794,"y":1751},{"x":3947,"y":1763},{"x":4082,"y":1824},{"x":4255,"y":1714},{"x":4409,"y":1736},{"x":4569,"y":1657},{"x":4611,"y":1748},{"x":4549,"y":1885},{"x":4480,"y":2036},{"x":4227,"y":2051},{"x":3979,"y":2035},{"x":3905,"y":1897},{"x":3686,"y":1917},{"x":3484,"y":2073},{"x":3334,"y":2075},{"x":3156,"y":2076},{"x":3239,"y":1951},{"x":3326,"y":1818},{"x":3148,"y":1671},{"x":2998,"y":1671}]}]],[[{"usedWorldBlocks":[{"x":0,"y":1},{"x":1,"y":1},{"x":2,"y":1},{"x":3,"y":1},{"x":4,"y":2},{"x":5,"y":2},{"x":6,"y":1},{"x":6,"y":2},{"x":7,"y":2},{"x":7,"y":1},{"x":8,"y":1},{"x":9,"y":1},{"x":9,"y":2},{"x":8,"y":2},{"x":3,"y":2},{"x":2,"y":2},{"x":1,"y":2},{"x":0,"y":2},{"x":0,"y":0},{"x":1,"y":0},{"x":2,"y":0},{"x":3,"y":0},{"x":4,"y":0},{"x":5,"y":0},{"x":6,"y":0},{"x":7,"y":0},{"x":8,"y":0},{"x":9,"y":0},{"x":5,"y":1},{"x":4,"y":1},{"x":10,"y":1},{"x":11,"y":2},{"x":12,"y":2},{"x":12,"y":1},{"x":12,"y":3},{"x":12,"y":4},{"x":11,"y":4},{"x":11,"y":3},{"x":10,"y":2},{"x":13,"y":2},{"x":13,"y":1},{"x":14,"y":1},{"x":15,"y":1},{"x":16,"y":1},{"x":17,"y":1},{"x":17,"y":2},{"x":18,"y":2},{"x":18,"y":1},{"x":19,"y":1},{"x":19,"y":2},{"x":16,"y":2},{"x":15,"y":2},{"x":14,"y":2},{"x":14,"y":3},{"x":15,"y":3},{"x":15,"y":4},{"x":14,"y":4},{"x":13,"y":4},{"x":13,"y":3},{"x":17,"y":3},{"x":18,"y":3},{"x":19,"y":3},{"x":18,"y":4},{"x":17,"y":4},{"x":16,"y":4},{"x":16,"y":3},{"x":20,"y":3},{"x":20,"y":2},{"x":21,"y":3},{"x":22,"y":3},{"x":22,"y":2},{"x":22,"y":4},{"x":21,"y":4},{"x":20,"y":4},{"x":21,"y":2},{"x":21,"y":1},{"x":22,"y":1},{"x":23,"y":2},{"x":24,"y":2},{"x":24,"y":1},{"x":25,"y":1},{"x":25,"y":2},{"x":23,"y":3},{"x":24,"y":3},{"x":25,"y":3},{"x":26,"y":3},{"x":27,"y":3},{"x":28,"y":3},{"x":28,"y":2},{"x":28,"y":4},{"x":27,"y":4},{"x":26,"y":4},{"x":25,"y":4},{"x":23,"y":4},{"x":26,"y":1},{"x":26,"y":2},{"x":27,"y":1},{"x":27,"y":2},{"x":25,"y":0},{"x":26,"y":0},{"x":28,"y":1},{"x":30,"y":2},{"x":31,"y":2},{"x":31,"y":3},{"x":32,"y":3},{"x":33,"y":3},{"x":33,"y":2},{"x":33,"y":4},{"x":32,"y":4},{"x":31,"y":4},{"x":30,"y":4},{"x":30,"y":3},{"x":31,"y":0},{"x":32,"y":0},{"x":32,"y":1},{"x":31,"y":1},{"x":32,"y":2},{"x":34,"y":2},{"x":35,"y":2},{"x":35,"y":1},{"x":34,"y":3},{"x":35,"y":3},{"x":36,"y":3},{"x":35,"y":4},{"x":34,"y":4},{"x":39,"y":2},{"x":40,"y":2},{"x":40,"y":3},{"x":40,"y":4},{"x":39,"y":4},{"x":39,"y":3},{"x":30,"y":1},{"x":36,"y":1},{"x":36,"y":2},{"x":37,"y":2},{"x":38,"y":2},{"x":37,"y":3},{"x":38,"y":3},{"x":38,"y":4},{"x":37,"y":4},{"x":36,"y":4}],"terrainTextureId":"polygon_terrain_1","polygon":[{"x":198,"y":1518},{"x":265,"y":1490},{"x":399,"y":1559},{"x":531,"y":1633},{"x":710,"y":1649},{"x":870,"y":1613},{"x":1119,"y":1547},{"x":1292,"y":1430},{"x":1351,"y":1357},{"x":1400,"y":1412},{"x":1385,"y":1561},{"x":1334,"y":1719},{"x":1406,"y":1876},{"x":1366,"y":2054},{"x":1263,"y":2087},{"x":1204,"y":1888},{"x":1104,"y":1821},{"x":829,"y":1816},{"x":644,"y":2026},{"x":425,"y":2044},{"x":476,"y":1858},{"x":380,"y":1696},{"x":198,"y":1668}]},{"usedWorldBlocks":[{"x":0,"y":1},{"x":1,"y":1},{"x":2,"y":1},{"x":3,"y":1},{"x":4,"y":2},{"x":5,"y":2},{"x":6,"y":1},{"x":6,"y":2},{"x":7,"y":2},{"x":7,"y":1},{"x":8,"y":1},{"x":9,"y":1},{"x":9,"y":2},{"x":8,"y":2},{"x":3,"y":2},{"x":2,"y":2},{"x":1,"y":2},{"x":0,"y":2},{"x":0,"y":0},{"x":1,"y":0},{"x":2,"y":0},{"x":3,"y":0},{"x":4,"y":0},{"x":5,"y":0},{"x":6,"y":0},{"x":7,"y":0},{"x":8,"y":0},{"x":9,"y":0},{"x":5,"y":1},{"x":4,"y":1},{"x":10,"y":1},{"x":11,"y":2},{"x":12,"y":2},{"x":12,"y":1},{"x":12,"y":3},{"x":12,"y":4},{"x":11,"y":4},{"x":11,"y":3},{"x":10,"y":2},{"x":13,"y":2},{"x":13,"y":1},{"x":14,"y":1},{"x":15,"y":1},{"x":16,"y":1},{"x":17,"y":1},{"x":17,"y":2},{"x":18,"y":2},{"x":18,"y":1},{"x":19,"y":1},{"x":19,"y":2},{"x":16,"y":2},{"x":15,"y":2},{"x":14,"y":2},{"x":14,"y":3},{"x":15,"y":3},{"x":15,"y":4},{"x":14,"y":4},{"x":13,"y":4},{"x":13,"y":3},{"x":17,"y":3},{"x":18,"y":3},{"x":19,"y":3},{"x":18,"y":4},{"x":17,"y":4},{"x":16,"y":4},{"x":16,"y":3},{"x":20,"y":3},{"x":20,"y":2},{"x":21,"y":3},{"x":22,"y":3},{"x":22,"y":2},{"x":22,"y":4},{"x":21,"y":4},{"x":20,"y":4},{"x":21,"y":2},{"x":21,"y":1},{"x":22,"y":1},{"x":23,"y":2},{"x":24,"y":2},{"x":24,"y":1},{"x":25,"y":1},{"x":25,"y":2},{"x":23,"y":3},{"x":24,"y":3},{"x":25,"y":3},{"x":26,"y":3},{"x":27,"y":3},{"x":28,"y":3},{"x":28,"y":2},{"x":28,"y":4},{"x":27,"y":4},{"x":26,"y":4},{"x":25,"y":4},{"x":23,"y":4},{"x":26,"y":1},{"x":26,"y":2},{"x":27,"y":1},{"x":27,"y":2},{"x":25,"y":0},{"x":26,"y":0},{"x":28,"y":1},{"x":30,"y":2},{"x":31,"y":2},{"x":31,"y":3},{"x":32,"y":3},{"x":33,"y":3},{"x":33,"y":2},{"x":33,"y":4},{"x":32,"y":4},{"x":31,"y":4},{"x":30,"y":4},{"x":30,"y":3},{"x":31,"y":0},{"x":32,"y":0},{"x":32,"y":1},{"x":31,"y":1},{"x":32,"y":2},{"x":34,"y":2},{"x":35,"y":2},{"x":35,"y":1},{"x":34,"y":3},{"x":35,"y":3},{"x":36,"y":3},{"x":35,"y":4},{"x":34,"y":4},{"x":39,"y":2},{"x":40,"y":2},{"x":40,"y":3},{"x":40,"y":4},{"x":39,"y":4},{"x":39,"y":3},{"x":30,"y":1},{"x":36,"y":1},{"x":36,"y":2},{"x":37,"y":2},{"x":38,"y":2},{"x":37,"y":3},{"x":38,"y":3},{"x":38,"y":4},{"x":37,"y":4},{"x":36,"y":4}],"terrainTextureId":"polygon_terrain_1","polygon":[{"x":351,"y":1165},{"x":412,"y":1153},{"x":658,"y":1054},{"x":739,"y":926},{"x":882,"y":830},{"x":1173,"y":895},{"x":1255,"y":1012},{"x":967,"y":1059},{"x":783,"y":1129},{"x":682,"y":1292},{"x":534,"y":1308},{"x":421,"y":1244}]},{"usedWorldBlocks":[{"x":0,"y":1},{"x":1,"y":1},{"x":2,"y":1},{"x":3,"y":1},{"x":4,"y":2},{"x":5,"y":2},{"x":6,"y":1},{"x":6,"y":2},{"x":7,"y":2},{"x":7,"y":1},{"x":8,"y":1},{"x":9,"y":1},{"x":9,"y":2},{"x":8,"y":2},{"x":3,"y":2},{"x":2,"y":2},{"x":1,"y":2},{"x":0,"y":2},{"x":0,"y":0},{"x":1,"y":0},{"x":2,"y":0},{"x":3,"y":0},{"x":4,"y":0},{"x":5,"y":0},{"x":6,"y":0},{"x":7,"y":0},{"x":8,"y":0},{"x":9,"y":0},{"x":5,"y":1},{"x":4,"y":1},{"x":10,"y":1},{"x":11,"y":2},{"x":12,"y":2},{"x":12,"y":1},{"x":12,"y":3},{"x":12,"y":4},{"x":11,"y":4},{"x":11,"y":3},{"x":10,"y":2},{"x":13,"y":2},{"x":13,"y":1},{"x":14,"y":1},{"x":15,"y":1},{"x":16,"y":1},{"x":17,"y":1},{"x":17,"y":2},{"x":18,"y":2},{"x":18,"y":1},{"x":19,"y":1},{"x":19,"y":2},{"x":16,"y":2},{"x":15,"y":2},{"x":14,"y":2},{"x":14,"y":3},{"x":15,"y":3},{"x":15,"y":4},{"x":14,"y":4},{"x":13,"y":4},{"x":13,"y":3},{"x":17,"y":3},{"x":18,"y":3},{"x":19,"y":3},{"x":18,"y":4},{"x":17,"y":4},{"x":16,"y":4},{"x":16,"y":3},{"x":20,"y":3},{"x":20,"y":2},{"x":21,"y":3},{"x":22,"y":3},{"x":22,"y":2},{"x":22,"y":4},{"x":21,"y":4},{"x":20,"y":4},{"x":21,"y":2},{"x":21,"y":1},{"x":22,"y":1},{"x":23,"y":2},{"x":24,"y":2},{"x":24,"y":1},{"x":25,"y":1},{"x":25,"y":2},{"x":23,"y":3},{"x":24,"y":3},{"x":25,"y":3},{"x":26,"y":3},{"x":27,"y":3},{"x":28,"y":3},{"x":28,"y":2},{"x":28,"y":4},{"x":27,"y":4},{"x":26,"y":4},{"x":25,"y":4},{"x":23,"y":4},{"x":26,"y":1},{"x":26,"y":2},{"x":27,"y":1},{"x":27,"y":2},{"x":25,"y":0},{"x":26,"y":0},{"x":28,"y":1},{"x":30,"y":2},{"x":31,"y":2},{"x":31,"y":3},{"x":32,"y":3},{"x":33,"y":3},{"x":33,"y":2},{"x":33,"y":4},{"x":32,"y":4},{"x":31,"y":4},{"x":30,"y":4},{"x":30,"y":3},{"x":31,"y":0},{"x":32,"y":0},{"x":32,"y":1},{"x":31,"y":1},{"x":32,"y":2},{"x":34,"y":2},{"x":35,"y":2},{"x":35,"y":1},{"x":34,"y":3},{"x":35,"y":3},{"x":36,"y":3},{"x":35,"y":4},{"x":34,"y":4},{"x":39,"y":2},{"x":40,"y":2},{"x":40,"y":3},{"x":40,"y":4},{"x":39,"y":4},{"x":39,"y":3},{"x":30,"y":1},{"x":36,"y":1},{"x":36,"y":2},{"x":37,"y":2},{"x":38,"y":2},{"x":37,"y":3},{"x":38,"y":3},{"x":38,"y":4},{"x":37,"y":4},{"x":36,"y":4}],"terrainTextureId":"polygon_terrain_1","polygon":[{"x":1639,"y":1253},{"x":1664,"y":1189},{"x":1836,"y":1163},{"x":2017,"y":1106},{"x":2119,"y":1075},{"x":2277,"y":1048},{"x":2482,"y":923},{"x":2657,"y":900},{"x":2624,"y":1068},{"x":2502,"y":1073},{"x":2358,"y":1184},{"x":2248,"y":1385},{"x":2012,"y":1469},{"x":1870,"y":1414},{"x":1669,"y":1307}]},{"usedWorldBlocks":[{"x":0,"y":1},{"x":1,"y":1},{"x":2,"y":1},{"x":3,"y":1},{"x":4,"y":2},{"x":5,"y":2},{"x":6,"y":1},{"x":6,"y":2},{"x":7,"y":2},{"x":7,"y":1},{"x":8,"y":1},{"x":9,"y":1},{"x":9,"y":2},{"x":8,"y":2},{"x":3,"y":2},{"x":2,"y":2},{"x":1,"y":2},{"x":0,"y":2},{"x":0,"y":0},{"x":1,"y":0},{"x":2,"y":0},{"x":3,"y":0},{"x":4,"y":0},{"x":5,"y":0},{"x":6,"y":0},{"x":7,"y":0},{"x":8,"y":0},{"x":9,"y":0},{"x":5,"y":1},{"x":4,"y":1},{"x":10,"y":1},{"x":11,"y":2},{"x":12,"y":2},{"x":12,"y":1},{"x":12,"y":3},{"x":12,"y":4},{"x":11,"y":4},{"x":11,"y":3},{"x":10,"y":2},{"x":13,"y":2},{"x":13,"y":1},{"x":14,"y":1},{"x":15,"y":1},{"x":16,"y":1},{"x":17,"y":1},{"x":17,"y":2},{"x":18,"y":2},{"x":18,"y":1},{"x":19,"y":1},{"x":19,"y":2},{"x":16,"y":2},{"x":15,"y":2},{"x":14,"y":2},{"x":14,"y":3},{"x":15,"y":3},{"x":15,"y":4},{"x":14,"y":4},{"x":13,"y":4},{"x":13,"y":3},{"x":17,"y":3},{"x":18,"y":3},{"x":19,"y":3},{"x":18,"y":4},{"x":17,"y":4},{"x":16,"y":4},{"x":16,"y":3},{"x":20,"y":3},{"x":20,"y":2},{"x":21,"y":3},{"x":22,"y":3},{"x":22,"y":2},{"x":22,"y":4},{"x":21,"y":4},{"x":20,"y":4},{"x":21,"y":2},{"x":21,"y":1},{"x":22,"y":1},{"x":23,"y":2},{"x":24,"y":2},{"x":24,"y":1},{"x":25,"y":1},{"x":25,"y":2},{"x":23,"y":3},{"x":24,"y":3},{"x":25,"y":3},{"x":26,"y":3},{"x":27,"y":3},{"x":28,"y":3},{"x":28,"y":2},{"x":28,"y":4},{"x":27,"y":4},{"x":26,"y":4},{"x":25,"y":4},{"x":23,"y":4},{"x":26,"y":1},{"x":26,"y":2},{"x":27,"y":1},{"x":27,"y":2},{"x":25,"y":0},{"x":26,"y":0},{"x":28,"y":1},{"x":30,"y":2},{"x":31,"y":2},{"x":31,"y":3},{"x":32,"y":3},{"x":33,"y":3},{"x":33,"y":2},{"x":33,"y":4},{"x":32,"y":4},{"x":31,"y":4},{"x":30,"y":4},{"x":30,"y":3},{"x":31,"y":0},{"x":32,"y":0},{"x":32,"y":1},{"x":31,"y":1},{"x":32,"y":2},{"x":34,"y":2},{"x":35,"y":2},{"x":35,"y":1},{"x":34,"y":3},{"x":35,"y":3},{"x":36,"y":3},{"x":35,"y":4},{"x":34,"y":4},{"x":39,"y":2},{"x":40,"y":2},{"x":40,"y":3},{"x":40,"y":4},{"x":39,"y":4},{"x":39,"y":3},{"x":30,"y":1},{"x":36,"y":1},{"x":36,"y":2},{"x":37,"y":2},{"x":38,"y":2},{"x":37,"y":3},{"x":38,"y":3},{"x":38,"y":4},{"x":37,"y":4},{"x":36,"y":4}],"terrainTextureId":"polygon_terrain_1","polygon":[{"x":1579,"y":1701},{"x":1814,"y":1786},{"x":1961,"y":1792},{"x":2100,"y":1734},{"x":2242,"y":1725},{"x":2367,"y":1642},{"x":2472,"y":1517},{"x":2616,"y":1475},{"x":2827,"y":1454},{"x":2904,"y":1582},{"x":2973,"y":1697},{"x":3110,"y":1735},{"x":3390,"y":1737},{"x":3534,"y":1695},{"x":3696,"y":1707},{"x":3823,"y":1613},{"x":3973,"y":1589},{"x":4135,"y":1524},{"x":4300,"y":1355},{"x":4442,"y":1417},{"x":4417,"y":1580},{"x":4471,"y":1742},{"x":4420,"y":1883},{"x":4357,"y":2055},{"x":4231,"y":1892},{"x":4014,"y":1806},{"x":3804,"y":1830},{"x":3590,"y":2028},{"x":3440,"y":2027},{"x":3142,"y":2025},{"x":2955,"y":2038},{"x":2879,"y":1887},{"x":2750,"y":1819},{"x":2629,"y":1690},{"x":2484,"y":1847},{"x":2231,"y":1813},{"x":2053,"y":1887},{"x":1954,"y":2068},{"x":1804,"y":2068},{"x":1709,"y":1951},{"x":1576,"y":1802}]},{"usedWorldBlocks":[{"x":0,"y":1},{"x":1,"y":1},{"x":2,"y":1},{"x":3,"y":1},{"x":4,"y":2},{"x":5,"y":2},{"x":6,"y":1},{"x":6,"y":2},{"x":7,"y":2},{"x":7,"y":1},{"x":8,"y":1},{"x":9,"y":1},{"x":9,"y":2},{"x":8,"y":2},{"x":3,"y":2},{"x":2,"y":2},{"x":1,"y":2},{"x":0,"y":2},{"x":0,"y":0},{"x":1,"y":0},{"x":2,"y":0},{"x":3,"y":0},{"x":4,"y":0},{"x":5,"y":0},{"x":6,"y":0},{"x":7,"y":0},{"x":8,"y":0},{"x":9,"y":0},{"x":5,"y":1},{"x":4,"y":1},{"x":10,"y":1},{"x":11,"y":2},{"x":12,"y":2},{"x":12,"y":1},{"x":12,"y":3},{"x":12,"y":4},{"x":11,"y":4},{"x":11,"y":3},{"x":10,"y":2},{"x":13,"y":2},{"x":13,"y":1},{"x":14,"y":1},{"x":15,"y":1},{"x":16,"y":1},{"x":17,"y":1},{"x":17,"y":2},{"x":18,"y":2},{"x":18,"y":1},{"x":19,"y":1},{"x":19,"y":2},{"x":16,"y":2},{"x":15,"y":2},{"x":14,"y":2},{"x":14,"y":3},{"x":15,"y":3},{"x":15,"y":4},{"x":14,"y":4},{"x":13,"y":4},{"x":13,"y":3},{"x":17,"y":3},{"x":18,"y":3},{"x":19,"y":3},{"x":18,"y":4},{"x":17,"y":4},{"x":16,"y":4},{"x":16,"y":3},{"x":20,"y":3},{"x":20,"y":2},{"x":21,"y":3},{"x":22,"y":3},{"x":22,"y":2},{"x":22,"y":4},{"x":21,"y":4},{"x":20,"y":4},{"x":21,"y":2},{"x":21,"y":1},{"x":22,"y":1},{"x":23,"y":2},{"x":24,"y":2},{"x":24,"y":1},{"x":25,"y":1},{"x":25,"y":2},{"x":23,"y":3},{"x":24,"y":3},{"x":25,"y":3},{"x":26,"y":3},{"x":27,"y":3},{"x":28,"y":3},{"x":28,"y":2},{"x":28,"y":4},{"x":27,"y":4},{"x":26,"y":4},{"x":25,"y":4},{"x":23,"y":4},{"x":26,"y":1},{"x":26,"y":2},{"x":27,"y":1},{"x":27,"y":2},{"x":25,"y":0},{"x":26,"y":0},{"x":28,"y":1},{"x":30,"y":2},{"x":31,"y":2},{"x":31,"y":3},{"x":32,"y":3},{"x":33,"y":3},{"x":33,"y":2},{"x":33,"y":4},{"x":32,"y":4},{"x":31,"y":4},{"x":30,"y":4},{"x":30,"y":3},{"x":31,"y":0},{"x":32,"y":0},{"x":32,"y":1},{"x":31,"y":1},{"x":32,"y":2},{"x":34,"y":2},{"x":35,"y":2},{"x":35,"y":1},{"x":34,"y":3},{"x":35,"y":3},{"x":36,"y":3},{"x":35,"y":4},{"x":34,"y":4},{"x":39,"y":2},{"x":40,"y":2},{"x":40,"y":3},{"x":40,"y":4},{"x":39,"y":4},{"x":39,"y":3},{"x":30,"y":1},{"x":36,"y":1},{"x":36,"y":2},{"x":37,"y":2},{"x":38,"y":2},{"x":37,"y":3},{"x":38,"y":3},{"x":38,"y":4},{"x":37,"y":4},{"x":36,"y":4}],"terrainTextureId":"polygon_terrain_1","polygon":[{"x":2861,"y":949},{"x":3065,"y":960},{"x":3177,"y":1054},{"x":3317,"y":1089},{"x":3462,"y":1057},{"x":3708,"y":982},{"x":3725,"y":1244},{"x":3552,"y":1297},{"x":3401,"y":1348},{"x":3266,"y":1176},{"x":3062,"y":1084},{"x":2917,"y":1046}]},{"usedWorldBlocks":[{"x":0,"y":1},{"x":1,"y":1},{"x":2,"y":1},{"x":3,"y":1},{"x":4,"y":2},{"x":5,"y":2},{"x":6,"y":1},{"x":6,"y":2},{"x":7,"y":2},{"x":7,"y":1},{"x":8,"y":1},{"x":9,"y":1},{"x":9,"y":2},{"x":8,"y":2},{"x":3,"y":2},{"x":2,"y":2},{"x":1,"y":2},{"x":0,"y":2},{"x":0,"y":0},{"x":1,"y":0},{"x":2,"y":0},{"x":3,"y":0},{"x":4,"y":0},{"x":5,"y":0},{"x":6,"y":0},{"x":7,"y":0},{"x":8,"y":0},{"x":9,"y":0},{"x":5,"y":1},{"x":4,"y":1},{"x":10,"y":1},{"x":11,"y":2},{"x":12,"y":2},{"x":12,"y":1},{"x":12,"y":3},{"x":12,"y":4},{"x":11,"y":4},{"x":11,"y":3},{"x":10,"y":2},{"x":13,"y":2},{"x":13,"y":1},{"x":14,"y":1},{"x":15,"y":1},{"x":16,"y":1},{"x":17,"y":1},{"x":17,"y":2},{"x":18,"y":2},{"x":18,"y":1},{"x":19,"y":1},{"x":19,"y":2},{"x":16,"y":2},{"x":15,"y":2},{"x":14,"y":2},{"x":14,"y":3},{"x":15,"y":3},{"x":15,"y":4},{"x":14,"y":4},{"x":13,"y":4},{"x":13,"y":3},{"x":17,"y":3},{"x":18,"y":3},{"x":19,"y":3},{"x":18,"y":4},{"x":17,"y":4},{"x":16,"y":4},{"x":16,"y":3},{"x":20,"y":3},{"x":20,"y":2},{"x":21,"y":3},{"x":22,"y":3},{"x":22,"y":2},{"x":22,"y":4},{"x":21,"y":4},{"x":20,"y":4},{"x":21,"y":2},{"x":21,"y":1},{"x":22,"y":1},{"x":23,"y":2},{"x":24,"y":2},{"x":24,"y":1},{"x":25,"y":1},{"x":25,"y":2},{"x":23,"y":3},{"x":24,"y":3},{"x":25,"y":3},{"x":26,"y":3},{"x":27,"y":3},{"x":28,"y":3},{"x":28,"y":2},{"x":28,"y":4},{"x":27,"y":4},{"x":26,"y":4},{"x":25,"y":4},{"x":23,"y":4},{"x":26,"y":1},{"x":26,"y":2},{"x":27,"y":1},{"x":27,"y":2},{"x":25,"y":0},{"x":26,"y":0},{"x":28,"y":1},{"x":30,"y":2},{"x":31,"y":2},{"x":31,"y":3},{"x":32,"y":3},{"x":33,"y":3},{"x":33,"y":2},{"x":33,"y":4},{"x":32,"y":4},{"x":31,"y":4},{"x":30,"y":4},{"x":30,"y":3},{"x":31,"y":0},{"x":32,"y":0},{"x":32,"y":1},{"x":31,"y":1},{"x":32,"y":2},{"x":34,"y":2},{"x":35,"y":2},{"x":35,"y":1},{"x":34,"y":3},{"x":35,"y":3},{"x":36,"y":3},{"x":35,"y":4},{"x":34,"y":4},{"x":39,"y":2},{"x":40,"y":2},{"x":40,"y":3},{"x":40,"y":4},{"x":39,"y":4},{"x":39,"y":3},{"x":30,"y":1},{"x":36,"y":1},{"x":36,"y":2},{"x":37,"y":2},{"x":38,"y":2},{"x":37,"y":3},{"x":38,"y":3},{"x":38,"y":4},{"x":37,"y":4},{"x":36,"y":4}],"terrainTextureId":"polygon_terrain_1","polygon":[{"x":2824,"y":497},{"x":2950,"y":383},{"x":3146,"y":468},{"x":3264,"y":394},{"x":3488,"y":392},{"x":3684,"y":551},{"x":3598,"y":692},{"x":3322,"y":768},{"x":3141,"y":738},{"x":2889,"y":630}]},{"usedWorldBlocks":[{"x":0,"y":1},{"x":1,"y":1},{"x":2,"y":1},{"x":3,"y":1},{"x":4,"y":2},{"x":5,"y":2},{"x":6,"y":1},{"x":6,"y":2},{"x":7,"y":2},{"x":7,"y":1},{"x":8,"y":1},{"x":9,"y":1},{"x":9,"y":2},{"x":8,"y":2},{"x":3,"y":2},{"x":2,"y":2},{"x":1,"y":2},{"x":0,"y":2},{"x":0,"y":0},{"x":1,"y":0},{"x":2,"y":0},{"x":3,"y":0},{"x":4,"y":0},{"x":5,"y":0},{"x":6,"y":0},{"x":7,"y":0},{"x":8,"y":0},{"x":9,"y":0},{"x":5,"y":1},{"x":4,"y":1},{"x":10,"y":1},{"x":11,"y":2},{"x":12,"y":2},{"x":12,"y":1},{"x":12,"y":3},{"x":12,"y":4},{"x":11,"y":4},{"x":11,"y":3},{"x":10,"y":2},{"x":13,"y":2},{"x":13,"y":1},{"x":14,"y":1},{"x":15,"y":1},{"x":16,"y":1},{"x":17,"y":1},{"x":17,"y":2},{"x":18,"y":2},{"x":18,"y":1},{"x":19,"y":1},{"x":19,"y":2},{"x":16,"y":2},{"x":15,"y":2},{"x":14,"y":2},{"x":14,"y":3},{"x":15,"y":3},{"x":15,"y":4},{"x":14,"y":4},{"x":13,"y":4},{"x":13,"y":3},{"x":17,"y":3},{"x":18,"y":3},{"x":19,"y":3},{"x":18,"y":4},{"x":17,"y":4},{"x":16,"y":4},{"x":16,"y":3},{"x":20,"y":3},{"x":20,"y":2},{"x":21,"y":3},{"x":22,"y":3},{"x":22,"y":2},{"x":22,"y":4},{"x":21,"y":4},{"x":20,"y":4},{"x":21,"y":2},{"x":21,"y":1},{"x":22,"y":1},{"x":23,"y":2},{"x":24,"y":2},{"x":24,"y":1},{"x":25,"y":1},{"x":25,"y":2},{"x":23,"y":3},{"x":24,"y":3},{"x":25,"y":3},{"x":26,"y":3},{"x":27,"y":3},{"x":28,"y":3},{"x":28,"y":2},{"x":28,"y":4},{"x":27,"y":4},{"x":26,"y":4},{"x":25,"y":4},{"x":23,"y":4},{"x":26,"y":1},{"x":26,"y":2},{"x":27,"y":1},{"x":27,"y":2},{"x":25,"y":0},{"x":26,"y":0},{"x":28,"y":1},{"x":30,"y":2},{"x":31,"y":2},{"x":31,"y":3},{"x":32,"y":3},{"x":33,"y":3},{"x":33,"y":2},{"x":33,"y":4},{"x":32,"y":4},{"x":31,"y":4},{"x":30,"y":4},{"x":30,"y":3},{"x":31,"y":0},{"x":32,"y":0},{"x":32,"y":1},{"x":31,"y":1},{"x":32,"y":2},{"x":34,"y":2},{"x":35,"y":2},{"x":35,"y":1},{"x":34,"y":3},{"x":35,"y":3},{"x":36,"y":3},{"x":35,"y":4},{"x":34,"y":4},{"x":39,"y":2},{"x":40,"y":2},{"x":40,"y":3},{"x":40,"y":4},{"x":39,"y":4},{"x":39,"y":3},{"x":30,"y":1},{"x":36,"y":1},{"x":36,"y":2},{"x":37,"y":2},{"x":38,"y":2},{"x":37,"y":3},{"x":38,"y":3},{"x":38,"y":4},{"x":37,"y":4},{"x":36,"y":4}],"terrainTextureId":"polygon_terrain_1","polygon":[{"x":4077,"y":898},{"x":4121,"y":863},{"x":4381,"y":806},{"x":4384,"y":878},{"x":4295,"y":1004},{"x":4148,"y":972}]}]],[[{"usedWorldBlocks":[{"x":0,"y":1},{"x":1,"y":1},{"x":2,"y":1},{"x":3,"y":1},{"x":4,"y":2},{"x":5,"y":2},{"x":6,"y":1},{"x":6,"y":2},{"x":7,"y":2},{"x":7,"y":1},{"x":8,"y":1},{"x":9,"y":1},{"x":9,"y":2},{"x":8,"y":2},{"x":3,"y":2},{"x":2,"y":2},{"x":1,"y":2},{"x":0,"y":2},{"x":0,"y":0},{"x":1,"y":0},{"x":2,"y":0},{"x":3,"y":0},{"x":4,"y":0},{"x":5,"y":0},{"x":6,"y":0},{"x":7,"y":0},{"x":8,"y":0},{"x":9,"y":0},{"x":5,"y":1},{"x":4,"y":1},{"x":10,"y":1},{"x":11,"y":2},{"x":12,"y":2},{"x":12,"y":1},{"x":12,"y":3},{"x":12,"y":4},{"x":11,"y":4},{"x":11,"y":3},{"x":10,"y":2},{"x":13,"y":2},{"x":13,"y":1},{"x":14,"y":1},{"x":15,"y":1},{"x":16,"y":1},{"x":17,"y":1},{"x":17,"y":2},{"x":18,"y":2},{"x":18,"y":1},{"x":19,"y":1},{"x":19,"y":2},{"x":16,"y":2},{"x":15,"y":2},{"x":14,"y":2},{"x":14,"y":3},{"x":15,"y":3},{"x":15,"y":4},{"x":14,"y":4},{"x":13,"y":4},{"x":13,"y":3},{"x":17,"y":3},{"x":18,"y":3},{"x":19,"y":3},{"x":18,"y":4},{"x":17,"y":4},{"x":16,"y":4},{"x":16,"y":3},{"x":20,"y":3},{"x":20,"y":2},{"x":21,"y":3},{"x":22,"y":3},{"x":22,"y":2},{"x":22,"y":4},{"x":21,"y":4},{"x":20,"y":4},{"x":21,"y":2},{"x":21,"y":1},{"x":22,"y":1},{"x":23,"y":2},{"x":24,"y":2},{"x":24,"y":1},{"x":25,"y":1},{"x":25,"y":2},{"x":23,"y":3},{"x":24,"y":3},{"x":25,"y":3},{"x":26,"y":3},{"x":27,"y":3},{"x":28,"y":3},{"x":28,"y":2},{"x":28,"y":4},{"x":27,"y":4},{"x":26,"y":4},{"x":25,"y":4},{"x":23,"y":4},{"x":26,"y":1},{"x":26,"y":2},{"x":27,"y":1},{"x":27,"y":2},{"x":25,"y":0},{"x":26,"y":0},{"x":28,"y":1},{"x":30,"y":2},{"x":31,"y":2},{"x":31,"y":3},{"x":32,"y":3},{"x":33,"y":3},{"x":33,"y":2},{"x":33,"y":4},{"x":32,"y":4},{"x":31,"y":4},{"x":30,"y":4},{"x":30,"y":3},{"x":31,"y":0},{"x":32,"y":0},{"x":32,"y":1},{"x":31,"y":1},{"x":32,"y":2},{"x":34,"y":2},{"x":35,"y":2},{"x":35,"y":1},{"x":34,"y":3},{"x":35,"y":3},{"x":36,"y":3},{"x":35,"y":4},{"x":34,"y":4},{"x":39,"y":2},{"x":40,"y":2},{"x":40,"y":3},{"x":40,"y":4},{"x":39,"y":4},{"x":39,"y":3},{"x":30,"y":1},{"x":36,"y":1},{"x":36,"y":2},{"x":37,"y":2},{"x":38,"y":2},{"x":37,"y":3},{"x":38,"y":3},{"x":38,"y":4},{"x":37,"y":4},{"x":36,"y":4}],"terrainTextureId":"polygon_terrain_1","polygon":[{"x":83,"y":1267},{"x":141,"y":1221},{"x":386,"y":1177},{"x":542,"y":1186},{"x":640,"y":1315},{"x":702,"y":1484},{"x":866,"y":1637},{"x":1013,"y":1706},{"x":1208,"y":1739},{"x":1398,"y":1719},{"x":1519,"y":1649},{"x":1670,"y":1492},{"x":1737,"y":1382},{"x":1821,"y":1392},{"x":1815,"y":1481},{"x":1716,"y":1621},{"x":1617,"y":1666},{"x":1504,"y":1796},{"x":1604,"y":1926},{"x":1625,"y":2093},{"x":1371,"y":2032},{"x":1130,"y":2072},{"x":871,"y":2063},{"x":718,"y":2046},{"x":439,"y":2041},{"x":517,"y":1874},{"x":489,"y":1617},{"x":385,"y":1503},{"x":228,"y":1467},{"x":83,"y":1417}]},{"usedWorldBlocks":[{"x":0,"y":1},{"x":1,"y":1},{"x":2,"y":1},{"x":3,"y":1},{"x":4,"y":2},{"x":5,"y":2},{"x":6,"y":1},{"x":6,"y":2},{"x":7,"y":2},{"x":7,"y":1},{"x":8,"y":1},{"x":9,"y":1},{"x":9,"y":2},{"x":8,"y":2},{"x":3,"y":2},{"x":2,"y":2},{"x":1,"y":2},{"x":0,"y":2},{"x":0,"y":0},{"x":1,"y":0},{"x":2,"y":0},{"x":3,"y":0},{"x":4,"y":0},{"x":5,"y":0},{"x":6,"y":0},{"x":7,"y":0},{"x":8,"y":0},{"x":9,"y":0},{"x":5,"y":1},{"x":4,"y":1},{"x":10,"y":1},{"x":11,"y":2},{"x":12,"y":2},{"x":12,"y":1},{"x":12,"y":3},{"x":12,"y":4},{"x":11,"y":4},{"x":11,"y":3},{"x":10,"y":2},{"x":13,"y":2},{"x":13,"y":1},{"x":14,"y":1},{"x":15,"y":1},{"x":16,"y":1},{"x":17,"y":1},{"x":17,"y":2},{"x":18,"y":2},{"x":18,"y":1},{"x":19,"y":1},{"x":19,"y":2},{"x":16,"y":2},{"x":15,"y":2},{"x":14,"y":2},{"x":14,"y":3},{"x":15,"y":3},{"x":15,"y":4},{"x":14,"y":4},{"x":13,"y":4},{"x":13,"y":3},{"x":17,"y":3},{"x":18,"y":3},{"x":19,"y":3},{"x":18,"y":4},{"x":17,"y":4},{"x":16,"y":4},{"x":16,"y":3},{"x":20,"y":3},{"x":20,"y":2},{"x":21,"y":3},{"x":22,"y":3},{"x":22,"y":2},{"x":22,"y":4},{"x":21,"y":4},{"x":20,"y":4},{"x":21,"y":2},{"x":21,"y":1},{"x":22,"y":1},{"x":23,"y":2},{"x":24,"y":2},{"x":24,"y":1},{"x":25,"y":1},{"x":25,"y":2},{"x":23,"y":3},{"x":24,"y":3},{"x":25,"y":3},{"x":26,"y":3},{"x":27,"y":3},{"x":28,"y":3},{"x":28,"y":2},{"x":28,"y":4},{"x":27,"y":4},{"x":26,"y":4},{"x":25,"y":4},{"x":23,"y":4},{"x":26,"y":1},{"x":26,"y":2},{"x":27,"y":1},{"x":27,"y":2},{"x":25,"y":0},{"x":26,"y":0},{"x":28,"y":1},{"x":30,"y":2},{"x":31,"y":2},{"x":31,"y":3},{"x":32,"y":3},{"x":33,"y":3},{"x":33,"y":2},{"x":33,"y":4},{"x":32,"y":4},{"x":31,"y":4},{"x":30,"y":4},{"x":30,"y":3},{"x":31,"y":0},{"x":32,"y":0},{"x":32,"y":1},{"x":31,"y":1},{"x":32,"y":2},{"x":34,"y":2},{"x":35,"y":2},{"x":35,"y":1},{"x":34,"y":3},{"x":35,"y":3},{"x":36,"y":3},{"x":35,"y":4},{"x":34,"y":4},{"x":39,"y":2},{"x":40,"y":2},{"x":40,"y":3},{"x":40,"y":4},{"x":39,"y":4},{"x":39,"y":3},{"x":30,"y":1},{"x":36,"y":1},{"x":36,"y":2},{"x":37,"y":2},{"x":38,"y":2},{"x":37,"y":3},{"x":38,"y":3},{"x":38,"y":4},{"x":37,"y":4},{"x":36,"y":4}],"terrainTextureId":"polygon_terrain_1","polygon":[{"x":543,"y":418},{"x":600,"y":203},{"x":710,"y":105},{"x":920,"y":87},{"x":1054,"y":31},{"x":1243,"y":40},{"x":1304,"y":239},{"x":1064,"y":394},{"x":1059,"y":531},{"x":1223,"y":631},{"x":1354,"y":754},{"x":1219,"y":821},{"x":1071,"y":882},{"x":991,"y":991},{"x":973,"y":1094},{"x":1006,"y":1231},{"x":1100,"y":1335},{"x":1224,"y":1390},{"x":1340,"y":1367},{"x":1330,"y":1439},{"x":1167,"y":1481},{"x":1046,"y":1412},{"x":948,"y":1295},{"x":896,"y":1114},{"x":827,"y":954},{"x":802,"y":799},{"x":718,"y":675},{"x":652,"y":511}]},{"usedWorldBlocks":[{"x":0,"y":1},{"x":1,"y":1},{"x":2,"y":1},{"x":3,"y":1},{"x":4,"y":2},{"x":5,"y":2},{"x":6,"y":1},{"x":6,"y":2},{"x":7,"y":2},{"x":7,"y":1},{"x":8,"y":1},{"x":9,"y":1},{"x":9,"y":2},{"x":8,"y":2},{"x":3,"y":2},{"x":2,"y":2},{"x":1,"y":2},{"x":0,"y":2},{"x":0,"y":0},{"x":1,"y":0},{"x":2,"y":0},{"x":3,"y":0},{"x":4,"y":0},{"x":5,"y":0},{"x":6,"y":0},{"x":7,"y":0},{"x":8,"y":0},{"x":9,"y":0},{"x":5,"y":1},{"x":4,"y":1},{"x":10,"y":1},{"x":11,"y":2},{"x":12,"y":2},{"x":12,"y":1},{"x":12,"y":3},{"x":12,"y":4},{"x":11,"y":4},{"x":11,"y":3},{"x":10,"y":2},{"x":13,"y":2},{"x":13,"y":1},{"x":14,"y":1},{"x":15,"y":1},{"x":16,"y":1},{"x":17,"y":1},{"x":17,"y":2},{"x":18,"y":2},{"x":18,"y":1},{"x":19,"y":1},{"x":19,"y":2},{"x":16,"y":2},{"x":15,"y":2},{"x":14,"y":2},{"x":14,"y":3},{"x":15,"y":3},{"x":15,"y":4},{"x":14,"y":4},{"x":13,"y":4},{"x":13,"y":3},{"x":17,"y":3},{"x":18,"y":3},{"x":19,"y":3},{"x":18,"y":4},{"x":17,"y":4},{"x":16,"y":4},{"x":16,"y":3},{"x":20,"y":3},{"x":20,"y":2},{"x":21,"y":3},{"x":22,"y":3},{"x":22,"y":2},{"x":22,"y":4},{"x":21,"y":4},{"x":20,"y":4},{"x":21,"y":2},{"x":21,"y":1},{"x":22,"y":1},{"x":23,"y":2},{"x":24,"y":2},{"x":24,"y":1},{"x":25,"y":1},{"x":25,"y":2},{"x":23,"y":3},{"x":24,"y":3},{"x":25,"y":3},{"x":26,"y":3},{"x":27,"y":3},{"x":28,"y":3},{"x":28,"y":2},{"x":28,"y":4},{"x":27,"y":4},{"x":26,"y":4},{"x":25,"y":4},{"x":23,"y":4},{"x":26,"y":1},{"x":26,"y":2},{"x":27,"y":1},{"x":27,"y":2},{"x":25,"y":0},{"x":26,"y":0},{"x":28,"y":1},{"x":30,"y":2},{"x":31,"y":2},{"x":31,"y":3},{"x":32,"y":3},{"x":33,"y":3},{"x":33,"y":2},{"x":33,"y":4},{"x":32,"y":4},{"x":31,"y":4},{"x":30,"y":4},{"x":30,"y":3},{"x":31,"y":0},{"x":32,"y":0},{"x":32,"y":1},{"x":31,"y":1},{"x":32,"y":2},{"x":34,"y":2},{"x":35,"y":2},{"x":35,"y":1},{"x":34,"y":3},{"x":35,"y":3},{"x":36,"y":3},{"x":35,"y":4},{"x":34,"y":4},{"x":39,"y":2},{"x":40,"y":2},{"x":40,"y":3},{"x":40,"y":4},{"x":39,"y":4},{"x":39,"y":3},{"x":30,"y":1},{"x":36,"y":1},{"x":36,"y":2},{"x":37,"y":2},{"x":38,"y":2},{"x":37,"y":3},{"x":38,"y":3},{"x":38,"y":4},{"x":37,"y":4},{"x":36,"y":4}],"terrainTextureId":"polygon_terrain_1","polygon":[{"x":2199,"y":1225},{"x":2372,"y":1118},{"x":2542,"y":1066},{"x":2642,"y":934},{"x":2783,"y":921},{"x":2911,"y":853},{"x":2975,"y":909},{"x":2788,"y":1140},{"x":2727,"y":1277},{"x":2519,"y":1245},{"x":2385,"y":1312},{"x":2216,"y":1398},{"x":2049,"y":1390},{"x":1996,"y":1300}]},{"usedWorldBlocks":[{"x":0,"y":1},{"x":1,"y":1},{"x":2,"y":1},{"x":3,"y":1},{"x":4,"y":2},{"x":5,"y":2},{"x":6,"y":1},{"x":6,"y":2},{"x":7,"y":2},{"x":7,"y":1},{"x":8,"y":1},{"x":9,"y":1},{"x":9,"y":2},{"x":8,"y":2},{"x":3,"y":2},{"x":2,"y":2},{"x":1,"y":2},{"x":0,"y":2},{"x":0,"y":0},{"x":1,"y":0},{"x":2,"y":0},{"x":3,"y":0},{"x":4,"y":0},{"x":5,"y":0},{"x":6,"y":0},{"x":7,"y":0},{"x":8,"y":0},{"x":9,"y":0},{"x":5,"y":1},{"x":4,"y":1},{"x":10,"y":1},{"x":11,"y":2},{"x":12,"y":2},{"x":12,"y":1},{"x":12,"y":3},{"x":12,"y":4},{"x":11,"y":4},{"x":11,"y":3},{"x":10,"y":2},{"x":13,"y":2},{"x":13,"y":1},{"x":14,"y":1},{"x":15,"y":1},{"x":16,"y":1},{"x":17,"y":1},{"x":17,"y":2},{"x":18,"y":2},{"x":18,"y":1},{"x":19,"y":1},{"x":19,"y":2},{"x":16,"y":2},{"x":15,"y":2},{"x":14,"y":2},{"x":14,"y":3},{"x":15,"y":3},{"x":15,"y":4},{"x":14,"y":4},{"x":13,"y":4},{"x":13,"y":3},{"x":17,"y":3},{"x":18,"y":3},{"x":19,"y":3},{"x":18,"y":4},{"x":17,"y":4},{"x":16,"y":4},{"x":16,"y":3},{"x":20,"y":3},{"x":20,"y":2},{"x":21,"y":3},{"x":22,"y":3},{"x":22,"y":2},{"x":22,"y":4},{"x":21,"y":4},{"x":20,"y":4},{"x":21,"y":2},{"x":21,"y":1},{"x":22,"y":1},{"x":23,"y":2},{"x":24,"y":2},{"x":24,"y":1},{"x":25,"y":1},{"x":25,"y":2},{"x":23,"y":3},{"x":24,"y":3},{"x":25,"y":3},{"x":26,"y":3},{"x":27,"y":3},{"x":28,"y":3},{"x":28,"y":2},{"x":28,"y":4},{"x":27,"y":4},{"x":26,"y":4},{"x":25,"y":4},{"x":23,"y":4},{"x":26,"y":1},{"x":26,"y":2},{"x":27,"y":1},{"x":27,"y":2},{"x":25,"y":0},{"x":26,"y":0},{"x":28,"y":1},{"x":30,"y":2},{"x":31,"y":2},{"x":31,"y":3},{"x":32,"y":3},{"x":33,"y":3},{"x":33,"y":2},{"x":33,"y":4},{"x":32,"y":4},{"x":31,"y":4},{"x":30,"y":4},{"x":30,"y":3},{"x":31,"y":0},{"x":32,"y":0},{"x":32,"y":1},{"x":31,"y":1},{"x":32,"y":2},{"x":34,"y":2},{"x":35,"y":2},{"x":35,"y":1},{"x":34,"y":3},{"x":35,"y":3},{"x":36,"y":3},{"x":35,"y":4},{"x":34,"y":4},{"x":39,"y":2},{"x":40,"y":2},{"x":40,"y":3},{"x":40,"y":4},{"x":39,"y":4},{"x":39,"y":3},{"x":30,"y":1},{"x":36,"y":1},{"x":36,"y":2},{"x":37,"y":2},{"x":38,"y":2},{"x":37,"y":3},{"x":38,"y":3},{"x":38,"y":4},{"x":37,"y":4},{"x":36,"y":4}],"terrainTextureId":"polygon_terrain_1","polygon":[{"x":1936,"y":1625},{"x":2080,"y":1662},{"x":2235,"y":1644},{"x":2399,"y":1655},{"x":2543,"y":1696},{"x":2687,"y":1737},{"x":2831,"y":1695},{"x":2972,"y":1587},{"x":3131,"y":1609},{"x":3041,"y":1837},{"x":2894,"y":1869},{"x":2763,"y":2039},{"x":2613,"y":2033},{"x":2430,"y":2026},{"x":2331,"y":1894},{"x":2074,"y":1842},{"x":1935,"y":1722}]},{"usedWorldBlocks":[{"x":0,"y":1},{"x":1,"y":1},{"x":2,"y":1},{"x":3,"y":1},{"x":4,"y":2},{"x":5,"y":2},{"x":6,"y":1},{"x":6,"y":2},{"x":7,"y":2},{"x":7,"y":1},{"x":8,"y":1},{"x":9,"y":1},{"x":9,"y":2},{"x":8,"y":2},{"x":3,"y":2},{"x":2,"y":2},{"x":1,"y":2},{"x":0,"y":2},{"x":0,"y":0},{"x":1,"y":0},{"x":2,"y":0},{"x":3,"y":0},{"x":4,"y":0},{"x":5,"y":0},{"x":6,"y":0},{"x":7,"y":0},{"x":8,"y":0},{"x":9,"y":0},{"x":5,"y":1},{"x":4,"y":1},{"x":10,"y":1},{"x":11,"y":2},{"x":12,"y":2},{"x":12,"y":1},{"x":12,"y":3},{"x":12,"y":4},{"x":11,"y":4},{"x":11,"y":3},{"x":10,"y":2},{"x":13,"y":2},{"x":13,"y":1},{"x":14,"y":1},{"x":15,"y":1},{"x":16,"y":1},{"x":17,"y":1},{"x":17,"y":2},{"x":18,"y":2},{"x":18,"y":1},{"x":19,"y":1},{"x":19,"y":2},{"x":16,"y":2},{"x":15,"y":2},{"x":14,"y":2},{"x":14,"y":3},{"x":15,"y":3},{"x":15,"y":4},{"x":14,"y":4},{"x":13,"y":4},{"x":13,"y":3},{"x":17,"y":3},{"x":18,"y":3},{"x":19,"y":3},{"x":18,"y":4},{"x":17,"y":4},{"x":16,"y":4},{"x":16,"y":3},{"x":20,"y":3},{"x":20,"y":2},{"x":21,"y":3},{"x":22,"y":3},{"x":22,"y":2},{"x":22,"y":4},{"x":21,"y":4},{"x":20,"y":4},{"x":21,"y":2},{"x":21,"y":1},{"x":22,"y":1},{"x":23,"y":2},{"x":24,"y":2},{"x":24,"y":1},{"x":25,"y":1},{"x":25,"y":2},{"x":23,"y":3},{"x":24,"y":3},{"x":25,"y":3},{"x":26,"y":3},{"x":27,"y":3},{"x":28,"y":3},{"x":28,"y":2},{"x":28,"y":4},{"x":27,"y":4},{"x":26,"y":4},{"x":25,"y":4},{"x":23,"y":4},{"x":26,"y":1},{"x":26,"y":2},{"x":27,"y":1},{"x":27,"y":2},{"x":25,"y":0},{"x":26,"y":0},{"x":28,"y":1},{"x":30,"y":2},{"x":31,"y":2},{"x":31,"y":3},{"x":32,"y":3},{"x":33,"y":3},{"x":33,"y":2},{"x":33,"y":4},{"x":32,"y":4},{"x":31,"y":4},{"x":30,"y":4},{"x":30,"y":3},{"x":31,"y":0},{"x":32,"y":0},{"x":32,"y":1},{"x":31,"y":1},{"x":32,"y":2},{"x":34,"y":2},{"x":35,"y":2},{"x":35,"y":1},{"x":34,"y":3},{"x":35,"y":3},{"x":36,"y":3},{"x":35,"y":4},{"x":34,"y":4},{"x":39,"y":2},{"x":40,"y":2},{"x":40,"y":3},{"x":40,"y":4},{"x":39,"y":4},{"x":39,"y":3},{"x":30,"y":1},{"x":36,"y":1},{"x":36,"y":2},{"x":37,"y":2},{"x":38,"y":2},{"x":37,"y":3},{"x":38,"y":3},{"x":38,"y":4},{"x":37,"y":4},{"x":36,"y":4}],"terrainTextureId":"polygon_terrain_1","polygon":[{"x":4513,"y":1431},{"x":4560,"y":1395},{"x":4706,"y":1361},{"x":4865,"y":1347},{"x":5076,"y":1366},{"x":5066,"y":1527},{"x":5045,"y":1640},{"x":5030,"y":1789},{"x":5064,"y":2057},{"x":4917,"y":2044},{"x":4767,"y":2048},{"x":4566,"y":2053},{"x":4663,"y":1779},{"x":4513,"y":1581}]},{"usedWorldBlocks":[{"x":0,"y":1},{"x":1,"y":1},{"x":2,"y":1},{"x":3,"y":1},{"x":4,"y":2},{"x":5,"y":2},{"x":6,"y":1},{"x":6,"y":2},{"x":7,"y":2},{"x":7,"y":1},{"x":8,"y":1},{"x":9,"y":1},{"x":9,"y":2},{"x":8,"y":2},{"x":3,"y":2},{"x":2,"y":2},{"x":1,"y":2},{"x":0,"y":2},{"x":0,"y":0},{"x":1,"y":0},{"x":2,"y":0},{"x":3,"y":0},{"x":4,"y":0},{"x":5,"y":0},{"x":6,"y":0},{"x":7,"y":0},{"x":8,"y":0},{"x":9,"y":0},{"x":5,"y":1},{"x":4,"y":1},{"x":10,"y":1},{"x":11,"y":2},{"x":12,"y":2},{"x":12,"y":1},{"x":12,"y":3},{"x":12,"y":4},{"x":11,"y":4},{"x":11,"y":3},{"x":10,"y":2},{"x":13,"y":2},{"x":13,"y":1},{"x":14,"y":1},{"x":15,"y":1},{"x":16,"y":1},{"x":17,"y":1},{"x":17,"y":2},{"x":18,"y":2},{"x":18,"y":1},{"x":19,"y":1},{"x":19,"y":2},{"x":16,"y":2},{"x":15,"y":2},{"x":14,"y":2},{"x":14,"y":3},{"x":15,"y":3},{"x":15,"y":4},{"x":14,"y":4},{"x":13,"y":4},{"x":13,"y":3},{"x":17,"y":3},{"x":18,"y":3},{"x":19,"y":3},{"x":18,"y":4},{"x":17,"y":4},{"x":16,"y":4},{"x":16,"y":3},{"x":20,"y":3},{"x":20,"y":2},{"x":21,"y":3},{"x":22,"y":3},{"x":22,"y":2},{"x":22,"y":4},{"x":21,"y":4},{"x":20,"y":4},{"x":21,"y":2},{"x":21,"y":1},{"x":22,"y":1},{"x":23,"y":2},{"x":24,"y":2},{"x":24,"y":1},{"x":25,"y":1},{"x":25,"y":2},{"x":23,"y":3},{"x":24,"y":3},{"x":25,"y":3},{"x":26,"y":3},{"x":27,"y":3},{"x":28,"y":3},{"x":28,"y":2},{"x":28,"y":4},{"x":27,"y":4},{"x":26,"y":4},{"x":25,"y":4},{"x":23,"y":4},{"x":26,"y":1},{"x":26,"y":2},{"x":27,"y":1},{"x":27,"y":2},{"x":25,"y":0},{"x":26,"y":0},{"x":28,"y":1},{"x":30,"y":2},{"x":31,"y":2},{"x":31,"y":3},{"x":32,"y":3},{"x":33,"y":3},{"x":33,"y":2},{"x":33,"y":4},{"x":32,"y":4},{"x":31,"y":4},{"x":30,"y":4},{"x":30,"y":3},{"x":31,"y":0},{"x":32,"y":0},{"x":32,"y":1},{"x":31,"y":1},{"x":32,"y":2},{"x":34,"y":2},{"x":35,"y":2},{"x":35,"y":1},{"x":34,"y":3},{"x":35,"y":3},{"x":36,"y":3},{"x":35,"y":4},{"x":34,"y":4},{"x":39,"y":2},{"x":40,"y":2},{"x":40,"y":3},{"x":40,"y":4},{"x":39,"y":4},{"x":39,"y":3},{"x":30,"y":1},{"x":36,"y":1},{"x":36,"y":2},{"x":37,"y":2},{"x":38,"y":2},{"x":37,"y":3},{"x":38,"y":3},{"x":38,"y":4},{"x":37,"y":4},{"x":36,"y":4}],"terrainTextureId":"polygon_terrain_1","polygon":[{"x":74,"y":851},{"x":132,"y":823},{"x":277,"y":770},{"x":396,"y":790},{"x":448,"y":866},{"x":160,"y":915}]},{"usedWorldBlocks":[{"x":0,"y":1},{"x":1,"y":1},{"x":2,"y":1},{"x":3,"y":1},{"x":4,"y":2},{"x":5,"y":2},{"x":6,"y":1},{"x":6,"y":2},{"x":7,"y":2},{"x":7,"y":1},{"x":8,"y":1},{"x":9,"y":1},{"x":9,"y":2},{"x":8,"y":2},{"x":3,"y":2},{"x":2,"y":2},{"x":1,"y":2},{"x":0,"y":2},{"x":0,"y":0},{"x":1,"y":0},{"x":2,"y":0},{"x":3,"y":0},{"x":4,"y":0},{"x":5,"y":0},{"x":6,"y":0},{"x":7,"y":0},{"x":8,"y":0},{"x":9,"y":0},{"x":5,"y":1},{"x":4,"y":1},{"x":10,"y":1},{"x":11,"y":2},{"x":12,"y":2},{"x":12,"y":1},{"x":12,"y":3},{"x":12,"y":4},{"x":11,"y":4},{"x":11,"y":3},{"x":10,"y":2},{"x":13,"y":2},{"x":13,"y":1},{"x":14,"y":1},{"x":15,"y":1},{"x":16,"y":1},{"x":17,"y":1},{"x":17,"y":2},{"x":18,"y":2},{"x":18,"y":1},{"x":19,"y":1},{"x":19,"y":2},{"x":16,"y":2},{"x":15,"y":2},{"x":14,"y":2},{"x":14,"y":3},{"x":15,"y":3},{"x":15,"y":4},{"x":14,"y":4},{"x":13,"y":4},{"x":13,"y":3},{"x":17,"y":3},{"x":18,"y":3},{"x":19,"y":3},{"x":18,"y":4},{"x":17,"y":4},{"x":16,"y":4},{"x":16,"y":3},{"x":20,"y":3},{"x":20,"y":2},{"x":21,"y":3},{"x":22,"y":3},{"x":22,"y":2},{"x":22,"y":4},{"x":21,"y":4},{"x":20,"y":4},{"x":21,"y":2},{"x":21,"y":1},{"x":22,"y":1},{"x":23,"y":2},{"x":24,"y":2},{"x":24,"y":1},{"x":25,"y":1},{"x":25,"y":2},{"x":23,"y":3},{"x":24,"y":3},{"x":25,"y":3},{"x":26,"y":3},{"x":27,"y":3},{"x":28,"y":3},{"x":28,"y":2},{"x":28,"y":4},{"x":27,"y":4},{"x":26,"y":4},{"x":25,"y":4},{"x":23,"y":4},{"x":26,"y":1},{"x":26,"y":2},{"x":27,"y":1},{"x":27,"y":2},{"x":25,"y":0},{"x":26,"y":0},{"x":28,"y":1},{"x":30,"y":2},{"x":31,"y":2},{"x":31,"y":3},{"x":32,"y":3},{"x":33,"y":3},{"x":33,"y":2},{"x":33,"y":4},{"x":32,"y":4},{"x":31,"y":4},{"x":30,"y":4},{"x":30,"y":3},{"x":31,"y":0},{"x":32,"y":0},{"x":32,"y":1},{"x":31,"y":1},{"x":32,"y":2},{"x":34,"y":2},{"x":35,"y":2},{"x":35,"y":1},{"x":34,"y":3},{"x":35,"y":3},{"x":36,"y":3},{"x":35,"y":4},{"x":34,"y":4},{"x":39,"y":2},{"x":40,"y":2},{"x":40,"y":3},{"x":40,"y":4},{"x":39,"y":4},{"x":39,"y":3},{"x":30,"y":1},{"x":36,"y":1},{"x":36,"y":2},{"x":37,"y":2},{"x":38,"y":2},{"x":37,"y":3},{"x":38,"y":3},{"x":38,"y":4},{"x":37,"y":4},{"x":36,"y":4}],"terrainTextureId":"polygon_terrain_1","polygon":[{"x":3149,"y":987},{"x":3347,"y":1077},{"x":3503,"y":1087},{"x":3627,"y":1042},{"x":3760,"y":1150},{"x":3919,"y":1172},{"x":4020,"y":1258},{"x":4210,"y":1282},{"x":4120,"y":1357},{"x":3970,"y":1357},{"x":3823,"y":1383},{"x":3695,"y":1462},{"x":3588,"y":1518},{"x":3574,"y":1371},{"x":3478,"y":1255},{"x":3349,"y":1176},{"x":3157,"y":1066}]},{"usedWorldBlocks":[{"x":0,"y":1},{"x":1,"y":1},{"x":2,"y":1},{"x":3,"y":1},{"x":4,"y":2},{"x":5,"y":2},{"x":6,"y":1},{"x":6,"y":2},{"x":7,"y":2},{"x":7,"y":1},{"x":8,"y":1},{"x":9,"y":1},{"x":9,"y":2},{"x":8,"y":2},{"x":3,"y":2},{"x":2,"y":2},{"x":1,"y":2},{"x":0,"y":2},{"x":0,"y":0},{"x":1,"y":0},{"x":2,"y":0},{"x":3,"y":0},{"x":4,"y":0},{"x":5,"y":0},{"x":6,"y":0},{"x":7,"y":0},{"x":8,"y":0},{"x":9,"y":0},{"x":5,"y":1},{"x":4,"y":1},{"x":10,"y":1},{"x":11,"y":2},{"x":12,"y":2},{"x":12,"y":1},{"x":12,"y":3},{"x":12,"y":4},{"x":11,"y":4},{"x":11,"y":3},{"x":10,"y":2},{"x":13,"y":2},{"x":13,"y":1},{"x":14,"y":1},{"x":15,"y":1},{"x":16,"y":1},{"x":17,"y":1},{"x":17,"y":2},{"x":18,"y":2},{"x":18,"y":1},{"x":19,"y":1},{"x":19,"y":2},{"x":16,"y":2},{"x":15,"y":2},{"x":14,"y":2},{"x":14,"y":3},{"x":15,"y":3},{"x":15,"y":4},{"x":14,"y":4},{"x":13,"y":4},{"x":13,"y":3},{"x":17,"y":3},{"x":18,"y":3},{"x":19,"y":3},{"x":18,"y":4},{"x":17,"y":4},{"x":16,"y":4},{"x":16,"y":3},{"x":20,"y":3},{"x":20,"y":2},{"x":21,"y":3},{"x":22,"y":3},{"x":22,"y":2},{"x":22,"y":4},{"x":21,"y":4},{"x":20,"y":4},{"x":21,"y":2},{"x":21,"y":1},{"x":22,"y":1},{"x":23,"y":2},{"x":24,"y":2},{"x":24,"y":1},{"x":25,"y":1},{"x":25,"y":2},{"x":23,"y":3},{"x":24,"y":3},{"x":25,"y":3},{"x":26,"y":3},{"x":27,"y":3},{"x":28,"y":3},{"x":28,"y":2},{"x":28,"y":4},{"x":27,"y":4},{"x":26,"y":4},{"x":25,"y":4},{"x":23,"y":4},{"x":26,"y":1},{"x":26,"y":2},{"x":27,"y":1},{"x":27,"y":2},{"x":25,"y":0},{"x":26,"y":0},{"x":28,"y":1},{"x":30,"y":2},{"x":31,"y":2},{"x":31,"y":3},{"x":32,"y":3},{"x":33,"y":3},{"x":33,"y":2},{"x":33,"y":4},{"x":32,"y":4},{"x":31,"y":4},{"x":30,"y":4},{"x":30,"y":3},{"x":31,"y":0},{"x":32,"y":0},{"x":32,"y":1},{"x":31,"y":1},{"x":32,"y":2},{"x":34,"y":2},{"x":35,"y":2},{"x":35,"y":1},{"x":34,"y":3},{"x":35,"y":3},{"x":36,"y":3},{"x":35,"y":4},{"x":34,"y":4},{"x":39,"y":2},{"x":40,"y":2},{"x":40,"y":3},{"x":40,"y":4},{"x":39,"y":4},{"x":39,"y":3},{"x":30,"y":1},{"x":36,"y":1},{"x":36,"y":2},{"x":37,"y":2},{"x":38,"y":2},{"x":37,"y":3},{"x":38,"y":3},{"x":38,"y":4},{"x":37,"y":4},{"x":36,"y":4}],"terrainTextureId":"polygon_terrain_1","polygon":[{"x":3331,"y":1767},{"x":3413,"y":1744},{"x":3535,"y":1824},{"x":3692,"y":1852},{"x":3838,"y":1815},{"x":3968,"y":1724},{"x":4185,"y":1728},{"x":4231,"y":1752},{"x":4171,"y":2032},{"x":3886,"y":2031},{"x":3594,"y":2038},{"x":3444,"y":2038},{"x":3229,"y":2037},{"x":3336,"y":1916}]}]]],"worldId":0,"polygonBackgroundData":[[[{"usedWorldBlocks":[{"x":1,"y":1},{"x":1,"y":0},{"x":2,"y":0},{"x":3,"y":0},{"x":4,"y":1},{"x":5,"y":1},{"x":6,"y":1},{"x":7,"y":1},{"x":7,"y":0},{"x":8,"y":0},{"x":9,"y":0},{"x":9,"y":1},{"x":8,"y":1},{"x":7,"y":2},{"x":6,"y":2},{"x":5,"y":2},{"x":4,"y":2},{"x":3,"y":1},{"x":2,"y":1},{"x":13,"y":2},{"x":14,"y":2},{"x":15,"y":2},{"x":16,"y":2},{"x":16,"y":1},{"x":17,"y":2},{"x":18,"y":2},{"x":19,"y":2},{"x":19,"y":3},{"x":18,"y":3},{"x":17,"y":3},{"x":16,"y":3},{"x":16,"y":4},{"x":15,"y":4},{"x":14,"y":4},{"x":15,"y":3},{"x":14,"y":3},{"x":13,"y":3},{"x":20,"y":2},{"x":21,"y":2},{"x":22,"y":2},{"x":22,"y":3},{"x":21,"y":3},{"x":20,"y":3},{"x":23,"y":2},{"x":24,"y":2},{"x":25,"y":2},{"x":26,"y":2},{"x":27,"y":2},{"x":28,"y":2},{"x":28,"y":1},{"x":28,"y":3},{"x":27,"y":3},{"x":26,"y":3},{"x":25,"y":3},{"x":24,"y":3},{"x":23,"y":3},{"x":25,"y":1},{"x":26,"y":1},{"x":27,"y":1},{"x":30,"y":1},{"x":30,"y":2},{"x":31,"y":2},{"x":31,"y":1},{"x":32,"y":2},{"x":33,"y":2},{"x":33,"y":3},{"x":32,"y":3},{"x":31,"y":3},{"x":34,"y":2},{"x":35,"y":2},{"x":35,"y":1},{"x":36,"y":2},{"x":37,"y":2},{"x":38,"y":2},{"x":38,"y":3},{"x":37,"y":3},{"x":36,"y":3},{"x":35,"y":3},{"x":34,"y":3}],"terrainTextureId":"polygon_terrain_dark_1","polygon":[{"x":533,"y":532},{"x":683,"y":511},{"x":899,"y":451},{"x":1160,"y":496},{"x":1382,"y":492},{"x":1575,"y":493},{"x":1766,"y":498},{"x":1959,"y":478},{"x":2173,"y":541},{"x":2356,"y":636},{"x":2513,"y":582},{"x":2749,"y":654},{"x":2900,"y":646},{"x":3059,"y":604},{"x":3318,"y":708},{"x":3432,"y":712},{"x":3528,"y":513},{"x":3689,"y":465},{"x":3812,"y":386},{"x":3988,"y":498},{"x":4173,"y":427},{"x":4330,"y":359},{"x":4508,"y":409},{"x":4655,"y":383},{"x":4871,"y":345},{"x":4758,"y":506},{"x":4742,"y":738},{"x":4565,"y":796},{"x":4352,"y":868},{"x":4184,"y":789},{"x":4017,"y":873},{"x":3870,"y":1103},{"x":3728,"y":1153},{"x":3563,"y":1211},{"x":3432,"y":1117},{"x":3254,"y":1121},{"x":3153,"y":1053},{"x":3063,"y":1023},{"x":2926,"y":1139},{"x":2674,"y":1155},{"x":2555,"y":1100},{"x":2280,"y":1102},{"x":2066,"y":1067},{"x":1974,"y":983},{"x":1857,"y":925},{"x":1600,"y":918},{"x":1339,"y":923},{"x":1094,"y":919},{"x":830,"y":951},{"x":534,"y":932},{"x":576,"y":701}]}]],[[{"usedWorldBlocks":[{"x":1,"y":1},{"x":1,"y":0},{"x":2,"y":0},{"x":3,"y":0},{"x":4,"y":1},{"x":5,"y":1},{"x":6,"y":1},{"x":7,"y":1},{"x":7,"y":0},{"x":8,"y":0},{"x":9,"y":0},{"x":9,"y":1},{"x":8,"y":1},{"x":7,"y":2},{"x":6,"y":2},{"x":5,"y":2},{"x":4,"y":2},{"x":3,"y":1},{"x":2,"y":1},{"x":13,"y":2},{"x":14,"y":2},{"x":15,"y":2},{"x":16,"y":2},{"x":16,"y":1},{"x":17,"y":2},{"x":18,"y":2},{"x":19,"y":2},{"x":19,"y":3},{"x":18,"y":3},{"x":17,"y":3},{"x":16,"y":3},{"x":16,"y":4},{"x":15,"y":4},{"x":14,"y":4},{"x":15,"y":3},{"x":14,"y":3},{"x":13,"y":3},{"x":20,"y":2},{"x":21,"y":2},{"x":22,"y":2},{"x":22,"y":3},{"x":21,"y":3},{"x":20,"y":3},{"x":23,"y":2},{"x":24,"y":2},{"x":25,"y":2},{"x":26,"y":2},{"x":27,"y":2},{"x":28,"y":2},{"x":28,"y":1},{"x":28,"y":3},{"x":27,"y":3},{"x":26,"y":3},{"x":25,"y":3},{"x":24,"y":3},{"x":23,"y":3},{"x":25,"y":1},{"x":26,"y":1},{"x":27,"y":1},{"x":30,"y":1},{"x":30,"y":2},{"x":31,"y":2},{"x":31,"y":1},{"x":32,"y":2},{"x":33,"y":2},{"x":33,"y":3},{"x":32,"y":3},{"x":31,"y":3},{"x":34,"y":2},{"x":35,"y":2},{"x":35,"y":1},{"x":36,"y":2},{"x":37,"y":2},{"x":38,"y":2},{"x":38,"y":3},{"x":37,"y":3},{"x":36,"y":3},{"x":35,"y":3},{"x":34,"y":3}],"terrainTextureId":"polygon_terrain_dark_1","polygon":[{"x":1883,"y":1085},{"x":2033,"y":1085},{"x":2257,"y":1261},{"x":2391,"y":1195},{"x":2532,"y":1126},{"x":2757,"y":1140},{"x":2889,"y":1199},{"x":3099,"y":1086},{"x":3281,"y":917},{"x":3478,"y":851},{"x":3519,"y":1088},{"x":3656,"y":1149},{"x":3801,"y":1213},{"x":3841,"y":1396},{"x":3984,"y":1351},{"x":4137,"y":1305},{"x":4363,"y":1272},{"x":4571,"y":1272},{"x":4742,"y":1307},{"x":4612,"y":1391},{"x":4515,"y":1539},{"x":4561,"y":1684},{"x":4430,"y":1766},{"x":4277,"y":1746},{"x":4099,"y":1855},{"x":3966,"y":1813},{"x":3734,"y":1771},{"x":3481,"y":1699},{"x":3510,"y":1500},{"x":3334,"y":1358},{"x":3226,"y":1444},{"x":3079,"y":1505},{"x":3129,"y":1595},{"x":3264,"y":1598},{"x":3386,"y":1741},{"x":3292,"y":2023},{"x":3142,"y":2021},{"x":2992,"y":2020},{"x":2843,"y":2032},{"x":2690,"y":2045},{"x":2480,"y":2029},{"x":2524,"y":1885},{"x":2513,"y":1684},{"x":2299,"y":1690},{"x":2030,"y":1633},{"x":1899,"y":1561},{"x":1761,"y":1486},{"x":1870,"y":1255}]}]],[[{"usedWorldBlocks":[{"x":1,"y":1},{"x":1,"y":0},{"x":2,"y":0},{"x":3,"y":0},{"x":4,"y":1},{"x":5,"y":1},{"x":6,"y":1},{"x":7,"y":1},{"x":7,"y":0},{"x":8,"y":0},{"x":9,"y":0},{"x":9,"y":1},{"x":8,"y":1},{"x":7,"y":2},{"x":6,"y":2},{"x":5,"y":2},{"x":4,"y":2},{"x":3,"y":1},{"x":2,"y":1},{"x":13,"y":2},{"x":14,"y":2},{"x":15,"y":2},{"x":16,"y":2},{"x":16,"y":1},{"x":17,"y":2},{"x":18,"y":2},{"x":19,"y":2},{"x":19,"y":3},{"x":18,"y":3},{"x":17,"y":3},{"x":16,"y":3},{"x":16,"y":4},{"x":15,"y":4},{"x":14,"y":4},{"x":15,"y":3},{"x":14,"y":3},{"x":13,"y":3},{"x":20,"y":2},{"x":21,"y":2},{"x":22,"y":2},{"x":22,"y":3},{"x":21,"y":3},{"x":20,"y":3},{"x":23,"y":2},{"x":24,"y":2},{"x":25,"y":2},{"x":26,"y":2},{"x":27,"y":2},{"x":28,"y":2},{"x":28,"y":1},{"x":28,"y":3},{"x":27,"y":3},{"x":26,"y":3},{"x":25,"y":3},{"x":24,"y":3},{"x":23,"y":3},{"x":25,"y":1},{"x":26,"y":1},{"x":27,"y":1},{"x":30,"y":1},{"x":30,"y":2},{"x":31,"y":2},{"x":31,"y":1},{"x":32,"y":2},{"x":33,"y":2},{"x":33,"y":3},{"x":32,"y":3},{"x":31,"y":3},{"x":34,"y":2},{"x":35,"y":2},{"x":35,"y":1},{"x":36,"y":2},{"x":37,"y":2},{"x":38,"y":2},{"x":38,"y":3},{"x":37,"y":3},{"x":36,"y":3},{"x":35,"y":3},{"x":34,"y":3}],"terrainTextureId":"polygon_terrain_dark_1","polygon":[{"x":371,"y":1182},{"x":544,"y":1183},{"x":657,"y":1260},{"x":788,"y":1108},{"x":977,"y":1020},{"x":1158,"y":1005},{"x":1138,"y":1152},{"x":1220,"y":1294},{"x":1354,"y":1409},{"x":1131,"y":1579},{"x":985,"y":1614},{"x":831,"y":1651},{"x":681,"y":1666},{"x":509,"y":1683},{"x":375,"y":1615},{"x":241,"y":1547},{"x":375,"y":1370}]},{"usedWorldBlocks":[{"x":1,"y":1},{"x":1,"y":0},{"x":2,"y":0},{"x":3,"y":0},{"x":4,"y":1},{"x":5,"y":1},{"x":6,"y":1},{"x":7,"y":1},{"x":7,"y":0},{"x":8,"y":0},{"x":9,"y":0},{"x":9,"y":1},{"x":8,"y":1},{"x":7,"y":2},{"x":6,"y":2},{"x":5,"y":2},{"x":4,"y":2},{"x":3,"y":1},{"x":2,"y":1},{"x":13,"y":2},{"x":14,"y":2},{"x":15,"y":2},{"x":16,"y":2},{"x":16,"y":1},{"x":17,"y":2},{"x":18,"y":2},{"x":19,"y":2},{"x":19,"y":3},{"x":18,"y":3},{"x":17,"y":3},{"x":16,"y":3},{"x":16,"y":4},{"x":15,"y":4},{"x":14,"y":4},{"x":15,"y":3},{"x":14,"y":3},{"x":13,"y":3},{"x":20,"y":2},{"x":21,"y":2},{"x":22,"y":2},{"x":22,"y":3},{"x":21,"y":3},{"x":20,"y":3},{"x":23,"y":2},{"x":24,"y":2},{"x":25,"y":2},{"x":26,"y":2},{"x":27,"y":2},{"x":28,"y":2},{"x":28,"y":1},{"x":28,"y":3},{"x":27,"y":3},{"x":26,"y":3},{"x":25,"y":3},{"x":24,"y":3},{"x":23,"y":3},{"x":25,"y":1},{"x":26,"y":1},{"x":27,"y":1},{"x":30,"y":1},{"x":30,"y":2},{"x":31,"y":2},{"x":31,"y":1},{"x":32,"y":2},{"x":33,"y":2},{"x":33,"y":3},{"x":32,"y":3},{"x":31,"y":3},{"x":34,"y":2},{"x":35,"y":2},{"x":35,"y":1},{"x":36,"y":2},{"x":37,"y":2},{"x":38,"y":2},{"x":38,"y":3},{"x":37,"y":3},{"x":36,"y":3},{"x":35,"y":3},{"x":34,"y":3}],"terrainTextureId":"polygon_terrain_dark_1","polygon":[{"x":1672,"y":1225},{"x":1822,"y":1225},{"x":1822,"y":1375},{"x":2057,"y":1405},{"x":2230,"y":1359},{"x":2337,"y":1149},{"x":2507,"y":1047},{"x":2617,"y":1033},{"x":2767,"y":1074},{"x":2975,"y":1034},{"x":3237,"y":1136},{"x":3396,"y":1318},{"x":3544,"y":1278},{"x":3707,"y":1235},{"x":3692,"y":1024},{"x":3884,"y":1101},{"x":4017,"y":1067},{"x":4109,"y":913},{"x":4276,"y":964},{"x":4371,"y":881},{"x":4308,"y":1151},{"x":4358,"y":1416},{"x":4205,"y":1515},{"x":4013,"y":1617},{"x":3805,"y":1712},{"x":3590,"y":1739},{"x":3377,"y":1777},{"x":3227,"y":1786},{"x":3063,"y":1795},{"x":2905,"y":1656},{"x":2760,"y":1483},{"x":2545,"y":1545},{"x":2389,"y":1698},{"x":2122,"y":1766},{"x":1877,"y":1830},{"x":1612,"y":1755},{"x":1629,"y":1604},{"x":1706,"y":1410}]},{"usedWorldBlocks":[{"x":1,"y":1},{"x":1,"y":0},{"x":2,"y":0},{"x":3,"y":0},{"x":4,"y":1},{"x":5,"y":1},{"x":6,"y":1},{"x":7,"y":1},{"x":7,"y":0},{"x":8,"y":0},{"x":9,"y":0},{"x":9,"y":1},{"x":8,"y":1},{"x":7,"y":2},{"x":6,"y":2},{"x":5,"y":2},{"x":4,"y":2},{"x":3,"y":1},{"x":2,"y":1},{"x":13,"y":2},{"x":14,"y":2},{"x":15,"y":2},{"x":16,"y":2},{"x":16,"y":1},{"x":17,"y":2},{"x":18,"y":2},{"x":19,"y":2},{"x":19,"y":3},{"x":18,"y":3},{"x":17,"y":3},{"x":16,"y":3},{"x":16,"y":4},{"x":15,"y":4},{"x":14,"y":4},{"x":15,"y":3},{"x":14,"y":3},{"x":13,"y":3},{"x":20,"y":2},{"x":21,"y":2},{"x":22,"y":2},{"x":22,"y":3},{"x":21,"y":3},{"x":20,"y":3},{"x":23,"y":2},{"x":24,"y":2},{"x":25,"y":2},{"x":26,"y":2},{"x":27,"y":2},{"x":28,"y":2},{"x":28,"y":1},{"x":28,"y":3},{"x":27,"y":3},{"x":26,"y":3},{"x":25,"y":3},{"x":24,"y":3},{"x":23,"y":3},{"x":25,"y":1},{"x":26,"y":1},{"x":27,"y":1},{"x":30,"y":1},{"x":30,"y":2},{"x":31,"y":2},{"x":31,"y":1},{"x":32,"y":2},{"x":33,"y":2},{"x":33,"y":3},{"x":32,"y":3},{"x":31,"y":3},{"x":34,"y":2},{"x":35,"y":2},{"x":35,"y":1},{"x":36,"y":2},{"x":37,"y":2},{"x":38,"y":2},{"x":38,"y":3},{"x":37,"y":3},{"x":36,"y":3},{"x":35,"y":3},{"x":34,"y":3}],"terrainTextureId":"polygon_terrain_dark_1","polygon":[{"x":2893,"y":565},{"x":3043,"y":565},{"x":3139,"y":693},{"x":3318,"y":733},{"x":3522,"y":678},{"x":3665,"y":571},{"x":3642,"y":858},{"x":3695,"y":1019},{"x":3521,"y":1079},{"x":3305,"y":1144},{"x":3140,"y":1045},{"x":2957,"y":998},{"x":2937,"y":762}]}]],[[{"usedWorldBlocks":[{"x":1,"y":1},{"x":1,"y":0},{"x":2,"y":0},{"x":3,"y":0},{"x":4,"y":1},{"x":5,"y":1},{"x":6,"y":1},{"x":7,"y":1},{"x":7,"y":0},{"x":8,"y":0},{"x":9,"y":0},{"x":9,"y":1},{"x":8,"y":1},{"x":7,"y":2},{"x":6,"y":2},{"x":5,"y":2},{"x":4,"y":2},{"x":3,"y":1},{"x":2,"y":1},{"x":13,"y":2},{"x":14,"y":2},{"x":15,"y":2},{"x":16,"y":2},{"x":16,"y":1},{"x":17,"y":2},{"x":18,"y":2},{"x":19,"y":2},{"x":19,"y":3},{"x":18,"y":3},{"x":17,"y":3},{"x":16,"y":3},{"x":16,"y":4},{"x":15,"y":4},{"x":14,"y":4},{"x":15,"y":3},{"x":14,"y":3},{"x":13,"y":3},{"x":20,"y":2},{"x":21,"y":2},{"x":22,"y":2},{"x":22,"y":3},{"x":21,"y":3},{"x":20,"y":3},{"x":23,"y":2},{"x":24,"y":2},{"x":25,"y":2},{"x":26,"y":2},{"x":27,"y":2},{"x":28,"y":2},{"x":28,"y":1},{"x":28,"y":3},{"x":27,"y":3},{"x":26,"y":3},{"x":25,"y":3},{"x":24,"y":3},{"x":23,"y":3},{"x":25,"y":1},{"x":26,"y":1},{"x":27,"y":1},{"x":30,"y":1},{"x":30,"y":2},{"x":31,"y":2},{"x":31,"y":1},{"x":32,"y":2},{"x":33,"y":2},{"x":33,"y":3},{"x":32,"y":3},{"x":31,"y":3},{"x":34,"y":2},{"x":35,"y":2},{"x":35,"y":1},{"x":36,"y":2},{"x":37,"y":2},{"x":38,"y":2},{"x":38,"y":3},{"x":37,"y":3},{"x":36,"y":3},{"x":35,"y":3},{"x":34,"y":3}],"terrainTextureId":"polygon_terrain_dark_1","polygon":[{"x":103,"y":862},{"x":253,"y":862},{"x":431,"y":848},{"x":401,"y":951},{"x":435,"y":1110},{"x":539,"y":1217},{"x":266,"y":1259},{"x":119,"y":1289},{"x":140,"y":1045}]},{"usedWorldBlocks":[{"x":1,"y":1},{"x":1,"y":0},{"x":2,"y":0},{"x":3,"y":0},{"x":4,"y":1},{"x":5,"y":1},{"x":6,"y":1},{"x":7,"y":1},{"x":7,"y":0},{"x":8,"y":0},{"x":9,"y":0},{"x":9,"y":1},{"x":8,"y":1},{"x":7,"y":2},{"x":6,"y":2},{"x":5,"y":2},{"x":4,"y":2},{"x":3,"y":1},{"x":2,"y":1},{"x":13,"y":2},{"x":14,"y":2},{"x":15,"y":2},{"x":16,"y":2},{"x":16,"y":1},{"x":17,"y":2},{"x":18,"y":2},{"x":19,"y":2},{"x":19,"y":3},{"x":18,"y":3},{"x":17,"y":3},{"x":16,"y":3},{"x":16,"y":4},{"x":15,"y":4},{"x":14,"y":4},{"x":15,"y":3},{"x":14,"y":3},{"x":13,"y":3},{"x":20,"y":2},{"x":21,"y":2},{"x":22,"y":2},{"x":22,"y":3},{"x":21,"y":3},{"x":20,"y":3},{"x":23,"y":2},{"x":24,"y":2},{"x":25,"y":2},{"x":26,"y":2},{"x":27,"y":2},{"x":28,"y":2},{"x":28,"y":1},{"x":28,"y":3},{"x":27,"y":3},{"x":26,"y":3},{"x":25,"y":3},{"x":24,"y":3},{"x":23,"y":3},{"x":25,"y":1},{"x":26,"y":1},{"x":27,"y":1},{"x":30,"y":1},{"x":30,"y":2},{"x":31,"y":2},{"x":31,"y":1},{"x":32,"y":2},{"x":33,"y":2},{"x":33,"y":3},{"x":32,"y":3},{"x":31,"y":3},{"x":34,"y":2},{"x":35,"y":2},{"x":35,"y":1},{"x":36,"y":2},{"x":37,"y":2},{"x":38,"y":2},{"x":38,"y":3},{"x":37,"y":3},{"x":36,"y":3},{"x":35,"y":3},{"x":34,"y":3}],"terrainTextureId":"polygon_terrain_dark_1","polygon":[{"x":829,"y":861},{"x":942,"y":862},{"x":942,"y":1012},{"x":974,"y":1254},{"x":1171,"y":1389},{"x":1315,"y":1380},{"x":1486,"y":1424},{"x":1731,"y":1419},{"x":1672,"y":1559},{"x":1520,"y":1688},{"x":1361,"y":1764},{"x":1114,"y":1791},{"x":878,"y":1723},{"x":768,"y":1615},{"x":632,"y":1483},{"x":539,"y":1245},{"x":647,"y":1209},{"x":782,"y":998}]},{"usedWorldBlocks":[{"x":1,"y":1},{"x":1,"y":0},{"x":2,"y":0},{"x":3,"y":0},{"x":4,"y":1},{"x":5,"y":1},{"x":6,"y":1},{"x":7,"y":1},{"x":7,"y":0},{"x":8,"y":0},{"x":9,"y":0},{"x":9,"y":1},{"x":8,"y":1},{"x":7,"y":2},{"x":6,"y":2},{"x":5,"y":2},{"x":4,"y":2},{"x":3,"y":1},{"x":2,"y":1},{"x":13,"y":2},{"x":14,"y":2},{"x":15,"y":2},{"x":16,"y":2},{"x":16,"y":1},{"x":17,"y":2},{"x":18,"y":2},{"x":19,"y":2},{"x":19,"y":3},{"x":18,"y":3},{"x":17,"y":3},{"x":16,"y":3},{"x":16,"y":4},{"x":15,"y":4},{"x":14,"y":4},{"x":15,"y":3},{"x":14,"y":3},{"x":13,"y":3},{"x":20,"y":2},{"x":21,"y":2},{"x":22,"y":2},{"x":22,"y":3},{"x":21,"y":3},{"x":20,"y":3},{"x":23,"y":2},{"x":24,"y":2},{"x":25,"y":2},{"x":26,"y":2},{"x":27,"y":2},{"x":28,"y":2},{"x":28,"y":1},{"x":28,"y":3},{"x":27,"y":3},{"x":26,"y":3},{"x":25,"y":3},{"x":24,"y":3},{"x":23,"y":3},{"x":25,"y":1},{"x":26,"y":1},{"x":27,"y":1},{"x":30,"y":1},{"x":30,"y":2},{"x":31,"y":2},{"x":31,"y":1},{"x":32,"y":2},{"x":33,"y":2},{"x":33,"y":3},{"x":32,"y":3},{"x":31,"y":3},{"x":34,"y":2},{"x":35,"y":2},{"x":35,"y":1},{"x":36,"y":2},{"x":37,"y":2},{"x":38,"y":2},{"x":38,"y":3},{"x":37,"y":3},{"x":36,"y":3},{"x":35,"y":3},{"x":34,"y":3}],"terrainTextureId":"polygon_terrain_dark_1","polygon":[{"x":2105,"y":1255},{"x":2341,"y":1227},{"x":2623,"y":1231},{"x":2714,"y":1259},{"x":2783,"y":1098},{"x":2903,"y":939},{"x":2978,"y":1077},{"x":3073,"y":1114},{"x":3246,"y":1046},{"x":3403,"y":1141},{"x":3518,"y":1247},{"x":3604,"y":1372},{"x":3609,"y":1469},{"x":3784,"y":1369},{"x":3994,"y":1322},{"x":4104,"y":1261},{"x":4092,"y":1444},{"x":4088,"y":1585},{"x":4158,"y":1742},{"x":3964,"y":1754},{"x":3807,"y":1900},{"x":3584,"y":1855},{"x":3367,"y":1821},{"x":3219,"y":1646},{"x":3078,"y":1654},{"x":3015,"y":1613},{"x":2861,"y":1727},{"x":2674,"y":1769},{"x":2445,"y":1709},{"x":2222,"y":1697},{"x":1994,"y":1667},{"x":2088,"y":1563},{"x":2124,"y":1378}]}]]],"libraryElements":null,"staticElementData":[{"position":{"x":1857,"y":814},"scaleX":1,"elementId":"table_direction","rotation":0,"scaleY":1},{"position":{"x":3161,"y":788},"scaleX":0.99,"elementId":"table_warning","rotation":-134.59,"scaleY":0.99},{"position":{"x":5191,"y":806},"scaleX":1,"elementId":"table_direction","rotation":0,"scaleY":1},{"position":{"x":4631,"y":659},"scaleX":1,"elementId":"table_warning","rotation":0,"scaleY":1},{"position":{"x":4660,"y":1009},"scaleX":0.99,"elementId":"table_danger","rotation":44.18,"scaleY":0.99},{"position":{"x":6374,"y":954},"scaleX":0.99,"elementId":"table_direction","rotation":31.09,"scaleY":0.99},{"position":{"x":7140,"y":793},"scaleX":1,"elementId":"table_direction","rotation":-30.37,"scaleY":1},{"position":{"x":6884,"y":1401},"scaleX":1,"elementId":"table_direction","rotation":16.57,"scaleY":1},{"position":{"x":6605,"y":1478},"scaleX":1,"elementId":"table_danger","rotation":-59.85,"scaleY":1},{"position":{"x":6459,"y":1226},"scaleX":1,"elementId":"table_warning","rotation":52.16,"scaleY":1},{"position":{"x":8579,"y":1256},"scaleX":0.99,"elementId":"table_warning","rotation":-122.42,"scaleY":0.99},{"position":{"x":11136,"y":811},"scaleX":1,"elementId":"table_direction","rotation":0,"scaleY":1},{"position":{"x":11751,"y":1093},"scaleX":1,"elementId":"table_direction","rotation":0,"scaleY":1},{"position":{"x":11623,"y":1638},"scaleX":0.99,"elementId":"table_direction","rotation":14.69,"scaleY":0.99},{"position":{"x":11188,"y":1397},"scaleX":1,"elementId":"table_warning","rotation":-23.02,"scaleY":1},{"position":{"x":11398,"y":1704},"scaleX":0.99,"elementId":"table_danger","rotation":40.72,"scaleY":0.99},{"position":{"x":12610,"y":821},"scaleX":1,"elementId":"table_direction","rotation":0,"scaleY":1},{"position":{"x":15089,"y":753},"scaleX":1,"elementId":"table_warning","rotation":-16.62,"scaleY":1},{"position":{"x":15460,"y":745},"scaleX":1,"elementId":"table_direction","rotation":47.65,"scaleY":1},{"position":{"x":15615,"y":643},"scaleX":0.99,"elementId":"table_warning","rotation":-110.46,"scaleY":0.99},{"position":{"x":15581,"y":1113},"scaleX":1,"elementId":"table_direction","rotation":43.89,"scaleY":1},{"position":{"x":16293,"y":1289},"scaleX":0.99,"elementId":"table_direction","rotation":-2.44,"scaleY":0.99},{"position":{"x":16999,"y":1208},"scaleX":1,"elementId":"table_direction","rotation":-7.86,"scaleY":1},{"position":{"x":17259,"y":1558},"scaleX":0.99,"elementId":"table_direction","rotation":8.36,"scaleY":0.99},{"position":{"x":16601,"y":1797},"scaleX":1,"elementId":"table_danger","rotation":41.55,"scaleY":1},{"position":{"x":18368,"y":1668},"scaleX":1,"elementId":"table_direction","rotation":0,"scaleY":1},{"position":{"x":17879,"y":776},"scaleX":1,"elementId":"table_direction","rotation":0,"scaleY":1},{"position":{"x":18218,"y":1917},"scaleX":1,"elementId":"table_danger","rotation":-31.61,"scaleY":1},{"position":{"x":19103,"y":1184},"scaleX":1,"elementId":"table_direction","rotation":9.61,"scaleY":1},{"position":{"x":8866,"y":685},"scaleX":1,"elementId":"table_warning","rotation":8.02,"scaleY":1}],"enemyPathData":null,"levelId":0}