{"startPoint":{"x":1260,"y":519},"finishPoint":{"x":19344,"y":642},"bridgePoints":[{"bridgeAY":929,"bridgeBX":5111,"bridgeAX":4632,"bridgeBY":924},{"bridgeAY":1094,"bridgeBX":11585,"bridgeAX":11118,"bridgeBY":984},{"bridgeAY":1738,"bridgeBX":17088,"bridgeAX":16438,"bridgeBY":1628},{"bridgeAY":1344,"bridgeBX":18804,"bridgeAX":18433,"bridgeBY":1147}],"staticElementData":[{"position":{"x":1468,"y":509},"scaleX":1,"elementId":"table_direction","rotation":0,"scaleY":1},{"position":{"x":2596,"y":358},"scaleX":0.99,"elementId":"table_direction","rotation":-8.80823121634198,"scaleY":0.99},{"position":{"x":2172,"y":259},"scaleX":1,"elementId":"table_warning","rotation":0,"scaleY":1},{"position":{"x":2716,"y":769},"scaleX":1,"elementId":"table_direction","rotation":12.519998033891904,"scaleY":1},{"position":{"x":6103,"y":871},"scaleX":1,"elementId":"table_warning","rotation":10.898599820523271,"scaleY":1},{"position":{"x":6272,"y":1258},"scaleX":0.99,"elementId":"table_danger","rotation":29.15703811865075,"scaleY":0.99},{"position":{"x":6588,"y":1831},"scaleX":1,"elementId":"table_danger","rotation":-31.325968105347407,"scaleY":1},{"position":{"x":7058,"y":1195},"scaleX":1,"elementId":"table_direction","rotation":0,"scaleY":1},{"position":{"x":8865,"y":1140},"scaleX":0.99,"elementId":"table_direction","rotation":-9.98033759984476,"scaleY":0.99},{"position":{"x":6980,"y":1642},"scaleX":0.99,"elementId":"table_danger","rotation":35.864646435345534,"scaleY":0.99},{"position":{"x":8372,"y":990},"scaleX":1,"elementId":"table_direction","rotation":0,"scaleY":1},{"position":{"x":9584,"y":853},"scaleX":1,"elementId":"table_warning","rotation":32.968134882233585,"scaleY":1},{"position":{"x":9890,"y":994},"scaleX":1,"elementId":"table_direction","rotation":0,"scaleY":1},{"position":{"x":10468,"y":1100},"scaleX":1,"elementId":"table_direction","rotation":0,"scaleY":1},{"position":{"x":9517,"y":1746},"scaleX":0.99,"elementId":"table_danger","rotation":-15.62071551120314,"scaleY":0.99},{"position":{"x":9964,"y":1369},"scaleX":0.99,"elementId":"table_danger","rotation":34.87519623843816,"scaleY":0.99},{"position":{"x":10612,"y":1738},"scaleX":0.99,"elementId":"table_danger","rotation":35.97011094059196,"scaleY":0.99},{"position":{"x":13895,"y":896},"scaleX":1,"elementId":"table_direction","rotation":0,"scaleY":1},{"position":{"x":14240,"y":1356},"scaleX":1,"elementId":"table_direction","rotation":0,"scaleY":1},{"position":{"x":13400,"y":1760},"scaleX":1,"elementId":"table_danger","rotation":34.651361646579346,"scaleY":1},{"position":{"x":14852,"y":1169},"scaleX":1,"elementId":"table_warning","rotation":0,"scaleY":1},{"position":{"x":15708,"y":1314},"scaleX":1,"elementId":"table_direction","rotation":0,"scaleY":1},{"position":{"x":15150,"y":656},"scaleX":1,"elementId":"table_direction","rotation":0,"scaleY":1},{"position":{"x":14755,"y":507},"scaleX":1,"elementId":"table_warning","rotation":0,"scaleY":1},{"position":{"x":16585,"y":903},"scaleX":0.99,"elementId":"table_direction","rotation":-13.994162590992703,"scaleY":0.99},{"position":{"x":17199,"y":897},"scaleX":1,"elementId":"table_direction","rotation":8.806383971454553,"scaleY":1},{"position":{"x":17731,"y":965},"scaleX":1,"elementId":"table_warning","rotation":0,"scaleY":1},{"position":{"x":17542,"y":1862},"scaleX":0.99,"elementId":"table_danger","rotation":31.13356762792715,"scaleY":0.99}],"collectableItems":[{"x":2393,"y":247},{"x":2454,"y":249},{"x":2453,"y":197},{"x":2392,"y":196},{"x":3486,"y":470},{"x":3554,"y":464},{"x":3619,"y":456},{"x":3689,"y":447},{"x":3416,"y":476},{"x":5437,"y":694},{"x":5509,"y":695},{"x":5582,"y":694},{"x":5507,"y":635},{"x":5508,"y":752},{"x":6696,"y":1232},{"x":6768,"y":1243},{"x":6850,"y":1248},{"x":6922,"y":1237},{"x":6991,"y":1222},{"x":8653,"y":1037},{"x":8704,"y":997},{"x":8754,"y":1039},{"x":8703,"y":1081},{"x":9817,"y":986},{"x":10251,"y":1135},{"x":10324,"y":1099},{"x":10401,"y":1115},{"x":12831,"y":790},{"x":12878,"y":836},{"x":12933,"y":894},{"x":12981,"y":947},{"x":13961,"y":911},{"x":14034,"y":899},{"x":14103,"y":860},{"x":14944,"y":511},{"x":15016,"y":513},{"x":15016,"y":456},{"x":14946,"y":455},{"x":16473,"y":935},{"x":16472,"y":882},{"x":16470,"y":830},{"x":17343,"y":938},{"x":17404,"y":940},{"x":17374,"y":888},{"x":18844,"y":1020},{"x":18899,"y":972},{"x":18951,"y":920},{"x":18986,"y":861}],"cameraBounds":{"x":0,"y":0,"width":20000,"height":1870,"left":0,"bottom":1870,"right":20000,"top":0,"topLeft":{"x":0,"y":0,"length":0},"size":{"x":20000,"y":1870,"length":20087.232263305963},"bottomRight":{"x":20000,"y":1870,"length":20087.232263305963}},"polygonBackgroundData":[[[{"usedWorldBlocks":[{"x":5,"y":0},{"x":5,"y":1},{"x":6,"y":1},{"x":7,"y":2},{"x":6,"y":2},{"x":4,"y":1},{"x":27,"y":2},{"x":28,"y":2},{"x":28,"y":1},{"x":29,"y":1},{"x":29,"y":2},{"x":28,"y":3},{"x":30,"y":1},{"x":31,"y":2},{"x":31,"y":1},{"x":32,"y":1},{"x":32,"y":2},{"x":31,"y":3},{"x":30,"y":3},{"x":30,"y":2},{"x":33,"y":2},{"x":34,"y":2},{"x":35,"y":2},{"x":35,"y":3},{"x":36,"y":3},{"x":35,"y":4},{"x":34,"y":4},{"x":34,"y":3},{"x":33,"y":4},{"x":33,"y":3},{"x":32,"y":3}],"terrainTextureId":"polygon_terrain_dark_1","polygon":[{"x":2636,"y":480},{"x":2786,"y":480},{"x":2919,"y":548},{"x":3070,"y":625},{"x":3178,"y":670},{"x":3378,"y":642},{"x":3452,"y":711},{"x":3398,"y":854},{"x":3514,"y":1090},{"x":3237,"y":1092},{"x":3009,"y":1077},{"x":2942,"y":927},{"x":2666,"y":901},{"x":2521,"y":765},{"x":2389,"y":692},{"x":2224,"y":505},{"x":2490,"y":546}]}]],[[]],[[{"usedWorldBlocks":[{"x":5,"y":0},{"x":5,"y":1},{"x":6,"y":1},{"x":7,"y":2},{"x":6,"y":2},{"x":4,"y":1},{"x":27,"y":2},{"x":28,"y":2},{"x":28,"y":1},{"x":29,"y":1},{"x":29,"y":2},{"x":28,"y":3},{"x":30,"y":1},{"x":31,"y":2},{"x":31,"y":1},{"x":32,"y":1},{"x":32,"y":2},{"x":31,"y":3},{"x":30,"y":3},{"x":30,"y":2},{"x":33,"y":2},{"x":34,"y":2},{"x":35,"y":2},{"x":35,"y":3},{"x":36,"y":3},{"x":35,"y":4},{"x":34,"y":4},{"x":34,"y":3},{"x":33,"y":4},{"x":33,"y":3},{"x":32,"y":3}],"terrainTextureId":"polygon_terrain_dark_1","polygon":[{"x":3916,"y":1022},{"x":4066,"y":1022},{"x":4211,"y":1056},{"x":4343,"y":1013},{"x":4465,"y":893},{"x":4759,"y":950},{"x":4720,"y":1114},{"x":4874,"y":1328},{"x":4619,"y":1409},{"x":4341,"y":1506},{"x":4197,"y":1464},{"x":4049,"y":1420},{"x":3781,"y":1419},{"x":3899,"y":1181}]}]],[[{"usedWorldBlocks":[{"x":5,"y":0},{"x":5,"y":1},{"x":6,"y":1},{"x":7,"y":2},{"x":6,"y":2},{"x":4,"y":1},{"x":27,"y":2},{"x":28,"y":2},{"x":28,"y":1},{"x":29,"y":1},{"x":29,"y":2},{"x":28,"y":3},{"x":30,"y":1},{"x":31,"y":2},{"x":31,"y":1},{"x":32,"y":1},{"x":32,"y":2},{"x":31,"y":3},{"x":30,"y":3},{"x":30,"y":2},{"x":33,"y":2},{"x":34,"y":2},{"x":35,"y":2},{"x":35,"y":3},{"x":36,"y":3},{"x":35,"y":4},{"x":34,"y":4},{"x":34,"y":3},{"x":33,"y":4},{"x":33,"y":3},{"x":32,"y":3}],"terrainTextureId":"polygon_terrain_dark_1","polygon":[{"x":178,"y":837},{"x":370,"y":845},{"x":370,"y":995},{"x":552,"y":1018},{"x":694,"y":969},{"x":848,"y":916},{"x":1037,"y":984},{"x":998,"y":1104},{"x":995,"y":1264},{"x":1112,"y":1452},{"x":897,"y":1551},{"x":720,"y":1478},{"x":599,"y":1521},{"x":511,"y":1578},{"x":381,"y":1503},{"x":236,"y":1420},{"x":214,"y":1270},{"x":262,"y":1014}]},{"usedWorldBlocks":[{"x":5,"y":0},{"x":5,"y":1},{"x":6,"y":1},{"x":7,"y":2},{"x":6,"y":2},{"x":4,"y":1},{"x":27,"y":2},{"x":28,"y":2},{"x":28,"y":1},{"x":29,"y":1},{"x":29,"y":2},{"x":28,"y":3},{"x":30,"y":1},{"x":31,"y":2},{"x":31,"y":1},{"x":32,"y":1},{"x":32,"y":2},{"x":31,"y":3},{"x":30,"y":3},{"x":30,"y":2},{"x":33,"y":2},{"x":34,"y":2},{"x":35,"y":2},{"x":35,"y":3},{"x":36,"y":3},{"x":35,"y":4},{"x":34,"y":4},{"x":34,"y":3},{"x":33,"y":4},{"x":33,"y":3},{"x":32,"y":3}],"terrainTextureId":"polygon_terrain_dark_1","polygon":[{"x":1358,"y":1054},{"x":1508,"y":1054},{"x":1673,"y":1040},{"x":1681,"y":1140},{"x":1790,"y":1216},{"x":1873,"y":1189},{"x":1964,"y":1116},{"x":2169,"y":1093},{"x":2309,"y":1210},{"x":2550,"y":1133},{"x":2766,"y":1124},{"x":2780,"y":1246},{"x":2858,"y":1373},{"x":2938,"y":1504},{"x":2835,"y":1582},{"x":3004,"y":1661},{"x":3082,"y":1948},{"x":2994,"y":2030},{"x":2844,"y":2036},{"x":2694,"y":2042},{"x":2430,"y":2052},{"x":2406,"y":1904},{"x":2382,"y":1756},{"x":2357,"y":1603},{"x":2104,"y":1655},{"x":2087,"y":1835},{"x":1987,"y":2006},{"x":1728,"y":1996},{"x":1554,"y":2022},{"x":1493,"y":1860},{"x":1331,"y":1711},{"x":1132,"y":1541},{"x":1216,"y":1413},{"x":1294,"y":1190}]}]]],"dynamicElementData":null,"polygonGroundData":[[[{"usedWorldBlocks":[{"x":0,"y":1},{"x":1,"y":1},{"x":2,"y":1},{"x":3,"y":1},{"x":3,"y":0},{"x":4,"y":0},{"x":4,"y":1},{"x":5,"y":1},{"x":6,"y":1},{"x":6,"y":2},{"x":7,"y":2},{"x":7,"y":1},{"x":8,"y":1},{"x":9,"y":1},{"x":9,"y":2},{"x":8,"y":2},{"x":5,"y":2},{"x":4,"y":2},{"x":1,"y":2},{"x":5,"y":0},{"x":10,"y":1},{"x":11,"y":1},{"x":10,"y":2},{"x":11,"y":2},{"x":12,"y":1},{"x":12,"y":2},{"x":12,"y":3},{"x":12,"y":4},{"x":11,"y":4},{"x":11,"y":3},{"x":10,"y":3},{"x":13,"y":2},{"x":14,"y":2},{"x":13,"y":3},{"x":13,"y":4},{"x":15,"y":2},{"x":15,"y":1},{"x":16,"y":1},{"x":16,"y":2},{"x":17,"y":2},{"x":15,"y":3},{"x":15,"y":4},{"x":14,"y":4},{"x":14,"y":3},{"x":18,"y":2},{"x":18,"y":1},{"x":19,"y":1},{"x":18,"y":3},{"x":18,"y":4},{"x":17,"y":4},{"x":17,"y":3},{"x":19,"y":2},{"x":19,"y":3},{"x":19,"y":4},{"x":20,"y":2},{"x":21,"y":2},{"x":20,"y":3},{"x":21,"y":3},{"x":21,"y":4},{"x":20,"y":4},{"x":22,"y":2},{"x":22,"y":3},{"x":22,"y":4},{"x":23,"y":2},{"x":23,"y":1},{"x":24,"y":1},{"x":25,"y":1},{"x":25,"y":2},{"x":26,"y":2},{"x":27,"y":2},{"x":26,"y":3},{"x":26,"y":4},{"x":25,"y":4},{"x":25,"y":3},{"x":24,"y":2},{"x":24,"y":3},{"x":28,"y":2},{"x":29,"y":2},{"x":29,"y":3},{"x":29,"y":4},{"x":28,"y":4},{"x":28,"y":3},{"x":27,"y":3},{"x":27,"y":1},{"x":28,"y":1},{"x":29,"y":1},{"x":30,"y":2},{"x":30,"y":3},{"x":31,"y":2},{"x":31,"y":3},{"x":32,"y":2},{"x":32,"y":3},{"x":33,"y":3},{"x":33,"y":4},{"x":32,"y":4},{"x":31,"y":4},{"x":30,"y":4},{"x":30,"y":1},{"x":31,"y":1},{"x":32,"y":1},{"x":33,"y":2},{"x":33,"y":1},{"x":34,"y":3},{"x":35,"y":3},{"x":35,"y":4},{"x":34,"y":4},{"x":34,"y":2},{"x":34,"y":1},{"x":35,"y":2},{"x":36,"y":2},{"x":36,"y":3},{"x":37,"y":4},{"x":36,"y":4},{"x":37,"y":2},{"x":37,"y":1},{"x":38,"y":1},{"x":39,"y":1},{"x":40,"y":1},{"x":38,"y":2},{"x":38,"y":3},{"x":38,"y":4},{"x":37,"y":3}],"terrainTextureId":"polygon_terrain_1","polygon":[{"x":405,"y":596},{"x":554,"y":595},{"x":704,"y":595},{"x":854,"y":595},{"x":1004,"y":595},{"x":1154,"y":595},{"x":1304,"y":595},{"x":1454,"y":596},{"x":1603,"y":580},{"x":1752,"y":565},{"x":1951,"y":480},{"x":2092,"y":414},{"x":2203,"y":340},{"x":2300,"y":358},{"x":2303,"y":556},{"x":2533,"y":726},{"x":2636,"y":848},{"x":2924,"y":882},{"x":3020,"y":991},{"x":3171,"y":1029},{"x":3358,"y":1049},{"x":3504,"y":1013},{"x":3639,"y":1012},{"x":3801,"y":848},{"x":4085,"y":759},{"x":4326,"y":921},{"x":4603,"y":912},{"x":4656,"y":954},{"x":4577,"y":1120},{"x":4567,"y":1269},{"x":4552,"y":1479},{"x":4359,"y":1474},{"x":4205,"y":1458},{"x":3971,"y":1430},{"x":3761,"y":1418},{"x":3550,"y":1443},{"x":3354,"y":1465},{"x":3160,"y":1455},{"x":2903,"y":1461},{"x":2731,"y":1418},{"x":2578,"y":1364},{"x":2433,"y":1333},{"x":2253,"y":1380},{"x":2052,"y":1261},{"x":2005,"y":970},{"x":1853,"y":805},{"x":1570,"y":769},{"x":1421,"y":778},{"x":1264,"y":735},{"x":1172,"y":805},{"x":1085,"y":909},{"x":935,"y":782},{"x":825,"y":822},{"x":767,"y":961},{"x":749,"y":1145},{"x":809,"y":1258},{"x":925,"y":1477},{"x":701,"y":1430},{"x":555,"y":1464},{"x":555,"y":1314},{"x":556,"y":1164},{"x":611,"y":1027},{"x":557,"y":816},{"x":405,"y":746}]},{"usedWorldBlocks":[{"x":0,"y":1},{"x":1,"y":1},{"x":2,"y":1},{"x":3,"y":1},{"x":3,"y":0},{"x":4,"y":0},{"x":4,"y":1},{"x":5,"y":1},{"x":6,"y":1},{"x":6,"y":2},{"x":7,"y":2},{"x":7,"y":1},{"x":8,"y":1},{"x":9,"y":1},{"x":9,"y":2},{"x":8,"y":2},{"x":5,"y":2},{"x":4,"y":2},{"x":1,"y":2},{"x":5,"y":0},{"x":10,"y":1},{"x":11,"y":1},{"x":10,"y":2},{"x":11,"y":2},{"x":12,"y":1},{"x":12,"y":2},{"x":12,"y":3},{"x":12,"y":4},{"x":11,"y":4},{"x":11,"y":3},{"x":10,"y":3},{"x":13,"y":2},{"x":14,"y":2},{"x":13,"y":3},{"x":13,"y":4},{"x":15,"y":2},{"x":15,"y":1},{"x":16,"y":1},{"x":16,"y":2},{"x":17,"y":2},{"x":15,"y":3},{"x":15,"y":4},{"x":14,"y":4},{"x":14,"y":3},{"x":18,"y":2},{"x":18,"y":1},{"x":19,"y":1},{"x":18,"y":3},{"x":18,"y":4},{"x":17,"y":4},{"x":17,"y":3},{"x":19,"y":2},{"x":19,"y":3},{"x":19,"y":4},{"x":20,"y":2},{"x":21,"y":2},{"x":20,"y":3},{"x":21,"y":3},{"x":21,"y":4},{"x":20,"y":4},{"x":22,"y":2},{"x":22,"y":3},{"x":22,"y":4},{"x":23,"y":2},{"x":23,"y":1},{"x":24,"y":1},{"x":25,"y":1},{"x":25,"y":2},{"x":26,"y":2},{"x":27,"y":2},{"x":26,"y":3},{"x":26,"y":4},{"x":25,"y":4},{"x":25,"y":3},{"x":24,"y":2},{"x":24,"y":3},{"x":28,"y":2},{"x":29,"y":2},{"x":29,"y":3},{"x":29,"y":4},{"x":28,"y":4},{"x":28,"y":3},{"x":27,"y":3},{"x":27,"y":1},{"x":28,"y":1},{"x":29,"y":1},{"x":30,"y":2},{"x":30,"y":3},{"x":31,"y":2},{"x":31,"y":3},{"x":32,"y":2},{"x":32,"y":3},{"x":33,"y":3},{"x":33,"y":4},{"x":32,"y":4},{"x":31,"y":4},{"x":30,"y":4},{"x":30,"y":1},{"x":31,"y":1},{"x":32,"y":1},{"x":33,"y":2},{"x":33,"y":1},{"x":34,"y":3},{"x":35,"y":3},{"x":35,"y":4},{"x":34,"y":4},{"x":34,"y":2},{"x":34,"y":1},{"x":35,"y":2},{"x":36,"y":2},{"x":36,"y":3},{"x":37,"y":4},{"x":36,"y":4},{"x":37,"y":2},{"x":37,"y":1},{"x":38,"y":1},{"x":39,"y":1},{"x":40,"y":1},{"x":38,"y":2},{"x":38,"y":3},{"x":38,"y":4},{"x":37,"y":3}],"terrainTextureId":"polygon_terrain_1","polygon":[{"x":2609,"y":441},{"x":2756,"y":412},{"x":2912,"y":383},{"x":2970,"y":519},{"x":3159,"y":568},{"x":3308,"y":554},{"x":3567,"y":530},{"x":3448,"y":758},{"x":3306,"y":670},{"x":3124,"y":695},{"x":2933,"y":609},{"x":2764,"y":574},{"x":2657,"y":540}]}]],[[{"usedWorldBlocks":[{"x":0,"y":1},{"x":1,"y":1},{"x":2,"y":1},{"x":3,"y":1},{"x":3,"y":0},{"x":4,"y":0},{"x":4,"y":1},{"x":5,"y":1},{"x":6,"y":1},{"x":6,"y":2},{"x":7,"y":2},{"x":7,"y":1},{"x":8,"y":1},{"x":9,"y":1},{"x":9,"y":2},{"x":8,"y":2},{"x":5,"y":2},{"x":4,"y":2},{"x":1,"y":2},{"x":5,"y":0},{"x":10,"y":1},{"x":11,"y":1},{"x":10,"y":2},{"x":11,"y":2},{"x":12,"y":1},{"x":12,"y":2},{"x":12,"y":3},{"x":12,"y":4},{"x":11,"y":4},{"x":11,"y":3},{"x":10,"y":3},{"x":13,"y":2},{"x":14,"y":2},{"x":13,"y":3},{"x":13,"y":4},{"x":15,"y":2},{"x":15,"y":1},{"x":16,"y":1},{"x":16,"y":2},{"x":17,"y":2},{"x":15,"y":3},{"x":15,"y":4},{"x":14,"y":4},{"x":14,"y":3},{"x":18,"y":2},{"x":18,"y":1},{"x":19,"y":1},{"x":18,"y":3},{"x":18,"y":4},{"x":17,"y":4},{"x":17,"y":3},{"x":19,"y":2},{"x":19,"y":3},{"x":19,"y":4},{"x":20,"y":2},{"x":21,"y":2},{"x":20,"y":3},{"x":21,"y":3},{"x":21,"y":4},{"x":20,"y":4},{"x":22,"y":2},{"x":22,"y":3},{"x":22,"y":4},{"x":23,"y":2},{"x":23,"y":1},{"x":24,"y":1},{"x":25,"y":1},{"x":25,"y":2},{"x":26,"y":2},{"x":27,"y":2},{"x":26,"y":3},{"x":26,"y":4},{"x":25,"y":4},{"x":25,"y":3},{"x":24,"y":2},{"x":24,"y":3},{"x":28,"y":2},{"x":29,"y":2},{"x":29,"y":3},{"x":29,"y":4},{"x":28,"y":4},{"x":28,"y":3},{"x":27,"y":3},{"x":27,"y":1},{"x":28,"y":1},{"x":29,"y":1},{"x":30,"y":2},{"x":30,"y":3},{"x":31,"y":2},{"x":31,"y":3},{"x":32,"y":2},{"x":32,"y":3},{"x":33,"y":3},{"x":33,"y":4},{"x":32,"y":4},{"x":31,"y":4},{"x":30,"y":4},{"x":30,"y":1},{"x":31,"y":1},{"x":32,"y":1},{"x":33,"y":2},{"x":33,"y":1},{"x":34,"y":3},{"x":35,"y":3},{"x":35,"y":4},{"x":34,"y":4},{"x":34,"y":2},{"x":34,"y":1},{"x":35,"y":2},{"x":36,"y":2},{"x":36,"y":3},{"x":37,"y":4},{"x":36,"y":4},{"x":37,"y":2},{"x":37,"y":1},{"x":38,"y":1},{"x":39,"y":1},{"x":40,"y":1},{"x":38,"y":2},{"x":38,"y":3},{"x":38,"y":4},{"x":37,"y":3}],"terrainTextureId":"polygon_terrain_1","polygon":[{"x":105,"y":944},{"x":162,"y":915},{"x":363,"y":761},{"x":510,"y":884},{"x":464,"y":1083},{"x":651,"y":1126},{"x":800,"y":1114},{"x":951,"y":1046},{"x":1096,"y":947},{"x":1304,"y":1047},{"x":1255,"y":1150},{"x":1136,"y":1242},{"x":1278,"y":1367},{"x":1275,"y":1593},{"x":1404,"y":1714},{"x":1361,"y":1880},{"x":1409,"y":2038},{"x":1176,"y":2050},{"x":974,"y":2038},{"x":956,"y":1890},{"x":1063,"y":1667},{"x":1045,"y":1406},{"x":900,"y":1298},{"x":745,"y":1327},{"x":639,"y":1432},{"x":516,"y":1649},{"x":346,"y":1555},{"x":180,"y":1588},{"x":31,"y":1589},{"x":90,"y":1324},{"x":120,"y":1094}]},{"usedWorldBlocks":[{"x":0,"y":1},{"x":1,"y":1},{"x":2,"y":1},{"x":3,"y":1},{"x":3,"y":0},{"x":4,"y":0},{"x":4,"y":1},{"x":5,"y":1},{"x":6,"y":1},{"x":6,"y":2},{"x":7,"y":2},{"x":7,"y":1},{"x":8,"y":1},{"x":9,"y":1},{"x":9,"y":2},{"x":8,"y":2},{"x":5,"y":2},{"x":4,"y":2},{"x":1,"y":2},{"x":5,"y":0},{"x":10,"y":1},{"x":11,"y":1},{"x":10,"y":2},{"x":11,"y":2},{"x":12,"y":1},{"x":12,"y":2},{"x":12,"y":3},{"x":12,"y":4},{"x":11,"y":4},{"x":11,"y":3},{"x":10,"y":3},{"x":13,"y":2},{"x":14,"y":2},{"x":13,"y":3},{"x":13,"y":4},{"x":15,"y":2},{"x":15,"y":1},{"x":16,"y":1},{"x":16,"y":2},{"x":17,"y":2},{"x":15,"y":3},{"x":15,"y":4},{"x":14,"y":4},{"x":14,"y":3},{"x":18,"y":2},{"x":18,"y":1},{"x":19,"y":1},{"x":18,"y":3},{"x":18,"y":4},{"x":17,"y":4},{"x":17,"y":3},{"x":19,"y":2},{"x":19,"y":3},{"x":19,"y":4},{"x":20,"y":2},{"x":21,"y":2},{"x":20,"y":3},{"x":21,"y":3},{"x":21,"y":4},{"x":20,"y":4},{"x":22,"y":2},{"x":22,"y":3},{"x":22,"y":4},{"x":23,"y":2},{"x":23,"y":1},{"x":24,"y":1},{"x":25,"y":1},{"x":25,"y":2},{"x":26,"y":2},{"x":27,"y":2},{"x":26,"y":3},{"x":26,"y":4},{"x":25,"y":4},{"x":25,"y":3},{"x":24,"y":2},{"x":24,"y":3},{"x":28,"y":2},{"x":29,"y":2},{"x":29,"y":3},{"x":29,"y":4},{"x":28,"y":4},{"x":28,"y":3},{"x":27,"y":3},{"x":27,"y":1},{"x":28,"y":1},{"x":29,"y":1},{"x":30,"y":2},{"x":30,"y":3},{"x":31,"y":2},{"x":31,"y":3},{"x":32,"y":2},{"x":32,"y":3},{"x":33,"y":3},{"x":33,"y":4},{"x":32,"y":4},{"x":31,"y":4},{"x":30,"y":4},{"x":30,"y":1},{"x":31,"y":1},{"x":32,"y":1},{"x":33,"y":2},{"x":33,"y":1},{"x":34,"y":3},{"x":35,"y":3},{"x":35,"y":4},{"x":34,"y":4},{"x":34,"y":2},{"x":34,"y":1},{"x":35,"y":2},{"x":36,"y":2},{"x":36,"y":3},{"x":37,"y":4},{"x":36,"y":4},{"x":37,"y":2},{"x":37,"y":1},{"x":38,"y":1},{"x":39,"y":1},{"x":40,"y":1},{"x":38,"y":2},{"x":38,"y":3},{"x":38,"y":4},{"x":37,"y":3}],"terrainTextureId":"polygon_terrain_1","polygon":[{"x":1536,"y":1262},{"x":1693,"y":1293},{"x":1841,"y":1311},{"x":2116,"y":1274},{"x":2105,"y":1346},{"x":1924,"y":1496},{"x":1919,"y":1646},{"x":1979,"y":1801},{"x":1907,"y":2067},{"x":1748,"y":2065},{"x":1586,"y":2063},{"x":1629,"y":1919},{"x":1730,"y":1806},{"x":1727,"y":1593},{"x":1536,"y":1412}]},{"usedWorldBlocks":[{"x":0,"y":1},{"x":1,"y":1},{"x":2,"y":1},{"x":3,"y":1},{"x":3,"y":0},{"x":4,"y":0},{"x":4,"y":1},{"x":5,"y":1},{"x":6,"y":1},{"x":6,"y":2},{"x":7,"y":2},{"x":7,"y":1},{"x":8,"y":1},{"x":9,"y":1},{"x":9,"y":2},{"x":8,"y":2},{"x":5,"y":2},{"x":4,"y":2},{"x":1,"y":2},{"x":5,"y":0},{"x":10,"y":1},{"x":11,"y":1},{"x":10,"y":2},{"x":11,"y":2},{"x":12,"y":1},{"x":12,"y":2},{"x":12,"y":3},{"x":12,"y":4},{"x":11,"y":4},{"x":11,"y":3},{"x":10,"y":3},{"x":13,"y":2},{"x":14,"y":2},{"x":13,"y":3},{"x":13,"y":4},{"x":15,"y":2},{"x":15,"y":1},{"x":16,"y":1},{"x":16,"y":2},{"x":17,"y":2},{"x":15,"y":3},{"x":15,"y":4},{"x":14,"y":4},{"x":14,"y":3},{"x":18,"y":2},{"x":18,"y":1},{"x":19,"y":1},{"x":18,"y":3},{"x":18,"y":4},{"x":17,"y":4},{"x":17,"y":3},{"x":19,"y":2},{"x":19,"y":3},{"x":19,"y":4},{"x":20,"y":2},{"x":21,"y":2},{"x":20,"y":3},{"x":21,"y":3},{"x":21,"y":4},{"x":20,"y":4},{"x":22,"y":2},{"x":22,"y":3},{"x":22,"y":4},{"x":23,"y":2},{"x":23,"y":1},{"x":24,"y":1},{"x":25,"y":1},{"x":25,"y":2},{"x":26,"y":2},{"x":27,"y":2},{"x":26,"y":3},{"x":26,"y":4},{"x":25,"y":4},{"x":25,"y":3},{"x":24,"y":2},{"x":24,"y":3},{"x":28,"y":2},{"x":29,"y":2},{"x":29,"y":3},{"x":29,"y":4},{"x":28,"y":4},{"x":28,"y":3},{"x":27,"y":3},{"x":27,"y":1},{"x":28,"y":1},{"x":29,"y":1},{"x":30,"y":2},{"x":30,"y":3},{"x":31,"y":2},{"x":31,"y":3},{"x":32,"y":2},{"x":32,"y":3},{"x":33,"y":3},{"x":33,"y":4},{"x":32,"y":4},{"x":31,"y":4},{"x":30,"y":4},{"x":30,"y":1},{"x":31,"y":1},{"x":32,"y":1},{"x":33,"y":2},{"x":33,"y":1},{"x":34,"y":3},{"x":35,"y":3},{"x":35,"y":4},{"x":34,"y":4},{"x":34,"y":2},{"x":34,"y":1},{"x":35,"y":2},{"x":36,"y":2},{"x":36,"y":3},{"x":37,"y":4},{"x":36,"y":4},{"x":37,"y":2},{"x":37,"y":1},{"x":38,"y":1},{"x":39,"y":1},{"x":40,"y":1},{"x":38,"y":2},{"x":38,"y":3},{"x":38,"y":4},{"x":37,"y":3}],"terrainTextureId":"polygon_terrain_1","polygon":[{"x":2328,"y":1334},{"x":2464,"y":1270},{"x":2579,"y":1148},{"x":2722,"y":1088},{"x":2903,"y":989},{"x":2966,"y":909},{"x":3095,"y":911},{"x":3233,"y":969},{"x":3345,"y":1067},{"x":3510,"y":1086},{"x":3535,"y":1164},{"x":3411,"y":1200},{"x":3279,"y":1272},{"x":3073,"y":1185},{"x":2928,"y":1223},{"x":2800,"y":1414},{"x":2881,"y":1550},{"x":2874,"y":1771},{"x":2869,"y":1910},{"x":2953,"y":2045},{"x":2805,"y":2047},{"x":2615,"y":2071},{"x":2497,"y":2033},{"x":2552,"y":1777},{"x":2488,"y":1558},{"x":2328,"y":1484}]},{"usedWorldBlocks":[{"x":0,"y":1},{"x":1,"y":1},{"x":2,"y":1},{"x":3,"y":1},{"x":3,"y":0},{"x":4,"y":0},{"x":4,"y":1},{"x":5,"y":1},{"x":6,"y":1},{"x":6,"y":2},{"x":7,"y":2},{"x":7,"y":1},{"x":8,"y":1},{"x":9,"y":1},{"x":9,"y":2},{"x":8,"y":2},{"x":5,"y":2},{"x":4,"y":2},{"x":1,"y":2},{"x":5,"y":0},{"x":10,"y":1},{"x":11,"y":1},{"x":10,"y":2},{"x":11,"y":2},{"x":12,"y":1},{"x":12,"y":2},{"x":12,"y":3},{"x":12,"y":4},{"x":11,"y":4},{"x":11,"y":3},{"x":10,"y":3},{"x":13,"y":2},{"x":14,"y":2},{"x":13,"y":3},{"x":13,"y":4},{"x":15,"y":2},{"x":15,"y":1},{"x":16,"y":1},{"x":16,"y":2},{"x":17,"y":2},{"x":15,"y":3},{"x":15,"y":4},{"x":14,"y":4},{"x":14,"y":3},{"x":18,"y":2},{"x":18,"y":1},{"x":19,"y":1},{"x":18,"y":3},{"x":18,"y":4},{"x":17,"y":4},{"x":17,"y":3},{"x":19,"y":2},{"x":19,"y":3},{"x":19,"y":4},{"x":20,"y":2},{"x":21,"y":2},{"x":20,"y":3},{"x":21,"y":3},{"x":21,"y":4},{"x":20,"y":4},{"x":22,"y":2},{"x":22,"y":3},{"x":22,"y":4},{"x":23,"y":2},{"x":23,"y":1},{"x":24,"y":1},{"x":25,"y":1},{"x":25,"y":2},{"x":26,"y":2},{"x":27,"y":2},{"x":26,"y":3},{"x":26,"y":4},{"x":25,"y":4},{"x":25,"y":3},{"x":24,"y":2},{"x":24,"y":3},{"x":28,"y":2},{"x":29,"y":2},{"x":29,"y":3},{"x":29,"y":4},{"x":28,"y":4},{"x":28,"y":3},{"x":27,"y":3},{"x":27,"y":1},{"x":28,"y":1},{"x":29,"y":1},{"x":30,"y":2},{"x":30,"y":3},{"x":31,"y":2},{"x":31,"y":3},{"x":32,"y":2},{"x":32,"y":3},{"x":33,"y":3},{"x":33,"y":4},{"x":32,"y":4},{"x":31,"y":4},{"x":30,"y":4},{"x":30,"y":1},{"x":31,"y":1},{"x":32,"y":1},{"x":33,"y":2},{"x":33,"y":1},{"x":34,"y":3},{"x":35,"y":3},{"x":35,"y":4},{"x":34,"y":4},{"x":34,"y":2},{"x":34,"y":1},{"x":35,"y":2},{"x":36,"y":2},{"x":36,"y":3},{"x":37,"y":4},{"x":36,"y":4},{"x":37,"y":2},{"x":37,"y":1},{"x":38,"y":1},{"x":39,"y":1},{"x":40,"y":1},{"x":38,"y":2},{"x":38,"y":3},{"x":38,"y":4},{"x":37,"y":3}],"terrainTextureId":"polygon_terrain_1","polygon":[{"x":3733,"y":1282},{"x":3839,"y":1223},{"x":3984,"y":1213},{"x":4102,"y":1121},{"x":4211,"y":995},{"x":4450,"y":850},{"x":4616,"y":986},{"x":4479,"y":1047},{"x":4328,"y":1188},{"x":4271,"y":1379},{"x":4115,"y":1427},{"x":4170,"y":1567},{"x":4159,"y":1726},{"x":4227,"y":1869},{"x":4319,"y":2044},{"x":4170,"y":2048},{"x":4010,"y":2054},{"x":3802,"y":2045},{"x":3868,"y":1910},{"x":3940,"y":1761},{"x":3897,"y":1616},{"x":3771,"y":1439}]},{"usedWorldBlocks":[{"x":0,"y":1},{"x":1,"y":1},{"x":2,"y":1},{"x":3,"y":1},{"x":3,"y":0},{"x":4,"y":0},{"x":4,"y":1},{"x":5,"y":1},{"x":6,"y":1},{"x":6,"y":2},{"x":7,"y":2},{"x":7,"y":1},{"x":8,"y":1},{"x":9,"y":1},{"x":9,"y":2},{"x":8,"y":2},{"x":5,"y":2},{"x":4,"y":2},{"x":1,"y":2},{"x":5,"y":0},{"x":10,"y":1},{"x":11,"y":1},{"x":10,"y":2},{"x":11,"y":2},{"x":12,"y":1},{"x":12,"y":2},{"x":12,"y":3},{"x":12,"y":4},{"x":11,"y":4},{"x":11,"y":3},{"x":10,"y":3},{"x":13,"y":2},{"x":14,"y":2},{"x":13,"y":3},{"x":13,"y":4},{"x":15,"y":2},{"x":15,"y":1},{"x":16,"y":1},{"x":16,"y":2},{"x":17,"y":2},{"x":15,"y":3},{"x":15,"y":4},{"x":14,"y":4},{"x":14,"y":3},{"x":18,"y":2},{"x":18,"y":1},{"x":19,"y":1},{"x":18,"y":3},{"x":18,"y":4},{"x":17,"y":4},{"x":17,"y":3},{"x":19,"y":2},{"x":19,"y":3},{"x":19,"y":4},{"x":20,"y":2},{"x":21,"y":2},{"x":20,"y":3},{"x":21,"y":3},{"x":21,"y":4},{"x":20,"y":4},{"x":22,"y":2},{"x":22,"y":3},{"x":22,"y":4},{"x":23,"y":2},{"x":23,"y":1},{"x":24,"y":1},{"x":25,"y":1},{"x":25,"y":2},{"x":26,"y":2},{"x":27,"y":2},{"x":26,"y":3},{"x":26,"y":4},{"x":25,"y":4},{"x":25,"y":3},{"x":24,"y":2},{"x":24,"y":3},{"x":28,"y":2},{"x":29,"y":2},{"x":29,"y":3},{"x":29,"y":4},{"x":28,"y":4},{"x":28,"y":3},{"x":27,"y":3},{"x":27,"y":1},{"x":28,"y":1},{"x":29,"y":1},{"x":30,"y":2},{"x":30,"y":3},{"x":31,"y":2},{"x":31,"y":3},{"x":32,"y":2},{"x":32,"y":3},{"x":33,"y":3},{"x":33,"y":4},{"x":32,"y":4},{"x":31,"y":4},{"x":30,"y":4},{"x":30,"y":1},{"x":31,"y":1},{"x":32,"y":1},{"x":33,"y":2},{"x":33,"y":1},{"x":34,"y":3},{"x":35,"y":3},{"x":35,"y":4},{"x":34,"y":4},{"x":34,"y":2},{"x":34,"y":1},{"x":35,"y":2},{"x":36,"y":2},{"x":36,"y":3},{"x":37,"y":4},{"x":36,"y":4},{"x":37,"y":2},{"x":37,"y":1},{"x":38,"y":1},{"x":39,"y":1},{"x":40,"y":1},{"x":38,"y":2},{"x":38,"y":3},{"x":38,"y":4},{"x":37,"y":3}],"terrainTextureId":"polygon_terrain_1","polygon":[{"x":4743,"y":1093},{"x":4834,"y":1052},{"x":4942,"y":1083},{"x":4903,"y":1227},{"x":4910,"y":1377},{"x":4957,"y":1535},{"x":4925,"y":1677},{"x":4972,"y":1854},{"x":4944,"y":2061},{"x":4794,"y":2054},{"x":4644,"y":2056},{"x":4448,"y":2059},{"x":4528,"y":1842},{"x":4695,"y":1749},{"x":4654,"y":1620},{"x":4722,"y":1453},{"x":4755,"y":1205}]}]],[[{"usedWorldBlocks":[{"x":0,"y":1},{"x":1,"y":1},{"x":2,"y":1},{"x":3,"y":1},{"x":3,"y":0},{"x":4,"y":0},{"x":4,"y":1},{"x":5,"y":1},{"x":6,"y":1},{"x":6,"y":2},{"x":7,"y":2},{"x":7,"y":1},{"x":8,"y":1},{"x":9,"y":1},{"x":9,"y":2},{"x":8,"y":2},{"x":5,"y":2},{"x":4,"y":2},{"x":1,"y":2},{"x":5,"y":0},{"x":10,"y":1},{"x":11,"y":1},{"x":10,"y":2},{"x":11,"y":2},{"x":12,"y":1},{"x":12,"y":2},{"x":12,"y":3},{"x":12,"y":4},{"x":11,"y":4},{"x":11,"y":3},{"x":10,"y":3},{"x":13,"y":2},{"x":14,"y":2},{"x":13,"y":3},{"x":13,"y":4},{"x":15,"y":2},{"x":15,"y":1},{"x":16,"y":1},{"x":16,"y":2},{"x":17,"y":2},{"x":15,"y":3},{"x":15,"y":4},{"x":14,"y":4},{"x":14,"y":3},{"x":18,"y":2},{"x":18,"y":1},{"x":19,"y":1},{"x":18,"y":3},{"x":18,"y":4},{"x":17,"y":4},{"x":17,"y":3},{"x":19,"y":2},{"x":19,"y":3},{"x":19,"y":4},{"x":20,"y":2},{"x":21,"y":2},{"x":20,"y":3},{"x":21,"y":3},{"x":21,"y":4},{"x":20,"y":4},{"x":22,"y":2},{"x":22,"y":3},{"x":22,"y":4},{"x":23,"y":2},{"x":23,"y":1},{"x":24,"y":1},{"x":25,"y":1},{"x":25,"y":2},{"x":26,"y":2},{"x":27,"y":2},{"x":26,"y":3},{"x":26,"y":4},{"x":25,"y":4},{"x":25,"y":3},{"x":24,"y":2},{"x":24,"y":3},{"x":28,"y":2},{"x":29,"y":2},{"x":29,"y":3},{"x":29,"y":4},{"x":28,"y":4},{"x":28,"y":3},{"x":27,"y":3},{"x":27,"y":1},{"x":28,"y":1},{"x":29,"y":1},{"x":30,"y":2},{"x":30,"y":3},{"x":31,"y":2},{"x":31,"y":3},{"x":32,"y":2},{"x":32,"y":3},{"x":33,"y":3},{"x":33,"y":4},{"x":32,"y":4},{"x":31,"y":4},{"x":30,"y":4},{"x":30,"y":1},{"x":31,"y":1},{"x":32,"y":1},{"x":33,"y":2},{"x":33,"y":1},{"x":34,"y":3},{"x":35,"y":3},{"x":35,"y":4},{"x":34,"y":4},{"x":34,"y":2},{"x":34,"y":1},{"x":35,"y":2},{"x":36,"y":2},{"x":36,"y":3},{"x":37,"y":4},{"x":36,"y":4},{"x":37,"y":2},{"x":37,"y":1},{"x":38,"y":1},{"x":39,"y":1},{"x":40,"y":1},{"x":38,"y":2},{"x":38,"y":3},{"x":38,"y":4},{"x":37,"y":3}],"terrainTextureId":"polygon_terrain_1","polygon":[{"x":202,"y":1228},{"x":345,"y":1171},{"x":533,"y":1190},{"x":488,"y":1333},{"x":527,"y":1479},{"x":486,"y":1633},{"x":553,"y":1782},{"x":636,"y":1906},{"x":646,"y":2081},{"x":485,"y":2084},{"x":188,"y":2079},{"x":276,"y":1958},{"x":225,"y":1799},{"x":307,"y":1638},{"x":260,"y":1495},{"x":207,"y":1328}]},{"usedWorldBlocks":[{"x":0,"y":1},{"x":1,"y":1},{"x":2,"y":1},{"x":3,"y":1},{"x":3,"y":0},{"x":4,"y":0},{"x":4,"y":1},{"x":5,"y":1},{"x":6,"y":1},{"x":6,"y":2},{"x":7,"y":2},{"x":7,"y":1},{"x":8,"y":1},{"x":9,"y":1},{"x":9,"y":2},{"x":8,"y":2},{"x":5,"y":2},{"x":4,"y":2},{"x":1,"y":2},{"x":5,"y":0},{"x":10,"y":1},{"x":11,"y":1},{"x":10,"y":2},{"x":11,"y":2},{"x":12,"y":1},{"x":12,"y":2},{"x":12,"y":3},{"x":12,"y":4},{"x":11,"y":4},{"x":11,"y":3},{"x":10,"y":3},{"x":13,"y":2},{"x":14,"y":2},{"x":13,"y":3},{"x":13,"y":4},{"x":15,"y":2},{"x":15,"y":1},{"x":16,"y":1},{"x":16,"y":2},{"x":17,"y":2},{"x":15,"y":3},{"x":15,"y":4},{"x":14,"y":4},{"x":14,"y":3},{"x":18,"y":2},{"x":18,"y":1},{"x":19,"y":1},{"x":18,"y":3},{"x":18,"y":4},{"x":17,"y":4},{"x":17,"y":3},{"x":19,"y":2},{"x":19,"y":3},{"x":19,"y":4},{"x":20,"y":2},{"x":21,"y":2},{"x":20,"y":3},{"x":21,"y":3},{"x":21,"y":4},{"x":20,"y":4},{"x":22,"y":2},{"x":22,"y":3},{"x":22,"y":4},{"x":23,"y":2},{"x":23,"y":1},{"x":24,"y":1},{"x":25,"y":1},{"x":25,"y":2},{"x":26,"y":2},{"x":27,"y":2},{"x":26,"y":3},{"x":26,"y":4},{"x":25,"y":4},{"x":25,"y":3},{"x":24,"y":2},{"x":24,"y":3},{"x":28,"y":2},{"x":29,"y":2},{"x":29,"y":3},{"x":29,"y":4},{"x":28,"y":4},{"x":28,"y":3},{"x":27,"y":3},{"x":27,"y":1},{"x":28,"y":1},{"x":29,"y":1},{"x":30,"y":2},{"x":30,"y":3},{"x":31,"y":2},{"x":31,"y":3},{"x":32,"y":2},{"x":32,"y":3},{"x":33,"y":3},{"x":33,"y":4},{"x":32,"y":4},{"x":31,"y":4},{"x":30,"y":4},{"x":30,"y":1},{"x":31,"y":1},{"x":32,"y":1},{"x":33,"y":2},{"x":33,"y":1},{"x":34,"y":3},{"x":35,"y":3},{"x":35,"y":4},{"x":34,"y":4},{"x":34,"y":2},{"x":34,"y":1},{"x":35,"y":2},{"x":36,"y":2},{"x":36,"y":3},{"x":37,"y":4},{"x":36,"y":4},{"x":37,"y":2},{"x":37,"y":1},{"x":38,"y":1},{"x":39,"y":1},{"x":40,"y":1},{"x":38,"y":2},{"x":38,"y":3},{"x":38,"y":4},{"x":37,"y":3}],"terrainTextureId":"polygon_terrain_1","polygon":[{"x":776,"y":1291},{"x":924,"y":1233},{"x":1084,"y":1077},{"x":1153,"y":1121},{"x":1240,"y":1253},{"x":1181,"y":1393},{"x":1086,"y":1459},{"x":1101,"y":1616},{"x":1195,"y":1754},{"x":1188,"y":1871},{"x":1356,"y":2039},{"x":1208,"y":2060},{"x":1043,"y":2083},{"x":856,"y":2056},{"x":972,"y":1796},{"x":870,"y":1668},{"x":776,"y":1441}]},{"usedWorldBlocks":[{"x":0,"y":1},{"x":1,"y":1},{"x":2,"y":1},{"x":3,"y":1},{"x":3,"y":0},{"x":4,"y":0},{"x":4,"y":1},{"x":5,"y":1},{"x":6,"y":1},{"x":6,"y":2},{"x":7,"y":2},{"x":7,"y":1},{"x":8,"y":1},{"x":9,"y":1},{"x":9,"y":2},{"x":8,"y":2},{"x":5,"y":2},{"x":4,"y":2},{"x":1,"y":2},{"x":5,"y":0},{"x":10,"y":1},{"x":11,"y":1},{"x":10,"y":2},{"x":11,"y":2},{"x":12,"y":1},{"x":12,"y":2},{"x":12,"y":3},{"x":12,"y":4},{"x":11,"y":4},{"x":11,"y":3},{"x":10,"y":3},{"x":13,"y":2},{"x":14,"y":2},{"x":13,"y":3},{"x":13,"y":4},{"x":15,"y":2},{"x":15,"y":1},{"x":16,"y":1},{"x":16,"y":2},{"x":17,"y":2},{"x":15,"y":3},{"x":15,"y":4},{"x":14,"y":4},{"x":14,"y":3},{"x":18,"y":2},{"x":18,"y":1},{"x":19,"y":1},{"x":18,"y":3},{"x":18,"y":4},{"x":17,"y":4},{"x":17,"y":3},{"x":19,"y":2},{"x":19,"y":3},{"x":19,"y":4},{"x":20,"y":2},{"x":21,"y":2},{"x":20,"y":3},{"x":21,"y":3},{"x":21,"y":4},{"x":20,"y":4},{"x":22,"y":2},{"x":22,"y":3},{"x":22,"y":4},{"x":23,"y":2},{"x":23,"y":1},{"x":24,"y":1},{"x":25,"y":1},{"x":25,"y":2},{"x":26,"y":2},{"x":27,"y":2},{"x":26,"y":3},{"x":26,"y":4},{"x":25,"y":4},{"x":25,"y":3},{"x":24,"y":2},{"x":24,"y":3},{"x":28,"y":2},{"x":29,"y":2},{"x":29,"y":3},{"x":29,"y":4},{"x":28,"y":4},{"x":28,"y":3},{"x":27,"y":3},{"x":27,"y":1},{"x":28,"y":1},{"x":29,"y":1},{"x":30,"y":2},{"x":30,"y":3},{"x":31,"y":2},{"x":31,"y":3},{"x":32,"y":2},{"x":32,"y":3},{"x":33,"y":3},{"x":33,"y":4},{"x":32,"y":4},{"x":31,"y":4},{"x":30,"y":4},{"x":30,"y":1},{"x":31,"y":1},{"x":32,"y":1},{"x":33,"y":2},{"x":33,"y":1},{"x":34,"y":3},{"x":35,"y":3},{"x":35,"y":4},{"x":34,"y":4},{"x":34,"y":2},{"x":34,"y":1},{"x":35,"y":2},{"x":36,"y":2},{"x":36,"y":3},{"x":37,"y":4},{"x":36,"y":4},{"x":37,"y":2},{"x":37,"y":1},{"x":38,"y":1},{"x":39,"y":1},{"x":40,"y":1},{"x":38,"y":2},{"x":38,"y":3},{"x":38,"y":4},{"x":37,"y":3}],"terrainTextureId":"polygon_terrain_1","polygon":[{"x":1577,"y":1008},{"x":1633,"y":966},{"x":1776,"y":921},{"x":1912,"y":836},{"x":2014,"y":698},{"x":2116,"y":741},{"x":2393,"y":701},{"x":2536,"y":777},{"x":2771,"y":800},{"x":2971,"y":1015},{"x":3103,"y":1093},{"x":3324,"y":1136},{"x":3503,"y":1051},{"x":3536,"y":1120},{"x":3452,"y":1325},{"x":3391,"y":1462},{"x":3330,"y":1612},{"x":3342,"y":1795},{"x":3416,"y":1925},{"x":3359,"y":2089},{"x":3170,"y":2065},{"x":3010,"y":2048},{"x":2836,"y":2056},{"x":2853,"y":1907},{"x":2873,"y":1738},{"x":2764,"y":1468},{"x":2722,"y":1324},{"x":2679,"y":1178},{"x":2517,"y":1153},{"x":2406,"y":959},{"x":2236,"y":957},{"x":2151,"y":1095},{"x":2245,"y":1212},{"x":2343,"y":1335},{"x":2366,"y":1483},{"x":2409,"y":1760},{"x":2138,"y":1666},{"x":2093,"y":1523},{"x":2036,"y":1340},{"x":1922,"y":1177},{"x":1714,"y":1162},{"x":1608,"y":1138}]},{"usedWorldBlocks":[{"x":0,"y":1},{"x":1,"y":1},{"x":2,"y":1},{"x":3,"y":1},{"x":3,"y":0},{"x":4,"y":0},{"x":4,"y":1},{"x":5,"y":1},{"x":6,"y":1},{"x":6,"y":2},{"x":7,"y":2},{"x":7,"y":1},{"x":8,"y":1},{"x":9,"y":1},{"x":9,"y":2},{"x":8,"y":2},{"x":5,"y":2},{"x":4,"y":2},{"x":1,"y":2},{"x":5,"y":0},{"x":10,"y":1},{"x":11,"y":1},{"x":10,"y":2},{"x":11,"y":2},{"x":12,"y":1},{"x":12,"y":2},{"x":12,"y":3},{"x":12,"y":4},{"x":11,"y":4},{"x":11,"y":3},{"x":10,"y":3},{"x":13,"y":2},{"x":14,"y":2},{"x":13,"y":3},{"x":13,"y":4},{"x":15,"y":2},{"x":15,"y":1},{"x":16,"y":1},{"x":16,"y":2},{"x":17,"y":2},{"x":15,"y":3},{"x":15,"y":4},{"x":14,"y":4},{"x":14,"y":3},{"x":18,"y":2},{"x":18,"y":1},{"x":19,"y":1},{"x":18,"y":3},{"x":18,"y":4},{"x":17,"y":4},{"x":17,"y":3},{"x":19,"y":2},{"x":19,"y":3},{"x":19,"y":4},{"x":20,"y":2},{"x":21,"y":2},{"x":20,"y":3},{"x":21,"y":3},{"x":21,"y":4},{"x":20,"y":4},{"x":22,"y":2},{"x":22,"y":3},{"x":22,"y":4},{"x":23,"y":2},{"x":23,"y":1},{"x":24,"y":1},{"x":25,"y":1},{"x":25,"y":2},{"x":26,"y":2},{"x":27,"y":2},{"x":26,"y":3},{"x":26,"y":4},{"x":25,"y":4},{"x":25,"y":3},{"x":24,"y":2},{"x":24,"y":3},{"x":28,"y":2},{"x":29,"y":2},{"x":29,"y":3},{"x":29,"y":4},{"x":28,"y":4},{"x":28,"y":3},{"x":27,"y":3},{"x":27,"y":1},{"x":28,"y":1},{"x":29,"y":1},{"x":30,"y":2},{"x":30,"y":3},{"x":31,"y":2},{"x":31,"y":3},{"x":32,"y":2},{"x":32,"y":3},{"x":33,"y":3},{"x":33,"y":4},{"x":32,"y":4},{"x":31,"y":4},{"x":30,"y":4},{"x":30,"y":1},{"x":31,"y":1},{"x":32,"y":1},{"x":33,"y":2},{"x":33,"y":1},{"x":34,"y":3},{"x":35,"y":3},{"x":35,"y":4},{"x":34,"y":4},{"x":34,"y":2},{"x":34,"y":1},{"x":35,"y":2},{"x":36,"y":2},{"x":36,"y":3},{"x":37,"y":4},{"x":36,"y":4},{"x":37,"y":2},{"x":37,"y":1},{"x":38,"y":1},{"x":39,"y":1},{"x":40,"y":1},{"x":38,"y":2},{"x":38,"y":3},{"x":38,"y":4},{"x":37,"y":3}],"terrainTextureId":"polygon_terrain_1","polygon":[{"x":3752,"y":1379},{"x":3900,"y":1396},{"x":4057,"y":1381},{"x":4198,"y":1433},{"x":4356,"y":1444},{"x":4551,"y":1398},{"x":4711,"y":1371},{"x":4883,"y":1249},{"x":4954,"y":1329},{"x":4834,"y":1481},{"x":4815,"y":1658},{"x":4722,"y":1775},{"x":4726,"y":1884},{"x":4826,"y":2046},{"x":4676,"y":2043},{"x":4518,"y":2039},{"x":4347,"y":2038},{"x":4183,"y":2050},{"x":4029,"y":2088},{"x":4045,"y":1939},{"x":4103,"y":1794},{"x":4078,"y":1633},{"x":3902,"y":1529},{"x":3759,"y":1484}]},{"usedWorldBlocks":[{"x":0,"y":1},{"x":1,"y":1},{"x":2,"y":1},{"x":3,"y":1},{"x":3,"y":0},{"x":4,"y":0},{"x":4,"y":1},{"x":5,"y":1},{"x":6,"y":1},{"x":6,"y":2},{"x":7,"y":2},{"x":7,"y":1},{"x":8,"y":1},{"x":9,"y":1},{"x":9,"y":2},{"x":8,"y":2},{"x":5,"y":2},{"x":4,"y":2},{"x":1,"y":2},{"x":5,"y":0},{"x":10,"y":1},{"x":11,"y":1},{"x":10,"y":2},{"x":11,"y":2},{"x":12,"y":1},{"x":12,"y":2},{"x":12,"y":3},{"x":12,"y":4},{"x":11,"y":4},{"x":11,"y":3},{"x":10,"y":3},{"x":13,"y":2},{"x":14,"y":2},{"x":13,"y":3},{"x":13,"y":4},{"x":15,"y":2},{"x":15,"y":1},{"x":16,"y":1},{"x":16,"y":2},{"x":17,"y":2},{"x":15,"y":3},{"x":15,"y":4},{"x":14,"y":4},{"x":14,"y":3},{"x":18,"y":2},{"x":18,"y":1},{"x":19,"y":1},{"x":18,"y":3},{"x":18,"y":4},{"x":17,"y":4},{"x":17,"y":3},{"x":19,"y":2},{"x":19,"y":3},{"x":19,"y":4},{"x":20,"y":2},{"x":21,"y":2},{"x":20,"y":3},{"x":21,"y":3},{"x":21,"y":4},{"x":20,"y":4},{"x":22,"y":2},{"x":22,"y":3},{"x":22,"y":4},{"x":23,"y":2},{"x":23,"y":1},{"x":24,"y":1},{"x":25,"y":1},{"x":25,"y":2},{"x":26,"y":2},{"x":27,"y":2},{"x":26,"y":3},{"x":26,"y":4},{"x":25,"y":4},{"x":25,"y":3},{"x":24,"y":2},{"x":24,"y":3},{"x":28,"y":2},{"x":29,"y":2},{"x":29,"y":3},{"x":29,"y":4},{"x":28,"y":4},{"x":28,"y":3},{"x":27,"y":3},{"x":27,"y":1},{"x":28,"y":1},{"x":29,"y":1},{"x":30,"y":2},{"x":30,"y":3},{"x":31,"y":2},{"x":31,"y":3},{"x":32,"y":2},{"x":32,"y":3},{"x":33,"y":3},{"x":33,"y":4},{"x":32,"y":4},{"x":31,"y":4},{"x":30,"y":4},{"x":30,"y":1},{"x":31,"y":1},{"x":32,"y":1},{"x":33,"y":2},{"x":33,"y":1},{"x":34,"y":3},{"x":35,"y":3},{"x":35,"y":4},{"x":34,"y":4},{"x":34,"y":2},{"x":34,"y":1},{"x":35,"y":2},{"x":36,"y":2},{"x":36,"y":3},{"x":37,"y":4},{"x":36,"y":4},{"x":37,"y":2},{"x":37,"y":1},{"x":38,"y":1},{"x":39,"y":1},{"x":40,"y":1},{"x":38,"y":2},{"x":38,"y":3},{"x":38,"y":4},{"x":37,"y":3}],"terrainTextureId":"polygon_terrain_1","polygon":[{"x":3851,"y":987},{"x":4052,"y":970},{"x":4184,"y":894},{"x":4277,"y":777},{"x":4424,"y":745},{"x":4569,"y":707},{"x":4787,"y":586},{"x":4870,"y":656},{"x":4792,"y":791},{"x":4768,"y":984},{"x":4534,"y":994},{"x":4390,"y":1128},{"x":4183,"y":1092},{"x":4061,"y":1101},{"x":3876,"y":1056}]}]],[[{"usedWorldBlocks":[{"x":0,"y":1},{"x":1,"y":1},{"x":2,"y":1},{"x":3,"y":1},{"x":3,"y":0},{"x":4,"y":0},{"x":4,"y":1},{"x":5,"y":1},{"x":6,"y":1},{"x":6,"y":2},{"x":7,"y":2},{"x":7,"y":1},{"x":8,"y":1},{"x":9,"y":1},{"x":9,"y":2},{"x":8,"y":2},{"x":5,"y":2},{"x":4,"y":2},{"x":1,"y":2},{"x":5,"y":0},{"x":10,"y":1},{"x":11,"y":1},{"x":10,"y":2},{"x":11,"y":2},{"x":12,"y":1},{"x":12,"y":2},{"x":12,"y":3},{"x":12,"y":4},{"x":11,"y":4},{"x":11,"y":3},{"x":10,"y":3},{"x":13,"y":2},{"x":14,"y":2},{"x":13,"y":3},{"x":13,"y":4},{"x":15,"y":2},{"x":15,"y":1},{"x":16,"y":1},{"x":16,"y":2},{"x":17,"y":2},{"x":15,"y":3},{"x":15,"y":4},{"x":14,"y":4},{"x":14,"y":3},{"x":18,"y":2},{"x":18,"y":1},{"x":19,"y":1},{"x":18,"y":3},{"x":18,"y":4},{"x":17,"y":4},{"x":17,"y":3},{"x":19,"y":2},{"x":19,"y":3},{"x":19,"y":4},{"x":20,"y":2},{"x":21,"y":2},{"x":20,"y":3},{"x":21,"y":3},{"x":21,"y":4},{"x":20,"y":4},{"x":22,"y":2},{"x":22,"y":3},{"x":22,"y":4},{"x":23,"y":2},{"x":23,"y":1},{"x":24,"y":1},{"x":25,"y":1},{"x":25,"y":2},{"x":26,"y":2},{"x":27,"y":2},{"x":26,"y":3},{"x":26,"y":4},{"x":25,"y":4},{"x":25,"y":3},{"x":24,"y":2},{"x":24,"y":3},{"x":28,"y":2},{"x":29,"y":2},{"x":29,"y":3},{"x":29,"y":4},{"x":28,"y":4},{"x":28,"y":3},{"x":27,"y":3},{"x":27,"y":1},{"x":28,"y":1},{"x":29,"y":1},{"x":30,"y":2},{"x":30,"y":3},{"x":31,"y":2},{"x":31,"y":3},{"x":32,"y":2},{"x":32,"y":3},{"x":33,"y":3},{"x":33,"y":4},{"x":32,"y":4},{"x":31,"y":4},{"x":30,"y":4},{"x":30,"y":1},{"x":31,"y":1},{"x":32,"y":1},{"x":33,"y":2},{"x":33,"y":1},{"x":34,"y":3},{"x":35,"y":3},{"x":35,"y":4},{"x":34,"y":4},{"x":34,"y":2},{"x":34,"y":1},{"x":35,"y":2},{"x":36,"y":2},{"x":36,"y":3},{"x":37,"y":4},{"x":36,"y":4},{"x":37,"y":2},{"x":37,"y":1},{"x":38,"y":1},{"x":39,"y":1},{"x":40,"y":1},{"x":38,"y":2},{"x":38,"y":3},{"x":38,"y":4},{"x":37,"y":3}],"terrainTextureId":"polygon_terrain_1","polygon":[{"x":198,"y":1390},{"x":346,"y":1344},{"x":387,"y":1491},{"x":488,"y":1537},{"x":560,"y":1378},{"x":652,"y":1417},{"x":805,"y":1382},{"x":850,"y":1504},{"x":958,"y":1481},{"x":1062,"y":1397},{"x":1281,"y":1528},{"x":1355,"y":1694},{"x":1509,"y":1808},{"x":1628,"y":2051},{"x":1478,"y":2054},{"x":1308,"y":2058},{"x":1028,"y":2047},{"x":1127,"y":1906},{"x":1013,"y":1742},{"x":866,"y":1714},{"x":718,"y":1686},{"x":606,"y":1833},{"x":749,"y":2051},{"x":599,"y":2055},{"x":323,"y":2062},{"x":402,"y":1898},{"x":341,"y":1622},{"x":198,"y":1540}]},{"usedWorldBlocks":[{"x":0,"y":1},{"x":1,"y":1},{"x":2,"y":1},{"x":3,"y":1},{"x":3,"y":0},{"x":4,"y":0},{"x":4,"y":1},{"x":5,"y":1},{"x":6,"y":1},{"x":6,"y":2},{"x":7,"y":2},{"x":7,"y":1},{"x":8,"y":1},{"x":9,"y":1},{"x":9,"y":2},{"x":8,"y":2},{"x":5,"y":2},{"x":4,"y":2},{"x":1,"y":2},{"x":5,"y":0},{"x":10,"y":1},{"x":11,"y":1},{"x":10,"y":2},{"x":11,"y":2},{"x":12,"y":1},{"x":12,"y":2},{"x":12,"y":3},{"x":12,"y":4},{"x":11,"y":4},{"x":11,"y":3},{"x":10,"y":3},{"x":13,"y":2},{"x":14,"y":2},{"x":13,"y":3},{"x":13,"y":4},{"x":15,"y":2},{"x":15,"y":1},{"x":16,"y":1},{"x":16,"y":2},{"x":17,"y":2},{"x":15,"y":3},{"x":15,"y":4},{"x":14,"y":4},{"x":14,"y":3},{"x":18,"y":2},{"x":18,"y":1},{"x":19,"y":1},{"x":18,"y":3},{"x":18,"y":4},{"x":17,"y":4},{"x":17,"y":3},{"x":19,"y":2},{"x":19,"y":3},{"x":19,"y":4},{"x":20,"y":2},{"x":21,"y":2},{"x":20,"y":3},{"x":21,"y":3},{"x":21,"y":4},{"x":20,"y":4},{"x":22,"y":2},{"x":22,"y":3},{"x":22,"y":4},{"x":23,"y":2},{"x":23,"y":1},{"x":24,"y":1},{"x":25,"y":1},{"x":25,"y":2},{"x":26,"y":2},{"x":27,"y":2},{"x":26,"y":3},{"x":26,"y":4},{"x":25,"y":4},{"x":25,"y":3},{"x":24,"y":2},{"x":24,"y":3},{"x":28,"y":2},{"x":29,"y":2},{"x":29,"y":3},{"x":29,"y":4},{"x":28,"y":4},{"x":28,"y":3},{"x":27,"y":3},{"x":27,"y":1},{"x":28,"y":1},{"x":29,"y":1},{"x":30,"y":2},{"x":30,"y":3},{"x":31,"y":2},{"x":31,"y":3},{"x":32,"y":2},{"x":32,"y":3},{"x":33,"y":3},{"x":33,"y":4},{"x":32,"y":4},{"x":31,"y":4},{"x":30,"y":4},{"x":30,"y":1},{"x":31,"y":1},{"x":32,"y":1},{"x":33,"y":2},{"x":33,"y":1},{"x":34,"y":3},{"x":35,"y":3},{"x":35,"y":4},{"x":34,"y":4},{"x":34,"y":2},{"x":34,"y":1},{"x":35,"y":2},{"x":36,"y":2},{"x":36,"y":3},{"x":37,"y":4},{"x":36,"y":4},{"x":37,"y":2},{"x":37,"y":1},{"x":38,"y":1},{"x":39,"y":1},{"x":40,"y":1},{"x":38,"y":2},{"x":38,"y":3},{"x":38,"y":4},{"x":37,"y":3}],"terrainTextureId":"polygon_terrain_1","polygon":[{"x":135,"y":754},{"x":280,"y":718},{"x":434,"y":717},{"x":572,"y":648},{"x":739,"y":608},{"x":1000,"y":689},{"x":1110,"y":809},{"x":1055,"y":902},{"x":1059,"y":1016},{"x":839,"y":950},{"x":578,"y":1038},{"x":381,"y":1052},{"x":285,"y":904},{"x":184,"y":860}]},{"usedWorldBlocks":[{"x":0,"y":1},{"x":1,"y":1},{"x":2,"y":1},{"x":3,"y":1},{"x":3,"y":0},{"x":4,"y":0},{"x":4,"y":1},{"x":5,"y":1},{"x":6,"y":1},{"x":6,"y":2},{"x":7,"y":2},{"x":7,"y":1},{"x":8,"y":1},{"x":9,"y":1},{"x":9,"y":2},{"x":8,"y":2},{"x":5,"y":2},{"x":4,"y":2},{"x":1,"y":2},{"x":5,"y":0},{"x":10,"y":1},{"x":11,"y":1},{"x":10,"y":2},{"x":11,"y":2},{"x":12,"y":1},{"x":12,"y":2},{"x":12,"y":3},{"x":12,"y":4},{"x":11,"y":4},{"x":11,"y":3},{"x":10,"y":3},{"x":13,"y":2},{"x":14,"y":2},{"x":13,"y":3},{"x":13,"y":4},{"x":15,"y":2},{"x":15,"y":1},{"x":16,"y":1},{"x":16,"y":2},{"x":17,"y":2},{"x":15,"y":3},{"x":15,"y":4},{"x":14,"y":4},{"x":14,"y":3},{"x":18,"y":2},{"x":18,"y":1},{"x":19,"y":1},{"x":18,"y":3},{"x":18,"y":4},{"x":17,"y":4},{"x":17,"y":3},{"x":19,"y":2},{"x":19,"y":3},{"x":19,"y":4},{"x":20,"y":2},{"x":21,"y":2},{"x":20,"y":3},{"x":21,"y":3},{"x":21,"y":4},{"x":20,"y":4},{"x":22,"y":2},{"x":22,"y":3},{"x":22,"y":4},{"x":23,"y":2},{"x":23,"y":1},{"x":24,"y":1},{"x":25,"y":1},{"x":25,"y":2},{"x":26,"y":2},{"x":27,"y":2},{"x":26,"y":3},{"x":26,"y":4},{"x":25,"y":4},{"x":25,"y":3},{"x":24,"y":2},{"x":24,"y":3},{"x":28,"y":2},{"x":29,"y":2},{"x":29,"y":3},{"x":29,"y":4},{"x":28,"y":4},{"x":28,"y":3},{"x":27,"y":3},{"x":27,"y":1},{"x":28,"y":1},{"x":29,"y":1},{"x":30,"y":2},{"x":30,"y":3},{"x":31,"y":2},{"x":31,"y":3},{"x":32,"y":2},{"x":32,"y":3},{"x":33,"y":3},{"x":33,"y":4},{"x":32,"y":4},{"x":31,"y":4},{"x":30,"y":4},{"x":30,"y":1},{"x":31,"y":1},{"x":32,"y":1},{"x":33,"y":2},{"x":33,"y":1},{"x":34,"y":3},{"x":35,"y":3},{"x":35,"y":4},{"x":34,"y":4},{"x":34,"y":2},{"x":34,"y":1},{"x":35,"y":2},{"x":36,"y":2},{"x":36,"y":3},{"x":37,"y":4},{"x":36,"y":4},{"x":37,"y":2},{"x":37,"y":1},{"x":38,"y":1},{"x":39,"y":1},{"x":40,"y":1},{"x":38,"y":2},{"x":38,"y":3},{"x":38,"y":4},{"x":37,"y":3}],"terrainTextureId":"polygon_terrain_1","polygon":[{"x":1348,"y":992},{"x":1504,"y":1012},{"x":1652,"y":974},{"x":1700,"y":1042},{"x":1588,"y":1129},{"x":1526,"y":1238},{"x":1375,"y":1114}]},{"usedWorldBlocks":[{"x":0,"y":1},{"x":1,"y":1},{"x":2,"y":1},{"x":3,"y":1},{"x":3,"y":0},{"x":4,"y":0},{"x":4,"y":1},{"x":5,"y":1},{"x":6,"y":1},{"x":6,"y":2},{"x":7,"y":2},{"x":7,"y":1},{"x":8,"y":1},{"x":9,"y":1},{"x":9,"y":2},{"x":8,"y":2},{"x":5,"y":2},{"x":4,"y":2},{"x":1,"y":2},{"x":5,"y":0},{"x":10,"y":1},{"x":11,"y":1},{"x":10,"y":2},{"x":11,"y":2},{"x":12,"y":1},{"x":12,"y":2},{"x":12,"y":3},{"x":12,"y":4},{"x":11,"y":4},{"x":11,"y":3},{"x":10,"y":3},{"x":13,"y":2},{"x":14,"y":2},{"x":13,"y":3},{"x":13,"y":4},{"x":15,"y":2},{"x":15,"y":1},{"x":16,"y":1},{"x":16,"y":2},{"x":17,"y":2},{"x":15,"y":3},{"x":15,"y":4},{"x":14,"y":4},{"x":14,"y":3},{"x":18,"y":2},{"x":18,"y":1},{"x":19,"y":1},{"x":18,"y":3},{"x":18,"y":4},{"x":17,"y":4},{"x":17,"y":3},{"x":19,"y":2},{"x":19,"y":3},{"x":19,"y":4},{"x":20,"y":2},{"x":21,"y":2},{"x":20,"y":3},{"x":21,"y":3},{"x":21,"y":4},{"x":20,"y":4},{"x":22,"y":2},{"x":22,"y":3},{"x":22,"y":4},{"x":23,"y":2},{"x":23,"y":1},{"x":24,"y":1},{"x":25,"y":1},{"x":25,"y":2},{"x":26,"y":2},{"x":27,"y":2},{"x":26,"y":3},{"x":26,"y":4},{"x":25,"y":4},{"x":25,"y":3},{"x":24,"y":2},{"x":24,"y":3},{"x":28,"y":2},{"x":29,"y":2},{"x":29,"y":3},{"x":29,"y":4},{"x":28,"y":4},{"x":28,"y":3},{"x":27,"y":3},{"x":27,"y":1},{"x":28,"y":1},{"x":29,"y":1},{"x":30,"y":2},{"x":30,"y":3},{"x":31,"y":2},{"x":31,"y":3},{"x":32,"y":2},{"x":32,"y":3},{"x":33,"y":3},{"x":33,"y":4},{"x":32,"y":4},{"x":31,"y":4},{"x":30,"y":4},{"x":30,"y":1},{"x":31,"y":1},{"x":32,"y":1},{"x":33,"y":2},{"x":33,"y":1},{"x":34,"y":3},{"x":35,"y":3},{"x":35,"y":4},{"x":34,"y":4},{"x":34,"y":2},{"x":34,"y":1},{"x":35,"y":2},{"x":36,"y":2},{"x":36,"y":3},{"x":37,"y":4},{"x":36,"y":4},{"x":37,"y":2},{"x":37,"y":1},{"x":38,"y":1},{"x":39,"y":1},{"x":40,"y":1},{"x":38,"y":2},{"x":38,"y":3},{"x":38,"y":4},{"x":37,"y":3}],"terrainTextureId":"polygon_terrain_1","polygon":[{"x":2071,"y":1652},{"x":2133,"y":1611},{"x":2358,"y":1585},{"x":2531,"y":1506},{"x":2567,"y":1604},{"x":2504,"y":1737},{"x":2448,"y":1859},{"x":2607,"y":2055},{"x":2457,"y":2055},{"x":2196,"y":2054},{"x":1928,"y":2034},{"x":2064,"y":1834}]},{"usedWorldBlocks":[{"x":0,"y":1},{"x":1,"y":1},{"x":2,"y":1},{"x":3,"y":1},{"x":3,"y":0},{"x":4,"y":0},{"x":4,"y":1},{"x":5,"y":1},{"x":6,"y":1},{"x":6,"y":2},{"x":7,"y":2},{"x":7,"y":1},{"x":8,"y":1},{"x":9,"y":1},{"x":9,"y":2},{"x":8,"y":2},{"x":5,"y":2},{"x":4,"y":2},{"x":1,"y":2},{"x":5,"y":0},{"x":10,"y":1},{"x":11,"y":1},{"x":10,"y":2},{"x":11,"y":2},{"x":12,"y":1},{"x":12,"y":2},{"x":12,"y":3},{"x":12,"y":4},{"x":11,"y":4},{"x":11,"y":3},{"x":10,"y":3},{"x":13,"y":2},{"x":14,"y":2},{"x":13,"y":3},{"x":13,"y":4},{"x":15,"y":2},{"x":15,"y":1},{"x":16,"y":1},{"x":16,"y":2},{"x":17,"y":2},{"x":15,"y":3},{"x":15,"y":4},{"x":14,"y":4},{"x":14,"y":3},{"x":18,"y":2},{"x":18,"y":1},{"x":19,"y":1},{"x":18,"y":3},{"x":18,"y":4},{"x":17,"y":4},{"x":17,"y":3},{"x":19,"y":2},{"x":19,"y":3},{"x":19,"y":4},{"x":20,"y":2},{"x":21,"y":2},{"x":20,"y":3},{"x":21,"y":3},{"x":21,"y":4},{"x":20,"y":4},{"x":22,"y":2},{"x":22,"y":3},{"x":22,"y":4},{"x":23,"y":2},{"x":23,"y":1},{"x":24,"y":1},{"x":25,"y":1},{"x":25,"y":2},{"x":26,"y":2},{"x":27,"y":2},{"x":26,"y":3},{"x":26,"y":4},{"x":25,"y":4},{"x":25,"y":3},{"x":24,"y":2},{"x":24,"y":3},{"x":28,"y":2},{"x":29,"y":2},{"x":29,"y":3},{"x":29,"y":4},{"x":28,"y":4},{"x":28,"y":3},{"x":27,"y":3},{"x":27,"y":1},{"x":28,"y":1},{"x":29,"y":1},{"x":30,"y":2},{"x":30,"y":3},{"x":31,"y":2},{"x":31,"y":3},{"x":32,"y":2},{"x":32,"y":3},{"x":33,"y":3},{"x":33,"y":4},{"x":32,"y":4},{"x":31,"y":4},{"x":30,"y":4},{"x":30,"y":1},{"x":31,"y":1},{"x":32,"y":1},{"x":33,"y":2},{"x":33,"y":1},{"x":34,"y":3},{"x":35,"y":3},{"x":35,"y":4},{"x":34,"y":4},{"x":34,"y":2},{"x":34,"y":1},{"x":35,"y":2},{"x":36,"y":2},{"x":36,"y":3},{"x":37,"y":4},{"x":36,"y":4},{"x":37,"y":2},{"x":37,"y":1},{"x":38,"y":1},{"x":39,"y":1},{"x":40,"y":1},{"x":38,"y":2},{"x":38,"y":3},{"x":38,"y":4},{"x":37,"y":3}],"terrainTextureId":"polygon_terrain_1","polygon":[{"x":1920,"y":1077},{"x":2064,"y":1007},{"x":2234,"y":982},{"x":2234,"y":1088},{"x":2070,"y":1227},{"x":1949,"y":1165}]},{"usedWorldBlocks":[{"x":0,"y":1},{"x":1,"y":1},{"x":2,"y":1},{"x":3,"y":1},{"x":3,"y":0},{"x":4,"y":0},{"x":4,"y":1},{"x":5,"y":1},{"x":6,"y":1},{"x":6,"y":2},{"x":7,"y":2},{"x":7,"y":1},{"x":8,"y":1},{"x":9,"y":1},{"x":9,"y":2},{"x":8,"y":2},{"x":5,"y":2},{"x":4,"y":2},{"x":1,"y":2},{"x":5,"y":0},{"x":10,"y":1},{"x":11,"y":1},{"x":10,"y":2},{"x":11,"y":2},{"x":12,"y":1},{"x":12,"y":2},{"x":12,"y":3},{"x":12,"y":4},{"x":11,"y":4},{"x":11,"y":3},{"x":10,"y":3},{"x":13,"y":2},{"x":14,"y":2},{"x":13,"y":3},{"x":13,"y":4},{"x":15,"y":2},{"x":15,"y":1},{"x":16,"y":1},{"x":16,"y":2},{"x":17,"y":2},{"x":15,"y":3},{"x":15,"y":4},{"x":14,"y":4},{"x":14,"y":3},{"x":18,"y":2},{"x":18,"y":1},{"x":19,"y":1},{"x":18,"y":3},{"x":18,"y":4},{"x":17,"y":4},{"x":17,"y":3},{"x":19,"y":2},{"x":19,"y":3},{"x":19,"y":4},{"x":20,"y":2},{"x":21,"y":2},{"x":20,"y":3},{"x":21,"y":3},{"x":21,"y":4},{"x":20,"y":4},{"x":22,"y":2},{"x":22,"y":3},{"x":22,"y":4},{"x":23,"y":2},{"x":23,"y":1},{"x":24,"y":1},{"x":25,"y":1},{"x":25,"y":2},{"x":26,"y":2},{"x":27,"y":2},{"x":26,"y":3},{"x":26,"y":4},{"x":25,"y":4},{"x":25,"y":3},{"x":24,"y":2},{"x":24,"y":3},{"x":28,"y":2},{"x":29,"y":2},{"x":29,"y":3},{"x":29,"y":4},{"x":28,"y":4},{"x":28,"y":3},{"x":27,"y":3},{"x":27,"y":1},{"x":28,"y":1},{"x":29,"y":1},{"x":30,"y":2},{"x":30,"y":3},{"x":31,"y":2},{"x":31,"y":3},{"x":32,"y":2},{"x":32,"y":3},{"x":33,"y":3},{"x":33,"y":4},{"x":32,"y":4},{"x":31,"y":4},{"x":30,"y":4},{"x":30,"y":1},{"x":31,"y":1},{"x":32,"y":1},{"x":33,"y":2},{"x":33,"y":1},{"x":34,"y":3},{"x":35,"y":3},{"x":35,"y":4},{"x":34,"y":4},{"x":34,"y":2},{"x":34,"y":1},{"x":35,"y":2},{"x":36,"y":2},{"x":36,"y":3},{"x":37,"y":4},{"x":36,"y":4},{"x":37,"y":2},{"x":37,"y":1},{"x":38,"y":1},{"x":39,"y":1},{"x":40,"y":1},{"x":38,"y":2},{"x":38,"y":3},{"x":38,"y":4},{"x":37,"y":3}],"terrainTextureId":"polygon_terrain_1","polygon":[{"x":2802,"y":1542},{"x":2953,"y":1421},{"x":3120,"y":1418},{"x":3384,"y":1325},{"x":3492,"y":1387},{"x":3307,"y":1568},{"x":3368,"y":1809},{"x":3466,"y":1923},{"x":3585,"y":2062},{"x":3435,"y":2053},{"x":3216,"y":2039},{"x":3067,"y":2048},{"x":2911,"y":2057},{"x":3031,"y":1909},{"x":2964,"y":1696},{"x":2838,"y":1669}]},{"usedWorldBlocks":[{"x":0,"y":1},{"x":1,"y":1},{"x":2,"y":1},{"x":3,"y":1},{"x":3,"y":0},{"x":4,"y":0},{"x":4,"y":1},{"x":5,"y":1},{"x":6,"y":1},{"x":6,"y":2},{"x":7,"y":2},{"x":7,"y":1},{"x":8,"y":1},{"x":9,"y":1},{"x":9,"y":2},{"x":8,"y":2},{"x":5,"y":2},{"x":4,"y":2},{"x":1,"y":2},{"x":5,"y":0},{"x":10,"y":1},{"x":11,"y":1},{"x":10,"y":2},{"x":11,"y":2},{"x":12,"y":1},{"x":12,"y":2},{"x":12,"y":3},{"x":12,"y":4},{"x":11,"y":4},{"x":11,"y":3},{"x":10,"y":3},{"x":13,"y":2},{"x":14,"y":2},{"x":13,"y":3},{"x":13,"y":4},{"x":15,"y":2},{"x":15,"y":1},{"x":16,"y":1},{"x":16,"y":2},{"x":17,"y":2},{"x":15,"y":3},{"x":15,"y":4},{"x":14,"y":4},{"x":14,"y":3},{"x":18,"y":2},{"x":18,"y":1},{"x":19,"y":1},{"x":18,"y":3},{"x":18,"y":4},{"x":17,"y":4},{"x":17,"y":3},{"x":19,"y":2},{"x":19,"y":3},{"x":19,"y":4},{"x":20,"y":2},{"x":21,"y":2},{"x":20,"y":3},{"x":21,"y":3},{"x":21,"y":4},{"x":20,"y":4},{"x":22,"y":2},{"x":22,"y":3},{"x":22,"y":4},{"x":23,"y":2},{"x":23,"y":1},{"x":24,"y":1},{"x":25,"y":1},{"x":25,"y":2},{"x":26,"y":2},{"x":27,"y":2},{"x":26,"y":3},{"x":26,"y":4},{"x":25,"y":4},{"x":25,"y":3},{"x":24,"y":2},{"x":24,"y":3},{"x":28,"y":2},{"x":29,"y":2},{"x":29,"y":3},{"x":29,"y":4},{"x":28,"y":4},{"x":28,"y":3},{"x":27,"y":3},{"x":27,"y":1},{"x":28,"y":1},{"x":29,"y":1},{"x":30,"y":2},{"x":30,"y":3},{"x":31,"y":2},{"x":31,"y":3},{"x":32,"y":2},{"x":32,"y":3},{"x":33,"y":3},{"x":33,"y":4},{"x":32,"y":4},{"x":31,"y":4},{"x":30,"y":4},{"x":30,"y":1},{"x":31,"y":1},{"x":32,"y":1},{"x":33,"y":2},{"x":33,"y":1},{"x":34,"y":3},{"x":35,"y":3},{"x":35,"y":4},{"x":34,"y":4},{"x":34,"y":2},{"x":34,"y":1},{"x":35,"y":2},{"x":36,"y":2},{"x":36,"y":3},{"x":37,"y":4},{"x":36,"y":4},{"x":37,"y":2},{"x":37,"y":1},{"x":38,"y":1},{"x":39,"y":1},{"x":40,"y":1},{"x":38,"y":2},{"x":38,"y":3},{"x":38,"y":4},{"x":37,"y":3}],"terrainTextureId":"polygon_terrain_1","polygon":[{"x":2466,"y":1078},{"x":2621,"y":1082},{"x":2767,"y":1047},{"x":2787,"y":1122},{"x":2646,"y":1234},{"x":2543,"y":1269},{"x":2452,"y":1153}]},{"usedWorldBlocks":[{"x":0,"y":1},{"x":1,"y":1},{"x":2,"y":1},{"x":3,"y":1},{"x":3,"y":0},{"x":4,"y":0},{"x":4,"y":1},{"x":5,"y":1},{"x":6,"y":1},{"x":6,"y":2},{"x":7,"y":2},{"x":7,"y":1},{"x":8,"y":1},{"x":9,"y":1},{"x":9,"y":2},{"x":8,"y":2},{"x":5,"y":2},{"x":4,"y":2},{"x":1,"y":2},{"x":5,"y":0},{"x":10,"y":1},{"x":11,"y":1},{"x":10,"y":2},{"x":11,"y":2},{"x":12,"y":1},{"x":12,"y":2},{"x":12,"y":3},{"x":12,"y":4},{"x":11,"y":4},{"x":11,"y":3},{"x":10,"y":3},{"x":13,"y":2},{"x":14,"y":2},{"x":13,"y":3},{"x":13,"y":4},{"x":15,"y":2},{"x":15,"y":1},{"x":16,"y":1},{"x":16,"y":2},{"x":17,"y":2},{"x":15,"y":3},{"x":15,"y":4},{"x":14,"y":4},{"x":14,"y":3},{"x":18,"y":2},{"x":18,"y":1},{"x":19,"y":1},{"x":18,"y":3},{"x":18,"y":4},{"x":17,"y":4},{"x":17,"y":3},{"x":19,"y":2},{"x":19,"y":3},{"x":19,"y":4},{"x":20,"y":2},{"x":21,"y":2},{"x":20,"y":3},{"x":21,"y":3},{"x":21,"y":4},{"x":20,"y":4},{"x":22,"y":2},{"x":22,"y":3},{"x":22,"y":4},{"x":23,"y":2},{"x":23,"y":1},{"x":24,"y":1},{"x":25,"y":1},{"x":25,"y":2},{"x":26,"y":2},{"x":27,"y":2},{"x":26,"y":3},{"x":26,"y":4},{"x":25,"y":4},{"x":25,"y":3},{"x":24,"y":2},{"x":24,"y":3},{"x":28,"y":2},{"x":29,"y":2},{"x":29,"y":3},{"x":29,"y":4},{"x":28,"y":4},{"x":28,"y":3},{"x":27,"y":3},{"x":27,"y":1},{"x":28,"y":1},{"x":29,"y":1},{"x":30,"y":2},{"x":30,"y":3},{"x":31,"y":2},{"x":31,"y":3},{"x":32,"y":2},{"x":32,"y":3},{"x":33,"y":3},{"x":33,"y":4},{"x":32,"y":4},{"x":31,"y":4},{"x":30,"y":4},{"x":30,"y":1},{"x":31,"y":1},{"x":32,"y":1},{"x":33,"y":2},{"x":33,"y":1},{"x":34,"y":3},{"x":35,"y":3},{"x":35,"y":4},{"x":34,"y":4},{"x":34,"y":2},{"x":34,"y":1},{"x":35,"y":2},{"x":36,"y":2},{"x":36,"y":3},{"x":37,"y":4},{"x":36,"y":4},{"x":37,"y":2},{"x":37,"y":1},{"x":38,"y":1},{"x":39,"y":1},{"x":40,"y":1},{"x":38,"y":2},{"x":38,"y":3},{"x":38,"y":4},{"x":37,"y":3}],"terrainTextureId":"polygon_terrain_1","polygon":[{"x":3793,"y":1180},{"x":3856,"y":1107},{"x":3993,"y":988},{"x":4065,"y":897},{"x":4226,"y":853},{"x":4364,"y":719},{"x":4525,"y":767},{"x":4674,"y":785},{"x":4849,"y":758},{"x":5108,"y":673},{"x":5081,"y":942},{"x":4934,"y":911},{"x":4775,"y":877},{"x":4617,"y":867},{"x":4478,"y":922},{"x":4330,"y":944},{"x":4172,"y":1121},{"x":4148,"y":1212},{"x":4262,"y":1324},{"x":4198,"y":1470},{"x":4267,"y":1718},{"x":4206,"y":1830},{"x":4362,"y":2043},{"x":4141,"y":2045},{"x":3991,"y":2047},{"x":3806,"y":2050},{"x":3857,"y":1909},{"x":3812,"y":1727},{"x":3902,"y":1512},{"x":3793,"y":1330}]}]]],"enemyPathData":null,"starValues":[26300,27300,28300],"libraryElements":null,"worldId":0,"levelId":0}