{"startPoint":{"x":1533,"y":626},"finishPoint":{"x":19249,"y":1135},"collectableItems":[{"x":1867,"y":654},{"x":1929,"y":655},{"x":1993,"y":675},{"x":2048,"y":714},{"x":3055,"y":772},{"x":3110,"y":774},{"x":2994,"y":772},{"x":3053,"y":720},{"x":3057,"y":822},{"x":4199,"y":517},{"x":4228,"y":462},{"x":4277,"y":413},{"x":4337,"y":408},{"x":5634,"y":839},{"x":5634,"y":788},{"x":5693,"y":842},{"x":5692,"y":789},{"x":7307,"y":1031},{"x":7370,"y":993},{"x":7443,"y":1009},{"x":8366,"y":778},{"x":8434,"y":766},{"x":8501,"y":754},{"x":8548,"y":706},{"x":10409,"y":493},{"x":10476,"y":484},{"x":10540,"y":474},{"x":10604,"y":437},{"x":11807,"y":459},{"x":11803,"y":402},{"x":11865,"y":460},{"x":11871,"y":525},{"x":11933,"y":524},{"x":13563,"y":983},{"x":13562,"y":934},{"x":15046,"y":715},{"x":16309,"y":964},{"x":16345,"y":1017},{"x":16378,"y":1073},{"x":16421,"y":1139},{"x":17848,"y":1405},{"x":17848,"y":1353},{"x":17908,"y":1408},{"x":17906,"y":1355}],"cameraBounds":{"x":0,"y":0,"width":20000,"height":2000,"left":0,"bottom":2000,"right":20000,"top":0,"topLeft":{"x":0,"y":0,"length":0},"size":{"x":20000,"y":2000,"length":20099.751242241782},"bottomRight":{"x":20000,"y":2000,"length":20099.751242241782}},"dynamicElementData":null,"bridgePoints":[],"starValues":[22600,23600,24600],"polygonGroundData":[[[{"usedWorldBlocks":[{"x":0,"y":0},{"x":0,"y":1},{"x":1,"y":1},{"x":2,"y":1},{"x":3,"y":1},{"x":4,"y":1},{"x":4,"y":2},{"x":5,"y":1},{"x":5,"y":2},{"x":5,"y":3},{"x":5,"y":4},{"x":4,"y":4},{"x":4,"y":3},{"x":3,"y":3},{"x":3,"y":2},{"x":2,"y":2},{"x":1,"y":2},{"x":0,"y":2},{"x":6,"y":1},{"x":7,"y":1},{"x":7,"y":2},{"x":7,"y":3},{"x":7,"y":4},{"x":6,"y":4},{"x":6,"y":3},{"x":6,"y":2},{"x":8,"y":1},{"x":8,"y":0},{"x":9,"y":0},{"x":9,"y":1},{"x":9,"y":2},{"x":9,"y":3},{"x":9,"y":4},{"x":8,"y":4},{"x":8,"y":3},{"x":8,"y":2},{"x":10,"y":1},{"x":11,"y":1},{"x":11,"y":2},{"x":12,"y":2},{"x":13,"y":2},{"x":14,"y":2},{"x":15,"y":2},{"x":15,"y":1},{"x":16,"y":1},{"x":17,"y":1},{"x":18,"y":1},{"x":19,"y":1},{"x":19,"y":0},{"x":19,"y":2},{"x":19,"y":3},{"x":19,"y":4},{"x":18,"y":3},{"x":18,"y":2},{"x":17,"y":2},{"x":17,"y":3},{"x":16,"y":2},{"x":16,"y":3},{"x":15,"y":3},{"x":14,"y":3},{"x":13,"y":3},{"x":11,"y":3},{"x":11,"y":4},{"x":10,"y":4},{"x":10,"y":3},{"x":10,"y":2},{"x":10,"y":0},{"x":11,"y":0},{"x":12,"y":0},{"x":13,"y":0},{"x":14,"y":0},{"x":15,"y":0},{"x":16,"y":0},{"x":17,"y":0},{"x":18,"y":0},{"x":14,"y":1},{"x":13,"y":1},{"x":12,"y":1},{"x":20,"y":1},{"x":21,"y":1},{"x":21,"y":0},{"x":22,"y":0},{"x":23,"y":0},{"x":23,"y":1},{"x":22,"y":1},{"x":20,"y":2},{"x":21,"y":2},{"x":22,"y":2},{"x":23,"y":2},{"x":24,"y":1},{"x":25,"y":1},{"x":25,"y":2},{"x":26,"y":2},{"x":26,"y":3},{"x":26,"y":4},{"x":25,"y":4},{"x":25,"y":3},{"x":24,"y":2},{"x":22,"y":3},{"x":21,"y":3},{"x":22,"y":4},{"x":21,"y":4},{"x":27,"y":2},{"x":27,"y":1},{"x":28,"y":1},{"x":29,"y":1},{"x":29,"y":2},{"x":28,"y":2},{"x":28,"y":3},{"x":28,"y":4},{"x":27,"y":4},{"x":27,"y":3},{"x":29,"y":3},{"x":29,"y":4},{"x":30,"y":1},{"x":31,"y":1},{"x":32,"y":1},{"x":31,"y":2},{"x":30,"y":2},{"x":30,"y":0},{"x":31,"y":0},{"x":32,"y":0},{"x":30,"y":3},{"x":32,"y":2},{"x":31,"y":3},{"x":31,"y":4},{"x":33,"y":3},{"x":34,"y":3},{"x":35,"y":3},{"x":35,"y":4},{"x":33,"y":4},{"x":32,"y":4},{"x":32,"y":3},{"x":33,"y":0},{"x":34,"y":0},{"x":34,"y":1},{"x":34,"y":2},{"x":33,"y":2},{"x":33,"y":1},{"x":36,"y":3},{"x":36,"y":2},{"x":37,"y":2},{"x":38,"y":2},{"x":39,"y":2},{"x":40,"y":2},{"x":40,"y":3},{"x":39,"y":3},{"x":38,"y":3},{"x":37,"y":3},{"x":37,"y":4},{"x":36,"y":4},{"x":35,"y":1},{"x":36,"y":1},{"x":37,"y":1},{"x":38,"y":1},{"x":39,"y":1},{"x":40,"y":1},{"x":35,"y":2}],"terrainTextureId":"polygon_terrain_1","polygon":[{"x":122,"y":271},{"x":258,"y":332},{"x":408,"y":399},{"x":475,"y":563},{"x":585,"y":674},{"x":738,"y":701},{"x":888,"y":701},{"x":1038,"y":701},{"x":1188,"y":701},{"x":1338,"y":700},{"x":1488,"y":700},{"x":1638,"y":700},{"x":1816,"y":700},{"x":1822,"y":807},{"x":1897,"y":878},{"x":2026,"y":955},{"x":2153,"y":1005},{"x":2343,"y":980},{"x":2487,"y":940},{"x":2622,"y":867},{"x":2879,"y":833},{"x":2952,"y":934},{"x":2888,"y":1081},{"x":2892,"y":1265},{"x":2768,"y":1351},{"x":2773,"y":1475},{"x":2761,"y":1635},{"x":2904,"y":1778},{"x":2863,"y":2050},{"x":2713,"y":2053},{"x":2469,"y":2059},{"x":2574,"y":1853},{"x":2488,"y":1644},{"x":2299,"y":1563},{"x":2129,"y":1559},{"x":1981,"y":1581},{"x":1830,"y":1603},{"x":1778,"y":1463},{"x":1657,"y":1334},{"x":1451,"y":1263},{"x":1275,"y":1260},{"x":1125,"y":1256},{"x":926,"y":1250},{"x":696,"y":1226},{"x":414,"y":1193},{"x":211,"y":1170},{"x":229,"y":880},{"x":138,"y":808},{"x":78,"y":705},{"x":143,"y":530}]},{"usedWorldBlocks":[{"x":0,"y":0},{"x":0,"y":1},{"x":1,"y":1},{"x":2,"y":1},{"x":3,"y":1},{"x":4,"y":1},{"x":4,"y":2},{"x":5,"y":1},{"x":5,"y":2},{"x":5,"y":3},{"x":5,"y":4},{"x":4,"y":4},{"x":4,"y":3},{"x":3,"y":3},{"x":3,"y":2},{"x":2,"y":2},{"x":1,"y":2},{"x":0,"y":2},{"x":6,"y":1},{"x":7,"y":1},{"x":7,"y":2},{"x":7,"y":3},{"x":7,"y":4},{"x":6,"y":4},{"x":6,"y":3},{"x":6,"y":2},{"x":8,"y":1},{"x":8,"y":0},{"x":9,"y":0},{"x":9,"y":1},{"x":9,"y":2},{"x":9,"y":3},{"x":9,"y":4},{"x":8,"y":4},{"x":8,"y":3},{"x":8,"y":2},{"x":10,"y":1},{"x":11,"y":1},{"x":11,"y":2},{"x":12,"y":2},{"x":13,"y":2},{"x":14,"y":2},{"x":15,"y":2},{"x":15,"y":1},{"x":16,"y":1},{"x":17,"y":1},{"x":18,"y":1},{"x":19,"y":1},{"x":19,"y":0},{"x":19,"y":2},{"x":19,"y":3},{"x":19,"y":4},{"x":18,"y":3},{"x":18,"y":2},{"x":17,"y":2},{"x":17,"y":3},{"x":16,"y":2},{"x":16,"y":3},{"x":15,"y":3},{"x":14,"y":3},{"x":13,"y":3},{"x":11,"y":3},{"x":11,"y":4},{"x":10,"y":4},{"x":10,"y":3},{"x":10,"y":2},{"x":10,"y":0},{"x":11,"y":0},{"x":12,"y":0},{"x":13,"y":0},{"x":14,"y":0},{"x":15,"y":0},{"x":16,"y":0},{"x":17,"y":0},{"x":18,"y":0},{"x":14,"y":1},{"x":13,"y":1},{"x":12,"y":1},{"x":20,"y":1},{"x":21,"y":1},{"x":21,"y":0},{"x":22,"y":0},{"x":23,"y":0},{"x":23,"y":1},{"x":22,"y":1},{"x":20,"y":2},{"x":21,"y":2},{"x":22,"y":2},{"x":23,"y":2},{"x":24,"y":1},{"x":25,"y":1},{"x":25,"y":2},{"x":26,"y":2},{"x":26,"y":3},{"x":26,"y":4},{"x":25,"y":4},{"x":25,"y":3},{"x":24,"y":2},{"x":22,"y":3},{"x":21,"y":3},{"x":22,"y":4},{"x":21,"y":4},{"x":27,"y":2},{"x":27,"y":1},{"x":28,"y":1},{"x":29,"y":1},{"x":29,"y":2},{"x":28,"y":2},{"x":28,"y":3},{"x":28,"y":4},{"x":27,"y":4},{"x":27,"y":3},{"x":29,"y":3},{"x":29,"y":4},{"x":30,"y":1},{"x":31,"y":1},{"x":32,"y":1},{"x":31,"y":2},{"x":30,"y":2},{"x":30,"y":0},{"x":31,"y":0},{"x":32,"y":0},{"x":30,"y":3},{"x":32,"y":2},{"x":31,"y":3},{"x":31,"y":4},{"x":33,"y":3},{"x":34,"y":3},{"x":35,"y":3},{"x":35,"y":4},{"x":33,"y":4},{"x":32,"y":4},{"x":32,"y":3},{"x":33,"y":0},{"x":34,"y":0},{"x":34,"y":1},{"x":34,"y":2},{"x":33,"y":2},{"x":33,"y":1},{"x":36,"y":3},{"x":36,"y":2},{"x":37,"y":2},{"x":38,"y":2},{"x":39,"y":2},{"x":40,"y":2},{"x":40,"y":3},{"x":39,"y":3},{"x":38,"y":3},{"x":37,"y":3},{"x":37,"y":4},{"x":36,"y":4},{"x":35,"y":1},{"x":36,"y":1},{"x":37,"y":1},{"x":38,"y":1},{"x":39,"y":1},{"x":40,"y":1},{"x":35,"y":2}],"terrainTextureId":"polygon_terrain_1","polygon":[{"x":3224,"y":993},{"x":3357,"y":923},{"x":3464,"y":813},{"x":3593,"y":699},{"x":3759,"y":685},{"x":3817,"y":856},{"x":3681,"y":936},{"x":3628,"y":1032},{"x":3663,"y":1241},{"x":3725,"y":1405},{"x":3694,"y":1551},{"x":3730,"y":1714},{"x":3810,"y":1841},{"x":3941,"y":2047},{"x":3792,"y":2063},{"x":3593,"y":2085},{"x":3365,"y":2062},{"x":3430,"y":1927},{"x":3524,"y":1705},{"x":3448,"y":1537},{"x":3467,"y":1265},{"x":3359,"y":1188},{"x":3224,"y":1143}]},{"usedWorldBlocks":[{"x":0,"y":0},{"x":0,"y":1},{"x":1,"y":1},{"x":2,"y":1},{"x":3,"y":1},{"x":4,"y":1},{"x":4,"y":2},{"x":5,"y":1},{"x":5,"y":2},{"x":5,"y":3},{"x":5,"y":4},{"x":4,"y":4},{"x":4,"y":3},{"x":3,"y":3},{"x":3,"y":2},{"x":2,"y":2},{"x":1,"y":2},{"x":0,"y":2},{"x":6,"y":1},{"x":7,"y":1},{"x":7,"y":2},{"x":7,"y":3},{"x":7,"y":4},{"x":6,"y":4},{"x":6,"y":3},{"x":6,"y":2},{"x":8,"y":1},{"x":8,"y":0},{"x":9,"y":0},{"x":9,"y":1},{"x":9,"y":2},{"x":9,"y":3},{"x":9,"y":4},{"x":8,"y":4},{"x":8,"y":3},{"x":8,"y":2},{"x":10,"y":1},{"x":11,"y":1},{"x":11,"y":2},{"x":12,"y":2},{"x":13,"y":2},{"x":14,"y":2},{"x":15,"y":2},{"x":15,"y":1},{"x":16,"y":1},{"x":17,"y":1},{"x":18,"y":1},{"x":19,"y":1},{"x":19,"y":0},{"x":19,"y":2},{"x":19,"y":3},{"x":19,"y":4},{"x":18,"y":3},{"x":18,"y":2},{"x":17,"y":2},{"x":17,"y":3},{"x":16,"y":2},{"x":16,"y":3},{"x":15,"y":3},{"x":14,"y":3},{"x":13,"y":3},{"x":11,"y":3},{"x":11,"y":4},{"x":10,"y":4},{"x":10,"y":3},{"x":10,"y":2},{"x":10,"y":0},{"x":11,"y":0},{"x":12,"y":0},{"x":13,"y":0},{"x":14,"y":0},{"x":15,"y":0},{"x":16,"y":0},{"x":17,"y":0},{"x":18,"y":0},{"x":14,"y":1},{"x":13,"y":1},{"x":12,"y":1},{"x":20,"y":1},{"x":21,"y":1},{"x":21,"y":0},{"x":22,"y":0},{"x":23,"y":0},{"x":23,"y":1},{"x":22,"y":1},{"x":20,"y":2},{"x":21,"y":2},{"x":22,"y":2},{"x":23,"y":2},{"x":24,"y":1},{"x":25,"y":1},{"x":25,"y":2},{"x":26,"y":2},{"x":26,"y":3},{"x":26,"y":4},{"x":25,"y":4},{"x":25,"y":3},{"x":24,"y":2},{"x":22,"y":3},{"x":21,"y":3},{"x":22,"y":4},{"x":21,"y":4},{"x":27,"y":2},{"x":27,"y":1},{"x":28,"y":1},{"x":29,"y":1},{"x":29,"y":2},{"x":28,"y":2},{"x":28,"y":3},{"x":28,"y":4},{"x":27,"y":4},{"x":27,"y":3},{"x":29,"y":3},{"x":29,"y":4},{"x":30,"y":1},{"x":31,"y":1},{"x":32,"y":1},{"x":31,"y":2},{"x":30,"y":2},{"x":30,"y":0},{"x":31,"y":0},{"x":32,"y":0},{"x":30,"y":3},{"x":32,"y":2},{"x":31,"y":3},{"x":31,"y":4},{"x":33,"y":3},{"x":34,"y":3},{"x":35,"y":3},{"x":35,"y":4},{"x":33,"y":4},{"x":32,"y":4},{"x":32,"y":3},{"x":33,"y":0},{"x":34,"y":0},{"x":34,"y":1},{"x":34,"y":2},{"x":33,"y":2},{"x":33,"y":1},{"x":36,"y":3},{"x":36,"y":2},{"x":37,"y":2},{"x":38,"y":2},{"x":39,"y":2},{"x":40,"y":2},{"x":40,"y":3},{"x":39,"y":3},{"x":38,"y":3},{"x":37,"y":3},{"x":37,"y":4},{"x":36,"y":4},{"x":35,"y":1},{"x":36,"y":1},{"x":37,"y":1},{"x":38,"y":1},{"x":39,"y":1},{"x":40,"y":1},{"x":35,"y":2}],"terrainTextureId":"polygon_terrain_1","polygon":[{"x":3996,"y":776},{"x":4138,"y":696},{"x":4235,"y":590},{"x":4308,"y":480},{"x":4502,"y":462},{"x":4761,"y":561},{"x":4764,"y":650},{"x":4633,"y":736},{"x":4592,"y":937},{"x":4667,"y":1067},{"x":4896,"y":1255},{"x":4856,"y":1409},{"x":4742,"y":1514},{"x":4791,"y":1656},{"x":4788,"y":1827},{"x":4927,"y":2044},{"x":4640,"y":2041},{"x":4490,"y":2042},{"x":4278,"y":2044},{"x":4316,"y":1898},{"x":4378,"y":1762},{"x":4392,"y":1605},{"x":4338,"y":1408},{"x":4214,"y":1322},{"x":4100,"y":1111},{"x":4021,"y":941}]}]],[[{"usedWorldBlocks":[{"x":0,"y":0},{"x":0,"y":1},{"x":1,"y":1},{"x":2,"y":1},{"x":3,"y":1},{"x":4,"y":1},{"x":4,"y":2},{"x":5,"y":1},{"x":5,"y":2},{"x":5,"y":3},{"x":5,"y":4},{"x":4,"y":4},{"x":4,"y":3},{"x":3,"y":3},{"x":3,"y":2},{"x":2,"y":2},{"x":1,"y":2},{"x":0,"y":2},{"x":6,"y":1},{"x":7,"y":1},{"x":7,"y":2},{"x":7,"y":3},{"x":7,"y":4},{"x":6,"y":4},{"x":6,"y":3},{"x":6,"y":2},{"x":8,"y":1},{"x":8,"y":0},{"x":9,"y":0},{"x":9,"y":1},{"x":9,"y":2},{"x":9,"y":3},{"x":9,"y":4},{"x":8,"y":4},{"x":8,"y":3},{"x":8,"y":2},{"x":10,"y":1},{"x":11,"y":1},{"x":11,"y":2},{"x":12,"y":2},{"x":13,"y":2},{"x":14,"y":2},{"x":15,"y":2},{"x":15,"y":1},{"x":16,"y":1},{"x":17,"y":1},{"x":18,"y":1},{"x":19,"y":1},{"x":19,"y":0},{"x":19,"y":2},{"x":19,"y":3},{"x":19,"y":4},{"x":18,"y":3},{"x":18,"y":2},{"x":17,"y":2},{"x":17,"y":3},{"x":16,"y":2},{"x":16,"y":3},{"x":15,"y":3},{"x":14,"y":3},{"x":13,"y":3},{"x":11,"y":3},{"x":11,"y":4},{"x":10,"y":4},{"x":10,"y":3},{"x":10,"y":2},{"x":10,"y":0},{"x":11,"y":0},{"x":12,"y":0},{"x":13,"y":0},{"x":14,"y":0},{"x":15,"y":0},{"x":16,"y":0},{"x":17,"y":0},{"x":18,"y":0},{"x":14,"y":1},{"x":13,"y":1},{"x":12,"y":1},{"x":20,"y":1},{"x":21,"y":1},{"x":21,"y":0},{"x":22,"y":0},{"x":23,"y":0},{"x":23,"y":1},{"x":22,"y":1},{"x":20,"y":2},{"x":21,"y":2},{"x":22,"y":2},{"x":23,"y":2},{"x":24,"y":1},{"x":25,"y":1},{"x":25,"y":2},{"x":26,"y":2},{"x":26,"y":3},{"x":26,"y":4},{"x":25,"y":4},{"x":25,"y":3},{"x":24,"y":2},{"x":22,"y":3},{"x":21,"y":3},{"x":22,"y":4},{"x":21,"y":4},{"x":27,"y":2},{"x":27,"y":1},{"x":28,"y":1},{"x":29,"y":1},{"x":29,"y":2},{"x":28,"y":2},{"x":28,"y":3},{"x":28,"y":4},{"x":27,"y":4},{"x":27,"y":3},{"x":29,"y":3},{"x":29,"y":4},{"x":30,"y":1},{"x":31,"y":1},{"x":32,"y":1},{"x":31,"y":2},{"x":30,"y":2},{"x":30,"y":0},{"x":31,"y":0},{"x":32,"y":0},{"x":30,"y":3},{"x":32,"y":2},{"x":31,"y":3},{"x":31,"y":4},{"x":33,"y":3},{"x":34,"y":3},{"x":35,"y":3},{"x":35,"y":4},{"x":33,"y":4},{"x":32,"y":4},{"x":32,"y":3},{"x":33,"y":0},{"x":34,"y":0},{"x":34,"y":1},{"x":34,"y":2},{"x":33,"y":2},{"x":33,"y":1},{"x":36,"y":3},{"x":36,"y":2},{"x":37,"y":2},{"x":38,"y":2},{"x":39,"y":2},{"x":40,"y":2},{"x":40,"y":3},{"x":39,"y":3},{"x":38,"y":3},{"x":37,"y":3},{"x":37,"y":4},{"x":36,"y":4},{"x":35,"y":1},{"x":36,"y":1},{"x":37,"y":1},{"x":38,"y":1},{"x":39,"y":1},{"x":40,"y":1},{"x":35,"y":2}],"terrainTextureId":"polygon_terrain_1","polygon":[{"x":59,"y":785},{"x":179,"y":799},{"x":322,"y":848},{"x":488,"y":852},{"x":526,"y":987},{"x":679,"y":1119},{"x":826,"y":1147},{"x":975,"y":1176},{"x":1124,"y":1185},{"x":1272,"y":1159},{"x":1412,"y":1105},{"x":1537,"y":1022},{"x":1687,"y":1060},{"x":1841,"y":1008},{"x":1966,"y":1180},{"x":2165,"y":1197},{"x":2400,"y":1061},{"x":2534,"y":1091},{"x":2720,"y":976},{"x":2878,"y":1062},{"x":3002,"y":983},{"x":3113,"y":863},{"x":3223,"y":783},{"x":3323,"y":853},{"x":3573,"y":812},{"x":3692,"y":649},{"x":3867,"y":651},{"x":3985,"y":780},{"x":4232,"y":810},{"x":4436,"y":701},{"x":4621,"y":507},{"x":4761,"y":477},{"x":4927,"y":482},{"x":4930,"y":578},{"x":4745,"y":807},{"x":4710,"y":953},{"x":4768,"y":1091},{"x":4878,"y":1233},{"x":4857,"y":1377},{"x":4865,"y":1544},{"x":4952,"y":1681},{"x":4928,"y":1850},{"x":4967,"y":2059},{"x":4817,"y":2063},{"x":4667,"y":2062},{"x":4515,"y":2060},{"x":4540,"y":1805},{"x":4478,"y":1617},{"x":4517,"y":1526},{"x":4438,"y":1372},{"x":4480,"y":1174},{"x":4422,"y":1011},{"x":4289,"y":927},{"x":4142,"y":898},{"x":3965,"y":919},{"x":3784,"y":1080},{"x":3725,"y":1331},{"x":3770,"y":1528},{"x":3565,"y":1463},{"x":3454,"y":1298},{"x":3308,"y":1370},{"x":3178,"y":1446},{"x":3045,"y":1523},{"x":2849,"y":1531},{"x":2708,"y":1527},{"x":2465,"y":1539},{"x":2184,"y":1531},{"x":2010,"y":1521},{"x":1872,"y":1538},{"x":1670,"y":1537},{"x":1453,"y":1463},{"x":1306,"y":1436},{"x":1125,"y":1402},{"x":976,"y":1418},{"x":790,"y":1438},{"x":607,"y":1487},{"x":623,"y":1642},{"x":719,"y":1757},{"x":814,"y":1873},{"x":950,"y":2036},{"x":736,"y":2027},{"x":584,"y":2033},{"x":402,"y":2045},{"x":326,"y":1887},{"x":417,"y":1746},{"x":424,"y":1596},{"x":432,"y":1446},{"x":443,"y":1227},{"x":345,"y":1114},{"x":237,"y":987},{"x":50,"y":878}]},{"usedWorldBlocks":[{"x":0,"y":0},{"x":0,"y":1},{"x":1,"y":1},{"x":2,"y":1},{"x":3,"y":1},{"x":4,"y":1},{"x":4,"y":2},{"x":5,"y":1},{"x":5,"y":2},{"x":5,"y":3},{"x":5,"y":4},{"x":4,"y":4},{"x":4,"y":3},{"x":3,"y":3},{"x":3,"y":2},{"x":2,"y":2},{"x":1,"y":2},{"x":0,"y":2},{"x":6,"y":1},{"x":7,"y":1},{"x":7,"y":2},{"x":7,"y":3},{"x":7,"y":4},{"x":6,"y":4},{"x":6,"y":3},{"x":6,"y":2},{"x":8,"y":1},{"x":8,"y":0},{"x":9,"y":0},{"x":9,"y":1},{"x":9,"y":2},{"x":9,"y":3},{"x":9,"y":4},{"x":8,"y":4},{"x":8,"y":3},{"x":8,"y":2},{"x":10,"y":1},{"x":11,"y":1},{"x":11,"y":2},{"x":12,"y":2},{"x":13,"y":2},{"x":14,"y":2},{"x":15,"y":2},{"x":15,"y":1},{"x":16,"y":1},{"x":17,"y":1},{"x":18,"y":1},{"x":19,"y":1},{"x":19,"y":0},{"x":19,"y":2},{"x":19,"y":3},{"x":19,"y":4},{"x":18,"y":3},{"x":18,"y":2},{"x":17,"y":2},{"x":17,"y":3},{"x":16,"y":2},{"x":16,"y":3},{"x":15,"y":3},{"x":14,"y":3},{"x":13,"y":3},{"x":11,"y":3},{"x":11,"y":4},{"x":10,"y":4},{"x":10,"y":3},{"x":10,"y":2},{"x":10,"y":0},{"x":11,"y":0},{"x":12,"y":0},{"x":13,"y":0},{"x":14,"y":0},{"x":15,"y":0},{"x":16,"y":0},{"x":17,"y":0},{"x":18,"y":0},{"x":14,"y":1},{"x":13,"y":1},{"x":12,"y":1},{"x":20,"y":1},{"x":21,"y":1},{"x":21,"y":0},{"x":22,"y":0},{"x":23,"y":0},{"x":23,"y":1},{"x":22,"y":1},{"x":20,"y":2},{"x":21,"y":2},{"x":22,"y":2},{"x":23,"y":2},{"x":24,"y":1},{"x":25,"y":1},{"x":25,"y":2},{"x":26,"y":2},{"x":26,"y":3},{"x":26,"y":4},{"x":25,"y":4},{"x":25,"y":3},{"x":24,"y":2},{"x":22,"y":3},{"x":21,"y":3},{"x":22,"y":4},{"x":21,"y":4},{"x":27,"y":2},{"x":27,"y":1},{"x":28,"y":1},{"x":29,"y":1},{"x":29,"y":2},{"x":28,"y":2},{"x":28,"y":3},{"x":28,"y":4},{"x":27,"y":4},{"x":27,"y":3},{"x":29,"y":3},{"x":29,"y":4},{"x":30,"y":1},{"x":31,"y":1},{"x":32,"y":1},{"x":31,"y":2},{"x":30,"y":2},{"x":30,"y":0},{"x":31,"y":0},{"x":32,"y":0},{"x":30,"y":3},{"x":32,"y":2},{"x":31,"y":3},{"x":31,"y":4},{"x":33,"y":3},{"x":34,"y":3},{"x":35,"y":3},{"x":35,"y":4},{"x":33,"y":4},{"x":32,"y":4},{"x":32,"y":3},{"x":33,"y":0},{"x":34,"y":0},{"x":34,"y":1},{"x":34,"y":2},{"x":33,"y":2},{"x":33,"y":1},{"x":36,"y":3},{"x":36,"y":2},{"x":37,"y":2},{"x":38,"y":2},{"x":39,"y":2},{"x":40,"y":2},{"x":40,"y":3},{"x":39,"y":3},{"x":38,"y":3},{"x":37,"y":3},{"x":37,"y":4},{"x":36,"y":4},{"x":35,"y":1},{"x":36,"y":1},{"x":37,"y":1},{"x":38,"y":1},{"x":39,"y":1},{"x":40,"y":1},{"x":35,"y":2}],"terrainTextureId":"polygon_terrain_1","polygon":[{"x":76,"y":326},{"x":222,"y":282},{"x":306,"y":157},{"x":453,"y":53},{"x":555,"y":50},{"x":680,"y":133},{"x":884,"y":197},{"x":987,"y":336},{"x":1237,"y":340},{"x":1460,"y":350},{"x":1684,"y":359},{"x":1834,"y":352},{"x":1998,"y":344},{"x":2080,"y":195},{"x":2284,"y":179},{"x":2519,"y":175},{"x":2798,"y":199},{"x":2961,"y":145},{"x":3124,"y":123},{"x":3324,"y":89},{"x":3474,"y":38},{"x":3762,"y":42},{"x":3968,"y":41},{"x":4152,"y":121},{"x":4297,"y":49},{"x":4420,"y":15},{"x":4685,"y":21},{"x":4910,"y":25},{"x":4964,"y":161},{"x":4907,"y":242},{"x":4662,"y":233},{"x":4537,"y":303},{"x":4319,"y":375},{"x":4133,"y":326},{"x":4022,"y":441},{"x":3833,"y":346},{"x":3604,"y":361},{"x":3419,"y":506},{"x":3208,"y":452},{"x":3107,"y":557},{"x":2933,"y":574},{"x":2782,"y":641},{"x":2621,"y":611},{"x":2430,"y":680},{"x":2282,"y":704},{"x":2133,"y":831},{"x":1931,"y":762},{"x":1781,"y":767},{"x":1641,"y":807},{"x":1438,"y":777},{"x":1165,"y":881},{"x":976,"y":861},{"x":873,"y":753},{"x":753,"y":629},{"x":607,"y":594},{"x":419,"y":549},{"x":275,"y":506},{"x":113,"y":459}]}]],[[{"usedWorldBlocks":[{"x":0,"y":0},{"x":0,"y":1},{"x":1,"y":1},{"x":2,"y":1},{"x":3,"y":1},{"x":4,"y":1},{"x":4,"y":2},{"x":5,"y":1},{"x":5,"y":2},{"x":5,"y":3},{"x":5,"y":4},{"x":4,"y":4},{"x":4,"y":3},{"x":3,"y":3},{"x":3,"y":2},{"x":2,"y":2},{"x":1,"y":2},{"x":0,"y":2},{"x":6,"y":1},{"x":7,"y":1},{"x":7,"y":2},{"x":7,"y":3},{"x":7,"y":4},{"x":6,"y":4},{"x":6,"y":3},{"x":6,"y":2},{"x":8,"y":1},{"x":8,"y":0},{"x":9,"y":0},{"x":9,"y":1},{"x":9,"y":2},{"x":9,"y":3},{"x":9,"y":4},{"x":8,"y":4},{"x":8,"y":3},{"x":8,"y":2},{"x":10,"y":1},{"x":11,"y":1},{"x":11,"y":2},{"x":12,"y":2},{"x":13,"y":2},{"x":14,"y":2},{"x":15,"y":2},{"x":15,"y":1},{"x":16,"y":1},{"x":17,"y":1},{"x":18,"y":1},{"x":19,"y":1},{"x":19,"y":0},{"x":19,"y":2},{"x":19,"y":3},{"x":19,"y":4},{"x":18,"y":3},{"x":18,"y":2},{"x":17,"y":2},{"x":17,"y":3},{"x":16,"y":2},{"x":16,"y":3},{"x":15,"y":3},{"x":14,"y":3},{"x":13,"y":3},{"x":11,"y":3},{"x":11,"y":4},{"x":10,"y":4},{"x":10,"y":3},{"x":10,"y":2},{"x":10,"y":0},{"x":11,"y":0},{"x":12,"y":0},{"x":13,"y":0},{"x":14,"y":0},{"x":15,"y":0},{"x":16,"y":0},{"x":17,"y":0},{"x":18,"y":0},{"x":14,"y":1},{"x":13,"y":1},{"x":12,"y":1},{"x":20,"y":1},{"x":21,"y":1},{"x":21,"y":0},{"x":22,"y":0},{"x":23,"y":0},{"x":23,"y":1},{"x":22,"y":1},{"x":20,"y":2},{"x":21,"y":2},{"x":22,"y":2},{"x":23,"y":2},{"x":24,"y":1},{"x":25,"y":1},{"x":25,"y":2},{"x":26,"y":2},{"x":26,"y":3},{"x":26,"y":4},{"x":25,"y":4},{"x":25,"y":3},{"x":24,"y":2},{"x":22,"y":3},{"x":21,"y":3},{"x":22,"y":4},{"x":21,"y":4},{"x":27,"y":2},{"x":27,"y":1},{"x":28,"y":1},{"x":29,"y":1},{"x":29,"y":2},{"x":28,"y":2},{"x":28,"y":3},{"x":28,"y":4},{"x":27,"y":4},{"x":27,"y":3},{"x":29,"y":3},{"x":29,"y":4},{"x":30,"y":1},{"x":31,"y":1},{"x":32,"y":1},{"x":31,"y":2},{"x":30,"y":2},{"x":30,"y":0},{"x":31,"y":0},{"x":32,"y":0},{"x":30,"y":3},{"x":32,"y":2},{"x":31,"y":3},{"x":31,"y":4},{"x":33,"y":3},{"x":34,"y":3},{"x":35,"y":3},{"x":35,"y":4},{"x":33,"y":4},{"x":32,"y":4},{"x":32,"y":3},{"x":33,"y":0},{"x":34,"y":0},{"x":34,"y":1},{"x":34,"y":2},{"x":33,"y":2},{"x":33,"y":1},{"x":36,"y":3},{"x":36,"y":2},{"x":37,"y":2},{"x":38,"y":2},{"x":39,"y":2},{"x":40,"y":2},{"x":40,"y":3},{"x":39,"y":3},{"x":38,"y":3},{"x":37,"y":3},{"x":37,"y":4},{"x":36,"y":4},{"x":35,"y":1},{"x":36,"y":1},{"x":37,"y":1},{"x":38,"y":1},{"x":39,"y":1},{"x":40,"y":1},{"x":35,"y":2}],"terrainTextureId":"polygon_terrain_1","polygon":[{"x":319,"y":578},{"x":604,"y":537},{"x":749,"y":428},{"x":1008,"y":392},{"x":1155,"y":470},{"x":1295,"y":416},{"x":1447,"y":461},{"x":1686,"y":495},{"x":1657,"y":702},{"x":1452,"y":743},{"x":1268,"y":568},{"x":1012,"y":580},{"x":844,"y":644},{"x":717,"y":840},{"x":579,"y":779},{"x":363,"y":689}]},{"usedWorldBlocks":[{"x":0,"y":0},{"x":0,"y":1},{"x":1,"y":1},{"x":2,"y":1},{"x":3,"y":1},{"x":4,"y":1},{"x":4,"y":2},{"x":5,"y":1},{"x":5,"y":2},{"x":5,"y":3},{"x":5,"y":4},{"x":4,"y":4},{"x":4,"y":3},{"x":3,"y":3},{"x":3,"y":2},{"x":2,"y":2},{"x":1,"y":2},{"x":0,"y":2},{"x":6,"y":1},{"x":7,"y":1},{"x":7,"y":2},{"x":7,"y":3},{"x":7,"y":4},{"x":6,"y":4},{"x":6,"y":3},{"x":6,"y":2},{"x":8,"y":1},{"x":8,"y":0},{"x":9,"y":0},{"x":9,"y":1},{"x":9,"y":2},{"x":9,"y":3},{"x":9,"y":4},{"x":8,"y":4},{"x":8,"y":3},{"x":8,"y":2},{"x":10,"y":1},{"x":11,"y":1},{"x":11,"y":2},{"x":12,"y":2},{"x":13,"y":2},{"x":14,"y":2},{"x":15,"y":2},{"x":15,"y":1},{"x":16,"y":1},{"x":17,"y":1},{"x":18,"y":1},{"x":19,"y":1},{"x":19,"y":0},{"x":19,"y":2},{"x":19,"y":3},{"x":19,"y":4},{"x":18,"y":3},{"x":18,"y":2},{"x":17,"y":2},{"x":17,"y":3},{"x":16,"y":2},{"x":16,"y":3},{"x":15,"y":3},{"x":14,"y":3},{"x":13,"y":3},{"x":11,"y":3},{"x":11,"y":4},{"x":10,"y":4},{"x":10,"y":3},{"x":10,"y":2},{"x":10,"y":0},{"x":11,"y":0},{"x":12,"y":0},{"x":13,"y":0},{"x":14,"y":0},{"x":15,"y":0},{"x":16,"y":0},{"x":17,"y":0},{"x":18,"y":0},{"x":14,"y":1},{"x":13,"y":1},{"x":12,"y":1},{"x":20,"y":1},{"x":21,"y":1},{"x":21,"y":0},{"x":22,"y":0},{"x":23,"y":0},{"x":23,"y":1},{"x":22,"y":1},{"x":20,"y":2},{"x":21,"y":2},{"x":22,"y":2},{"x":23,"y":2},{"x":24,"y":1},{"x":25,"y":1},{"x":25,"y":2},{"x":26,"y":2},{"x":26,"y":3},{"x":26,"y":4},{"x":25,"y":4},{"x":25,"y":3},{"x":24,"y":2},{"x":22,"y":3},{"x":21,"y":3},{"x":22,"y":4},{"x":21,"y":4},{"x":27,"y":2},{"x":27,"y":1},{"x":28,"y":1},{"x":29,"y":1},{"x":29,"y":2},{"x":28,"y":2},{"x":28,"y":3},{"x":28,"y":4},{"x":27,"y":4},{"x":27,"y":3},{"x":29,"y":3},{"x":29,"y":4},{"x":30,"y":1},{"x":31,"y":1},{"x":32,"y":1},{"x":31,"y":2},{"x":30,"y":2},{"x":30,"y":0},{"x":31,"y":0},{"x":32,"y":0},{"x":30,"y":3},{"x":32,"y":2},{"x":31,"y":3},{"x":31,"y":4},{"x":33,"y":3},{"x":34,"y":3},{"x":35,"y":3},{"x":35,"y":4},{"x":33,"y":4},{"x":32,"y":4},{"x":32,"y":3},{"x":33,"y":0},{"x":34,"y":0},{"x":34,"y":1},{"x":34,"y":2},{"x":33,"y":2},{"x":33,"y":1},{"x":36,"y":3},{"x":36,"y":2},{"x":37,"y":2},{"x":38,"y":2},{"x":39,"y":2},{"x":40,"y":2},{"x":40,"y":3},{"x":39,"y":3},{"x":38,"y":3},{"x":37,"y":3},{"x":37,"y":4},{"x":36,"y":4},{"x":35,"y":1},{"x":36,"y":1},{"x":37,"y":1},{"x":38,"y":1},{"x":39,"y":1},{"x":40,"y":1},{"x":35,"y":2}],"terrainTextureId":"polygon_terrain_1","polygon":[{"x":123,"y":948},{"x":273,"y":1003},{"x":400,"y":1092},{"x":550,"y":1097},{"x":697,"y":1037},{"x":850,"y":1107},{"x":1001,"y":1065},{"x":1194,"y":961},{"x":1392,"y":937},{"x":1516,"y":1021},{"x":1775,"y":946},{"x":2030,"y":794},{"x":2228,"y":738},{"x":2334,"y":828},{"x":2445,"y":914},{"x":2575,"y":995},{"x":2712,"y":1078},{"x":2848,"y":1134},{"x":3000,"y":1157},{"x":3149,"y":1145},{"x":3352,"y":1069},{"x":3380,"y":1204},{"x":3251,"y":1309},{"x":3276,"y":1457},{"x":3326,"y":1598},{"x":3407,"y":1738},{"x":3358,"y":1909},{"x":3454,"y":2055},{"x":3244,"y":2023},{"x":3094,"y":2030},{"x":2886,"y":2039},{"x":2959,"y":1755},{"x":3025,"y":1587},{"x":2915,"y":1346},{"x":2757,"y":1208},{"x":2608,"y":1191},{"x":2441,"y":1172},{"x":2233,"y":1029},{"x":2102,"y":1018},{"x":1994,"y":1113},{"x":1893,"y":1223},{"x":1818,"y":1459},{"x":1583,"y":1499},{"x":1422,"y":1554},{"x":1192,"y":1504},{"x":950,"y":1456},{"x":823,"y":1536},{"x":764,"y":1674},{"x":849,"y":1797},{"x":934,"y":1920},{"x":1020,"y":2044},{"x":870,"y":2047},{"x":602,"y":2053},{"x":617,"y":1880},{"x":565,"y":1755},{"x":598,"y":1581},{"x":529,"y":1452},{"x":443,"y":1313},{"x":213,"y":1211},{"x":89,"y":1026}]},{"usedWorldBlocks":[{"x":0,"y":0},{"x":0,"y":1},{"x":1,"y":1},{"x":2,"y":1},{"x":3,"y":1},{"x":4,"y":1},{"x":4,"y":2},{"x":5,"y":1},{"x":5,"y":2},{"x":5,"y":3},{"x":5,"y":4},{"x":4,"y":4},{"x":4,"y":3},{"x":3,"y":3},{"x":3,"y":2},{"x":2,"y":2},{"x":1,"y":2},{"x":0,"y":2},{"x":6,"y":1},{"x":7,"y":1},{"x":7,"y":2},{"x":7,"y":3},{"x":7,"y":4},{"x":6,"y":4},{"x":6,"y":3},{"x":6,"y":2},{"x":8,"y":1},{"x":8,"y":0},{"x":9,"y":0},{"x":9,"y":1},{"x":9,"y":2},{"x":9,"y":3},{"x":9,"y":4},{"x":8,"y":4},{"x":8,"y":3},{"x":8,"y":2},{"x":10,"y":1},{"x":11,"y":1},{"x":11,"y":2},{"x":12,"y":2},{"x":13,"y":2},{"x":14,"y":2},{"x":15,"y":2},{"x":15,"y":1},{"x":16,"y":1},{"x":17,"y":1},{"x":18,"y":1},{"x":19,"y":1},{"x":19,"y":0},{"x":19,"y":2},{"x":19,"y":3},{"x":19,"y":4},{"x":18,"y":3},{"x":18,"y":2},{"x":17,"y":2},{"x":17,"y":3},{"x":16,"y":2},{"x":16,"y":3},{"x":15,"y":3},{"x":14,"y":3},{"x":13,"y":3},{"x":11,"y":3},{"x":11,"y":4},{"x":10,"y":4},{"x":10,"y":3},{"x":10,"y":2},{"x":10,"y":0},{"x":11,"y":0},{"x":12,"y":0},{"x":13,"y":0},{"x":14,"y":0},{"x":15,"y":0},{"x":16,"y":0},{"x":17,"y":0},{"x":18,"y":0},{"x":14,"y":1},{"x":13,"y":1},{"x":12,"y":1},{"x":20,"y":1},{"x":21,"y":1},{"x":21,"y":0},{"x":22,"y":0},{"x":23,"y":0},{"x":23,"y":1},{"x":22,"y":1},{"x":20,"y":2},{"x":21,"y":2},{"x":22,"y":2},{"x":23,"y":2},{"x":24,"y":1},{"x":25,"y":1},{"x":25,"y":2},{"x":26,"y":2},{"x":26,"y":3},{"x":26,"y":4},{"x":25,"y":4},{"x":25,"y":3},{"x":24,"y":2},{"x":22,"y":3},{"x":21,"y":3},{"x":22,"y":4},{"x":21,"y":4},{"x":27,"y":2},{"x":27,"y":1},{"x":28,"y":1},{"x":29,"y":1},{"x":29,"y":2},{"x":28,"y":2},{"x":28,"y":3},{"x":28,"y":4},{"x":27,"y":4},{"x":27,"y":3},{"x":29,"y":3},{"x":29,"y":4},{"x":30,"y":1},{"x":31,"y":1},{"x":32,"y":1},{"x":31,"y":2},{"x":30,"y":2},{"x":30,"y":0},{"x":31,"y":0},{"x":32,"y":0},{"x":30,"y":3},{"x":32,"y":2},{"x":31,"y":3},{"x":31,"y":4},{"x":33,"y":3},{"x":34,"y":3},{"x":35,"y":3},{"x":35,"y":4},{"x":33,"y":4},{"x":32,"y":4},{"x":32,"y":3},{"x":33,"y":0},{"x":34,"y":0},{"x":34,"y":1},{"x":34,"y":2},{"x":33,"y":2},{"x":33,"y":1},{"x":36,"y":3},{"x":36,"y":2},{"x":37,"y":2},{"x":38,"y":2},{"x":39,"y":2},{"x":40,"y":2},{"x":40,"y":3},{"x":39,"y":3},{"x":38,"y":3},{"x":37,"y":3},{"x":37,"y":4},{"x":36,"y":4},{"x":35,"y":1},{"x":36,"y":1},{"x":37,"y":1},{"x":38,"y":1},{"x":39,"y":1},{"x":40,"y":1},{"x":35,"y":2}],"terrainTextureId":"polygon_terrain_1","polygon":[{"x":3814,"y":1059},{"x":3995,"y":983},{"x":4131,"y":876},{"x":4294,"y":870},{"x":4436,"y":821},{"x":4659,"y":746},{"x":4924,"y":766},{"x":4916,"y":895},{"x":4807,"y":1083},{"x":4659,"y":1059},{"x":4457,"y":1025},{"x":4318,"y":1081},{"x":4179,"y":1138},{"x":4044,"y":1163},{"x":3883,"y":1149}]},{"usedWorldBlocks":[{"x":0,"y":0},{"x":0,"y":1},{"x":1,"y":1},{"x":2,"y":1},{"x":3,"y":1},{"x":4,"y":1},{"x":4,"y":2},{"x":5,"y":1},{"x":5,"y":2},{"x":5,"y":3},{"x":5,"y":4},{"x":4,"y":4},{"x":4,"y":3},{"x":3,"y":3},{"x":3,"y":2},{"x":2,"y":2},{"x":1,"y":2},{"x":0,"y":2},{"x":6,"y":1},{"x":7,"y":1},{"x":7,"y":2},{"x":7,"y":3},{"x":7,"y":4},{"x":6,"y":4},{"x":6,"y":3},{"x":6,"y":2},{"x":8,"y":1},{"x":8,"y":0},{"x":9,"y":0},{"x":9,"y":1},{"x":9,"y":2},{"x":9,"y":3},{"x":9,"y":4},{"x":8,"y":4},{"x":8,"y":3},{"x":8,"y":2},{"x":10,"y":1},{"x":11,"y":1},{"x":11,"y":2},{"x":12,"y":2},{"x":13,"y":2},{"x":14,"y":2},{"x":15,"y":2},{"x":15,"y":1},{"x":16,"y":1},{"x":17,"y":1},{"x":18,"y":1},{"x":19,"y":1},{"x":19,"y":0},{"x":19,"y":2},{"x":19,"y":3},{"x":19,"y":4},{"x":18,"y":3},{"x":18,"y":2},{"x":17,"y":2},{"x":17,"y":3},{"x":16,"y":2},{"x":16,"y":3},{"x":15,"y":3},{"x":14,"y":3},{"x":13,"y":3},{"x":11,"y":3},{"x":11,"y":4},{"x":10,"y":4},{"x":10,"y":3},{"x":10,"y":2},{"x":10,"y":0},{"x":11,"y":0},{"x":12,"y":0},{"x":13,"y":0},{"x":14,"y":0},{"x":15,"y":0},{"x":16,"y":0},{"x":17,"y":0},{"x":18,"y":0},{"x":14,"y":1},{"x":13,"y":1},{"x":12,"y":1},{"x":20,"y":1},{"x":21,"y":1},{"x":21,"y":0},{"x":22,"y":0},{"x":23,"y":0},{"x":23,"y":1},{"x":22,"y":1},{"x":20,"y":2},{"x":21,"y":2},{"x":22,"y":2},{"x":23,"y":2},{"x":24,"y":1},{"x":25,"y":1},{"x":25,"y":2},{"x":26,"y":2},{"x":26,"y":3},{"x":26,"y":4},{"x":25,"y":4},{"x":25,"y":3},{"x":24,"y":2},{"x":22,"y":3},{"x":21,"y":3},{"x":22,"y":4},{"x":21,"y":4},{"x":27,"y":2},{"x":27,"y":1},{"x":28,"y":1},{"x":29,"y":1},{"x":29,"y":2},{"x":28,"y":2},{"x":28,"y":3},{"x":28,"y":4},{"x":27,"y":4},{"x":27,"y":3},{"x":29,"y":3},{"x":29,"y":4},{"x":30,"y":1},{"x":31,"y":1},{"x":32,"y":1},{"x":31,"y":2},{"x":30,"y":2},{"x":30,"y":0},{"x":31,"y":0},{"x":32,"y":0},{"x":30,"y":3},{"x":32,"y":2},{"x":31,"y":3},{"x":31,"y":4},{"x":33,"y":3},{"x":34,"y":3},{"x":35,"y":3},{"x":35,"y":4},{"x":33,"y":4},{"x":32,"y":4},{"x":32,"y":3},{"x":33,"y":0},{"x":34,"y":0},{"x":34,"y":1},{"x":34,"y":2},{"x":33,"y":2},{"x":33,"y":1},{"x":36,"y":3},{"x":36,"y":2},{"x":37,"y":2},{"x":38,"y":2},{"x":39,"y":2},{"x":40,"y":2},{"x":40,"y":3},{"x":39,"y":3},{"x":38,"y":3},{"x":37,"y":3},{"x":37,"y":4},{"x":36,"y":4},{"x":35,"y":1},{"x":36,"y":1},{"x":37,"y":1},{"x":38,"y":1},{"x":39,"y":1},{"x":40,"y":1},{"x":35,"y":2}],"terrainTextureId":"polygon_terrain_1","polygon":[{"x":3659,"y":1391},{"x":3854,"y":1409},{"x":4000,"y":1444},{"x":4153,"y":1500},{"x":4132,"y":1565},{"x":4166,"y":1766},{"x":4078,"y":1875},{"x":4188,"y":1977},{"x":4307,"y":2088},{"x":4157,"y":2084},{"x":4007,"y":2084},{"x":3797,"y":2086},{"x":3905,"y":1912},{"x":3848,"y":1717},{"x":3734,"y":1619},{"x":3618,"y":1519}]},{"usedWorldBlocks":[{"x":0,"y":0},{"x":0,"y":1},{"x":1,"y":1},{"x":2,"y":1},{"x":3,"y":1},{"x":4,"y":1},{"x":4,"y":2},{"x":5,"y":1},{"x":5,"y":2},{"x":5,"y":3},{"x":5,"y":4},{"x":4,"y":4},{"x":4,"y":3},{"x":3,"y":3},{"x":3,"y":2},{"x":2,"y":2},{"x":1,"y":2},{"x":0,"y":2},{"x":6,"y":1},{"x":7,"y":1},{"x":7,"y":2},{"x":7,"y":3},{"x":7,"y":4},{"x":6,"y":4},{"x":6,"y":3},{"x":6,"y":2},{"x":8,"y":1},{"x":8,"y":0},{"x":9,"y":0},{"x":9,"y":1},{"x":9,"y":2},{"x":9,"y":3},{"x":9,"y":4},{"x":8,"y":4},{"x":8,"y":3},{"x":8,"y":2},{"x":10,"y":1},{"x":11,"y":1},{"x":11,"y":2},{"x":12,"y":2},{"x":13,"y":2},{"x":14,"y":2},{"x":15,"y":2},{"x":15,"y":1},{"x":16,"y":1},{"x":17,"y":1},{"x":18,"y":1},{"x":19,"y":1},{"x":19,"y":0},{"x":19,"y":2},{"x":19,"y":3},{"x":19,"y":4},{"x":18,"y":3},{"x":18,"y":2},{"x":17,"y":2},{"x":17,"y":3},{"x":16,"y":2},{"x":16,"y":3},{"x":15,"y":3},{"x":14,"y":3},{"x":13,"y":3},{"x":11,"y":3},{"x":11,"y":4},{"x":10,"y":4},{"x":10,"y":3},{"x":10,"y":2},{"x":10,"y":0},{"x":11,"y":0},{"x":12,"y":0},{"x":13,"y":0},{"x":14,"y":0},{"x":15,"y":0},{"x":16,"y":0},{"x":17,"y":0},{"x":18,"y":0},{"x":14,"y":1},{"x":13,"y":1},{"x":12,"y":1},{"x":20,"y":1},{"x":21,"y":1},{"x":21,"y":0},{"x":22,"y":0},{"x":23,"y":0},{"x":23,"y":1},{"x":22,"y":1},{"x":20,"y":2},{"x":21,"y":2},{"x":22,"y":2},{"x":23,"y":2},{"x":24,"y":1},{"x":25,"y":1},{"x":25,"y":2},{"x":26,"y":2},{"x":26,"y":3},{"x":26,"y":4},{"x":25,"y":4},{"x":25,"y":3},{"x":24,"y":2},{"x":22,"y":3},{"x":21,"y":3},{"x":22,"y":4},{"x":21,"y":4},{"x":27,"y":2},{"x":27,"y":1},{"x":28,"y":1},{"x":29,"y":1},{"x":29,"y":2},{"x":28,"y":2},{"x":28,"y":3},{"x":28,"y":4},{"x":27,"y":4},{"x":27,"y":3},{"x":29,"y":3},{"x":29,"y":4},{"x":30,"y":1},{"x":31,"y":1},{"x":32,"y":1},{"x":31,"y":2},{"x":30,"y":2},{"x":30,"y":0},{"x":31,"y":0},{"x":32,"y":0},{"x":30,"y":3},{"x":32,"y":2},{"x":31,"y":3},{"x":31,"y":4},{"x":33,"y":3},{"x":34,"y":3},{"x":35,"y":3},{"x":35,"y":4},{"x":33,"y":4},{"x":32,"y":4},{"x":32,"y":3},{"x":33,"y":0},{"x":34,"y":0},{"x":34,"y":1},{"x":34,"y":2},{"x":33,"y":2},{"x":33,"y":1},{"x":36,"y":3},{"x":36,"y":2},{"x":37,"y":2},{"x":38,"y":2},{"x":39,"y":2},{"x":40,"y":2},{"x":40,"y":3},{"x":39,"y":3},{"x":38,"y":3},{"x":37,"y":3},{"x":37,"y":4},{"x":36,"y":4},{"x":35,"y":1},{"x":36,"y":1},{"x":37,"y":1},{"x":38,"y":1},{"x":39,"y":1},{"x":40,"y":1},{"x":35,"y":2}],"terrainTextureId":"polygon_terrain_1","polygon":[{"x":4405,"y":1665},{"x":4552,"y":1614},{"x":4671,"y":1523},{"x":4806,"y":1450},{"x":4917,"y":1354},{"x":4978,"y":1454},{"x":4845,"y":1682},{"x":4919,"y":1821},{"x":4928,"y":2042},{"x":4778,"y":2047},{"x":4599,"y":2053},{"x":4571,"y":1918},{"x":4405,"y":1815}]}]],[[{"usedWorldBlocks":[{"x":0,"y":0},{"x":0,"y":1},{"x":1,"y":1},{"x":2,"y":1},{"x":3,"y":1},{"x":4,"y":1},{"x":4,"y":2},{"x":5,"y":1},{"x":5,"y":2},{"x":5,"y":3},{"x":5,"y":4},{"x":4,"y":4},{"x":4,"y":3},{"x":3,"y":3},{"x":3,"y":2},{"x":2,"y":2},{"x":1,"y":2},{"x":0,"y":2},{"x":6,"y":1},{"x":7,"y":1},{"x":7,"y":2},{"x":7,"y":3},{"x":7,"y":4},{"x":6,"y":4},{"x":6,"y":3},{"x":6,"y":2},{"x":8,"y":1},{"x":8,"y":0},{"x":9,"y":0},{"x":9,"y":1},{"x":9,"y":2},{"x":9,"y":3},{"x":9,"y":4},{"x":8,"y":4},{"x":8,"y":3},{"x":8,"y":2},{"x":10,"y":1},{"x":11,"y":1},{"x":11,"y":2},{"x":12,"y":2},{"x":13,"y":2},{"x":14,"y":2},{"x":15,"y":2},{"x":15,"y":1},{"x":16,"y":1},{"x":17,"y":1},{"x":18,"y":1},{"x":19,"y":1},{"x":19,"y":0},{"x":19,"y":2},{"x":19,"y":3},{"x":19,"y":4},{"x":18,"y":3},{"x":18,"y":2},{"x":17,"y":2},{"x":17,"y":3},{"x":16,"y":2},{"x":16,"y":3},{"x":15,"y":3},{"x":14,"y":3},{"x":13,"y":3},{"x":11,"y":3},{"x":11,"y":4},{"x":10,"y":4},{"x":10,"y":3},{"x":10,"y":2},{"x":10,"y":0},{"x":11,"y":0},{"x":12,"y":0},{"x":13,"y":0},{"x":14,"y":0},{"x":15,"y":0},{"x":16,"y":0},{"x":17,"y":0},{"x":18,"y":0},{"x":14,"y":1},{"x":13,"y":1},{"x":12,"y":1},{"x":20,"y":1},{"x":21,"y":1},{"x":21,"y":0},{"x":22,"y":0},{"x":23,"y":0},{"x":23,"y":1},{"x":22,"y":1},{"x":20,"y":2},{"x":21,"y":2},{"x":22,"y":2},{"x":23,"y":2},{"x":24,"y":1},{"x":25,"y":1},{"x":25,"y":2},{"x":26,"y":2},{"x":26,"y":3},{"x":26,"y":4},{"x":25,"y":4},{"x":25,"y":3},{"x":24,"y":2},{"x":22,"y":3},{"x":21,"y":3},{"x":22,"y":4},{"x":21,"y":4},{"x":27,"y":2},{"x":27,"y":1},{"x":28,"y":1},{"x":29,"y":1},{"x":29,"y":2},{"x":28,"y":2},{"x":28,"y":3},{"x":28,"y":4},{"x":27,"y":4},{"x":27,"y":3},{"x":29,"y":3},{"x":29,"y":4},{"x":30,"y":1},{"x":31,"y":1},{"x":32,"y":1},{"x":31,"y":2},{"x":30,"y":2},{"x":30,"y":0},{"x":31,"y":0},{"x":32,"y":0},{"x":30,"y":3},{"x":32,"y":2},{"x":31,"y":3},{"x":31,"y":4},{"x":33,"y":3},{"x":34,"y":3},{"x":35,"y":3},{"x":35,"y":4},{"x":33,"y":4},{"x":32,"y":4},{"x":32,"y":3},{"x":33,"y":0},{"x":34,"y":0},{"x":34,"y":1},{"x":34,"y":2},{"x":33,"y":2},{"x":33,"y":1},{"x":36,"y":3},{"x":36,"y":2},{"x":37,"y":2},{"x":38,"y":2},{"x":39,"y":2},{"x":40,"y":2},{"x":40,"y":3},{"x":39,"y":3},{"x":38,"y":3},{"x":37,"y":3},{"x":37,"y":4},{"x":36,"y":4},{"x":35,"y":1},{"x":36,"y":1},{"x":37,"y":1},{"x":38,"y":1},{"x":39,"y":1},{"x":40,"y":1},{"x":35,"y":2}],"terrainTextureId":"polygon_terrain_1","polygon":[{"x":174,"y":855},{"x":326,"y":851},{"x":466,"y":789},{"x":692,"y":740},{"x":901,"y":757},{"x":1065,"y":879},{"x":889,"y":1050},{"x":652,"y":980},{"x":448,"y":915},{"x":324,"y":1005},{"x":174,"y":1005}]},{"usedWorldBlocks":[{"x":0,"y":0},{"x":0,"y":1},{"x":1,"y":1},{"x":2,"y":1},{"x":3,"y":1},{"x":4,"y":1},{"x":4,"y":2},{"x":5,"y":1},{"x":5,"y":2},{"x":5,"y":3},{"x":5,"y":4},{"x":4,"y":4},{"x":4,"y":3},{"x":3,"y":3},{"x":3,"y":2},{"x":2,"y":2},{"x":1,"y":2},{"x":0,"y":2},{"x":6,"y":1},{"x":7,"y":1},{"x":7,"y":2},{"x":7,"y":3},{"x":7,"y":4},{"x":6,"y":4},{"x":6,"y":3},{"x":6,"y":2},{"x":8,"y":1},{"x":8,"y":0},{"x":9,"y":0},{"x":9,"y":1},{"x":9,"y":2},{"x":9,"y":3},{"x":9,"y":4},{"x":8,"y":4},{"x":8,"y":3},{"x":8,"y":2},{"x":10,"y":1},{"x":11,"y":1},{"x":11,"y":2},{"x":12,"y":2},{"x":13,"y":2},{"x":14,"y":2},{"x":15,"y":2},{"x":15,"y":1},{"x":16,"y":1},{"x":17,"y":1},{"x":18,"y":1},{"x":19,"y":1},{"x":19,"y":0},{"x":19,"y":2},{"x":19,"y":3},{"x":19,"y":4},{"x":18,"y":3},{"x":18,"y":2},{"x":17,"y":2},{"x":17,"y":3},{"x":16,"y":2},{"x":16,"y":3},{"x":15,"y":3},{"x":14,"y":3},{"x":13,"y":3},{"x":11,"y":3},{"x":11,"y":4},{"x":10,"y":4},{"x":10,"y":3},{"x":10,"y":2},{"x":10,"y":0},{"x":11,"y":0},{"x":12,"y":0},{"x":13,"y":0},{"x":14,"y":0},{"x":15,"y":0},{"x":16,"y":0},{"x":17,"y":0},{"x":18,"y":0},{"x":14,"y":1},{"x":13,"y":1},{"x":12,"y":1},{"x":20,"y":1},{"x":21,"y":1},{"x":21,"y":0},{"x":22,"y":0},{"x":23,"y":0},{"x":23,"y":1},{"x":22,"y":1},{"x":20,"y":2},{"x":21,"y":2},{"x":22,"y":2},{"x":23,"y":2},{"x":24,"y":1},{"x":25,"y":1},{"x":25,"y":2},{"x":26,"y":2},{"x":26,"y":3},{"x":26,"y":4},{"x":25,"y":4},{"x":25,"y":3},{"x":24,"y":2},{"x":22,"y":3},{"x":21,"y":3},{"x":22,"y":4},{"x":21,"y":4},{"x":27,"y":2},{"x":27,"y":1},{"x":28,"y":1},{"x":29,"y":1},{"x":29,"y":2},{"x":28,"y":2},{"x":28,"y":3},{"x":28,"y":4},{"x":27,"y":4},{"x":27,"y":3},{"x":29,"y":3},{"x":29,"y":4},{"x":30,"y":1},{"x":31,"y":1},{"x":32,"y":1},{"x":31,"y":2},{"x":30,"y":2},{"x":30,"y":0},{"x":31,"y":0},{"x":32,"y":0},{"x":30,"y":3},{"x":32,"y":2},{"x":31,"y":3},{"x":31,"y":4},{"x":33,"y":3},{"x":34,"y":3},{"x":35,"y":3},{"x":35,"y":4},{"x":33,"y":4},{"x":32,"y":4},{"x":32,"y":3},{"x":33,"y":0},{"x":34,"y":0},{"x":34,"y":1},{"x":34,"y":2},{"x":33,"y":2},{"x":33,"y":1},{"x":36,"y":3},{"x":36,"y":2},{"x":37,"y":2},{"x":38,"y":2},{"x":39,"y":2},{"x":40,"y":2},{"x":40,"y":3},{"x":39,"y":3},{"x":38,"y":3},{"x":37,"y":3},{"x":37,"y":4},{"x":36,"y":4},{"x":35,"y":1},{"x":36,"y":1},{"x":37,"y":1},{"x":38,"y":1},{"x":39,"y":1},{"x":40,"y":1},{"x":35,"y":2}],"terrainTextureId":"polygon_terrain_1","polygon":[{"x":121,"y":302},{"x":152,"y":107},{"x":418,"y":181},{"x":540,"y":112},{"x":774,"y":83},{"x":971,"y":134},{"x":1121,"y":137},{"x":1296,"y":140},{"x":1300,"y":306},{"x":1287,"y":488},{"x":1079,"y":642},{"x":840,"y":485},{"x":648,"y":429},{"x":371,"y":488},{"x":211,"y":604},{"x":47,"y":482}]},{"usedWorldBlocks":[{"x":0,"y":0},{"x":0,"y":1},{"x":1,"y":1},{"x":2,"y":1},{"x":3,"y":1},{"x":4,"y":1},{"x":4,"y":2},{"x":5,"y":1},{"x":5,"y":2},{"x":5,"y":3},{"x":5,"y":4},{"x":4,"y":4},{"x":4,"y":3},{"x":3,"y":3},{"x":3,"y":2},{"x":2,"y":2},{"x":1,"y":2},{"x":0,"y":2},{"x":6,"y":1},{"x":7,"y":1},{"x":7,"y":2},{"x":7,"y":3},{"x":7,"y":4},{"x":6,"y":4},{"x":6,"y":3},{"x":6,"y":2},{"x":8,"y":1},{"x":8,"y":0},{"x":9,"y":0},{"x":9,"y":1},{"x":9,"y":2},{"x":9,"y":3},{"x":9,"y":4},{"x":8,"y":4},{"x":8,"y":3},{"x":8,"y":2},{"x":10,"y":1},{"x":11,"y":1},{"x":11,"y":2},{"x":12,"y":2},{"x":13,"y":2},{"x":14,"y":2},{"x":15,"y":2},{"x":15,"y":1},{"x":16,"y":1},{"x":17,"y":1},{"x":18,"y":1},{"x":19,"y":1},{"x":19,"y":0},{"x":19,"y":2},{"x":19,"y":3},{"x":19,"y":4},{"x":18,"y":3},{"x":18,"y":2},{"x":17,"y":2},{"x":17,"y":3},{"x":16,"y":2},{"x":16,"y":3},{"x":15,"y":3},{"x":14,"y":3},{"x":13,"y":3},{"x":11,"y":3},{"x":11,"y":4},{"x":10,"y":4},{"x":10,"y":3},{"x":10,"y":2},{"x":10,"y":0},{"x":11,"y":0},{"x":12,"y":0},{"x":13,"y":0},{"x":14,"y":0},{"x":15,"y":0},{"x":16,"y":0},{"x":17,"y":0},{"x":18,"y":0},{"x":14,"y":1},{"x":13,"y":1},{"x":12,"y":1},{"x":20,"y":1},{"x":21,"y":1},{"x":21,"y":0},{"x":22,"y":0},{"x":23,"y":0},{"x":23,"y":1},{"x":22,"y":1},{"x":20,"y":2},{"x":21,"y":2},{"x":22,"y":2},{"x":23,"y":2},{"x":24,"y":1},{"x":25,"y":1},{"x":25,"y":2},{"x":26,"y":2},{"x":26,"y":3},{"x":26,"y":4},{"x":25,"y":4},{"x":25,"y":3},{"x":24,"y":2},{"x":22,"y":3},{"x":21,"y":3},{"x":22,"y":4},{"x":21,"y":4},{"x":27,"y":2},{"x":27,"y":1},{"x":28,"y":1},{"x":29,"y":1},{"x":29,"y":2},{"x":28,"y":2},{"x":28,"y":3},{"x":28,"y":4},{"x":27,"y":4},{"x":27,"y":3},{"x":29,"y":3},{"x":29,"y":4},{"x":30,"y":1},{"x":31,"y":1},{"x":32,"y":1},{"x":31,"y":2},{"x":30,"y":2},{"x":30,"y":0},{"x":31,"y":0},{"x":32,"y":0},{"x":30,"y":3},{"x":32,"y":2},{"x":31,"y":3},{"x":31,"y":4},{"x":33,"y":3},{"x":34,"y":3},{"x":35,"y":3},{"x":35,"y":4},{"x":33,"y":4},{"x":32,"y":4},{"x":32,"y":3},{"x":33,"y":0},{"x":34,"y":0},{"x":34,"y":1},{"x":34,"y":2},{"x":33,"y":2},{"x":33,"y":1},{"x":36,"y":3},{"x":36,"y":2},{"x":37,"y":2},{"x":38,"y":2},{"x":39,"y":2},{"x":40,"y":2},{"x":40,"y":3},{"x":39,"y":3},{"x":38,"y":3},{"x":37,"y":3},{"x":37,"y":4},{"x":36,"y":4},{"x":35,"y":1},{"x":36,"y":1},{"x":37,"y":1},{"x":38,"y":1},{"x":39,"y":1},{"x":40,"y":1},{"x":35,"y":2}],"terrainTextureId":"polygon_terrain_1","polygon":[{"x":144,"y":1580},{"x":236,"y":1516},{"x":332,"y":1372},{"x":492,"y":1439},{"x":684,"y":1452},{"x":826,"y":1405},{"x":968,"y":1342},{"x":1035,"y":1457},{"x":938,"y":1641},{"x":902,"y":1804},{"x":958,"y":2062},{"x":706,"y":2063},{"x":553,"y":2075},{"x":523,"y":1942},{"x":371,"y":1771},{"x":204,"y":1677}]},{"usedWorldBlocks":[{"x":0,"y":0},{"x":0,"y":1},{"x":1,"y":1},{"x":2,"y":1},{"x":3,"y":1},{"x":4,"y":1},{"x":4,"y":2},{"x":5,"y":1},{"x":5,"y":2},{"x":5,"y":3},{"x":5,"y":4},{"x":4,"y":4},{"x":4,"y":3},{"x":3,"y":3},{"x":3,"y":2},{"x":2,"y":2},{"x":1,"y":2},{"x":0,"y":2},{"x":6,"y":1},{"x":7,"y":1},{"x":7,"y":2},{"x":7,"y":3},{"x":7,"y":4},{"x":6,"y":4},{"x":6,"y":3},{"x":6,"y":2},{"x":8,"y":1},{"x":8,"y":0},{"x":9,"y":0},{"x":9,"y":1},{"x":9,"y":2},{"x":9,"y":3},{"x":9,"y":4},{"x":8,"y":4},{"x":8,"y":3},{"x":8,"y":2},{"x":10,"y":1},{"x":11,"y":1},{"x":11,"y":2},{"x":12,"y":2},{"x":13,"y":2},{"x":14,"y":2},{"x":15,"y":2},{"x":15,"y":1},{"x":16,"y":1},{"x":17,"y":1},{"x":18,"y":1},{"x":19,"y":1},{"x":19,"y":0},{"x":19,"y":2},{"x":19,"y":3},{"x":19,"y":4},{"x":18,"y":3},{"x":18,"y":2},{"x":17,"y":2},{"x":17,"y":3},{"x":16,"y":2},{"x":16,"y":3},{"x":15,"y":3},{"x":14,"y":3},{"x":13,"y":3},{"x":11,"y":3},{"x":11,"y":4},{"x":10,"y":4},{"x":10,"y":3},{"x":10,"y":2},{"x":10,"y":0},{"x":11,"y":0},{"x":12,"y":0},{"x":13,"y":0},{"x":14,"y":0},{"x":15,"y":0},{"x":16,"y":0},{"x":17,"y":0},{"x":18,"y":0},{"x":14,"y":1},{"x":13,"y":1},{"x":12,"y":1},{"x":20,"y":1},{"x":21,"y":1},{"x":21,"y":0},{"x":22,"y":0},{"x":23,"y":0},{"x":23,"y":1},{"x":22,"y":1},{"x":20,"y":2},{"x":21,"y":2},{"x":22,"y":2},{"x":23,"y":2},{"x":24,"y":1},{"x":25,"y":1},{"x":25,"y":2},{"x":26,"y":2},{"x":26,"y":3},{"x":26,"y":4},{"x":25,"y":4},{"x":25,"y":3},{"x":24,"y":2},{"x":22,"y":3},{"x":21,"y":3},{"x":22,"y":4},{"x":21,"y":4},{"x":27,"y":2},{"x":27,"y":1},{"x":28,"y":1},{"x":29,"y":1},{"x":29,"y":2},{"x":28,"y":2},{"x":28,"y":3},{"x":28,"y":4},{"x":27,"y":4},{"x":27,"y":3},{"x":29,"y":3},{"x":29,"y":4},{"x":30,"y":1},{"x":31,"y":1},{"x":32,"y":1},{"x":31,"y":2},{"x":30,"y":2},{"x":30,"y":0},{"x":31,"y":0},{"x":32,"y":0},{"x":30,"y":3},{"x":32,"y":2},{"x":31,"y":3},{"x":31,"y":4},{"x":33,"y":3},{"x":34,"y":3},{"x":35,"y":3},{"x":35,"y":4},{"x":33,"y":4},{"x":32,"y":4},{"x":32,"y":3},{"x":33,"y":0},{"x":34,"y":0},{"x":34,"y":1},{"x":34,"y":2},{"x":33,"y":2},{"x":33,"y":1},{"x":36,"y":3},{"x":36,"y":2},{"x":37,"y":2},{"x":38,"y":2},{"x":39,"y":2},{"x":40,"y":2},{"x":40,"y":3},{"x":39,"y":3},{"x":38,"y":3},{"x":37,"y":3},{"x":37,"y":4},{"x":36,"y":4},{"x":35,"y":1},{"x":36,"y":1},{"x":37,"y":1},{"x":38,"y":1},{"x":39,"y":1},{"x":40,"y":1},{"x":35,"y":2}],"terrainTextureId":"polygon_terrain_1","polygon":[{"x":1249,"y":1381},{"x":1366,"y":1372},{"x":1458,"y":1490},{"x":1576,"y":1582},{"x":1697,"y":1678},{"x":1841,"y":1747},{"x":1981,"y":1776},{"x":2129,"y":1757},{"x":2265,"y":1692},{"x":2400,"y":1627},{"x":2561,"y":1516},{"x":2634,"y":1573},{"x":2656,"y":1812},{"x":2784,"y":2031},{"x":2536,"y":2021},{"x":2411,"y":1925},{"x":2199,"y":1852},{"x":2069,"y":1897},{"x":1869,"y":2028},{"x":1719,"y":2029},{"x":1569,"y":2030},{"x":1386,"y":2031},{"x":1430,"y":1865},{"x":1347,"y":1733},{"x":1327,"y":1580}]},{"usedWorldBlocks":[{"x":0,"y":0},{"x":0,"y":1},{"x":1,"y":1},{"x":2,"y":1},{"x":3,"y":1},{"x":4,"y":1},{"x":4,"y":2},{"x":5,"y":1},{"x":5,"y":2},{"x":5,"y":3},{"x":5,"y":4},{"x":4,"y":4},{"x":4,"y":3},{"x":3,"y":3},{"x":3,"y":2},{"x":2,"y":2},{"x":1,"y":2},{"x":0,"y":2},{"x":6,"y":1},{"x":7,"y":1},{"x":7,"y":2},{"x":7,"y":3},{"x":7,"y":4},{"x":6,"y":4},{"x":6,"y":3},{"x":6,"y":2},{"x":8,"y":1},{"x":8,"y":0},{"x":9,"y":0},{"x":9,"y":1},{"x":9,"y":2},{"x":9,"y":3},{"x":9,"y":4},{"x":8,"y":4},{"x":8,"y":3},{"x":8,"y":2},{"x":10,"y":1},{"x":11,"y":1},{"x":11,"y":2},{"x":12,"y":2},{"x":13,"y":2},{"x":14,"y":2},{"x":15,"y":2},{"x":15,"y":1},{"x":16,"y":1},{"x":17,"y":1},{"x":18,"y":1},{"x":19,"y":1},{"x":19,"y":0},{"x":19,"y":2},{"x":19,"y":3},{"x":19,"y":4},{"x":18,"y":3},{"x":18,"y":2},{"x":17,"y":2},{"x":17,"y":3},{"x":16,"y":2},{"x":16,"y":3},{"x":15,"y":3},{"x":14,"y":3},{"x":13,"y":3},{"x":11,"y":3},{"x":11,"y":4},{"x":10,"y":4},{"x":10,"y":3},{"x":10,"y":2},{"x":10,"y":0},{"x":11,"y":0},{"x":12,"y":0},{"x":13,"y":0},{"x":14,"y":0},{"x":15,"y":0},{"x":16,"y":0},{"x":17,"y":0},{"x":18,"y":0},{"x":14,"y":1},{"x":13,"y":1},{"x":12,"y":1},{"x":20,"y":1},{"x":21,"y":1},{"x":21,"y":0},{"x":22,"y":0},{"x":23,"y":0},{"x":23,"y":1},{"x":22,"y":1},{"x":20,"y":2},{"x":21,"y":2},{"x":22,"y":2},{"x":23,"y":2},{"x":24,"y":1},{"x":25,"y":1},{"x":25,"y":2},{"x":26,"y":2},{"x":26,"y":3},{"x":26,"y":4},{"x":25,"y":4},{"x":25,"y":3},{"x":24,"y":2},{"x":22,"y":3},{"x":21,"y":3},{"x":22,"y":4},{"x":21,"y":4},{"x":27,"y":2},{"x":27,"y":1},{"x":28,"y":1},{"x":29,"y":1},{"x":29,"y":2},{"x":28,"y":2},{"x":28,"y":3},{"x":28,"y":4},{"x":27,"y":4},{"x":27,"y":3},{"x":29,"y":3},{"x":29,"y":4},{"x":30,"y":1},{"x":31,"y":1},{"x":32,"y":1},{"x":31,"y":2},{"x":30,"y":2},{"x":30,"y":0},{"x":31,"y":0},{"x":32,"y":0},{"x":30,"y":3},{"x":32,"y":2},{"x":31,"y":3},{"x":31,"y":4},{"x":33,"y":3},{"x":34,"y":3},{"x":35,"y":3},{"x":35,"y":4},{"x":33,"y":4},{"x":32,"y":4},{"x":32,"y":3},{"x":33,"y":0},{"x":34,"y":0},{"x":34,"y":1},{"x":34,"y":2},{"x":33,"y":2},{"x":33,"y":1},{"x":36,"y":3},{"x":36,"y":2},{"x":37,"y":2},{"x":38,"y":2},{"x":39,"y":2},{"x":40,"y":2},{"x":40,"y":3},{"x":39,"y":3},{"x":38,"y":3},{"x":37,"y":3},{"x":37,"y":4},{"x":36,"y":4},{"x":35,"y":1},{"x":36,"y":1},{"x":37,"y":1},{"x":38,"y":1},{"x":39,"y":1},{"x":40,"y":1},{"x":35,"y":2}],"terrainTextureId":"polygon_terrain_1","polygon":[{"x":1470,"y":683},{"x":1659,"y":483},{"x":1710,"y":318},{"x":1690,"y":59},{"x":1899,"y":99},{"x":1938,"y":209},{"x":2146,"y":271},{"x":2215,"y":404},{"x":2355,"y":565},{"x":2278,"y":758},{"x":2391,"y":912},{"x":2406,"y":1100},{"x":2275,"y":1175},{"x":2177,"y":1321},{"x":2027,"y":1327},{"x":1860,"y":1333},{"x":1746,"y":1235},{"x":1614,"y":1122},{"x":1519,"y":993},{"x":1516,"y":825}]},{"usedWorldBlocks":[{"x":0,"y":0},{"x":0,"y":1},{"x":1,"y":1},{"x":2,"y":1},{"x":3,"y":1},{"x":4,"y":1},{"x":4,"y":2},{"x":5,"y":1},{"x":5,"y":2},{"x":5,"y":3},{"x":5,"y":4},{"x":4,"y":4},{"x":4,"y":3},{"x":3,"y":3},{"x":3,"y":2},{"x":2,"y":2},{"x":1,"y":2},{"x":0,"y":2},{"x":6,"y":1},{"x":7,"y":1},{"x":7,"y":2},{"x":7,"y":3},{"x":7,"y":4},{"x":6,"y":4},{"x":6,"y":3},{"x":6,"y":2},{"x":8,"y":1},{"x":8,"y":0},{"x":9,"y":0},{"x":9,"y":1},{"x":9,"y":2},{"x":9,"y":3},{"x":9,"y":4},{"x":8,"y":4},{"x":8,"y":3},{"x":8,"y":2},{"x":10,"y":1},{"x":11,"y":1},{"x":11,"y":2},{"x":12,"y":2},{"x":13,"y":2},{"x":14,"y":2},{"x":15,"y":2},{"x":15,"y":1},{"x":16,"y":1},{"x":17,"y":1},{"x":18,"y":1},{"x":19,"y":1},{"x":19,"y":0},{"x":19,"y":2},{"x":19,"y":3},{"x":19,"y":4},{"x":18,"y":3},{"x":18,"y":2},{"x":17,"y":2},{"x":17,"y":3},{"x":16,"y":2},{"x":16,"y":3},{"x":15,"y":3},{"x":14,"y":3},{"x":13,"y":3},{"x":11,"y":3},{"x":11,"y":4},{"x":10,"y":4},{"x":10,"y":3},{"x":10,"y":2},{"x":10,"y":0},{"x":11,"y":0},{"x":12,"y":0},{"x":13,"y":0},{"x":14,"y":0},{"x":15,"y":0},{"x":16,"y":0},{"x":17,"y":0},{"x":18,"y":0},{"x":14,"y":1},{"x":13,"y":1},{"x":12,"y":1},{"x":20,"y":1},{"x":21,"y":1},{"x":21,"y":0},{"x":22,"y":0},{"x":23,"y":0},{"x":23,"y":1},{"x":22,"y":1},{"x":20,"y":2},{"x":21,"y":2},{"x":22,"y":2},{"x":23,"y":2},{"x":24,"y":1},{"x":25,"y":1},{"x":25,"y":2},{"x":26,"y":2},{"x":26,"y":3},{"x":26,"y":4},{"x":25,"y":4},{"x":25,"y":3},{"x":24,"y":2},{"x":22,"y":3},{"x":21,"y":3},{"x":22,"y":4},{"x":21,"y":4},{"x":27,"y":2},{"x":27,"y":1},{"x":28,"y":1},{"x":29,"y":1},{"x":29,"y":2},{"x":28,"y":2},{"x":28,"y":3},{"x":28,"y":4},{"x":27,"y":4},{"x":27,"y":3},{"x":29,"y":3},{"x":29,"y":4},{"x":30,"y":1},{"x":31,"y":1},{"x":32,"y":1},{"x":31,"y":2},{"x":30,"y":2},{"x":30,"y":0},{"x":31,"y":0},{"x":32,"y":0},{"x":30,"y":3},{"x":32,"y":2},{"x":31,"y":3},{"x":31,"y":4},{"x":33,"y":3},{"x":34,"y":3},{"x":35,"y":3},{"x":35,"y":4},{"x":33,"y":4},{"x":32,"y":4},{"x":32,"y":3},{"x":33,"y":0},{"x":34,"y":0},{"x":34,"y":1},{"x":34,"y":2},{"x":33,"y":2},{"x":33,"y":1},{"x":36,"y":3},{"x":36,"y":2},{"x":37,"y":2},{"x":38,"y":2},{"x":39,"y":2},{"x":40,"y":2},{"x":40,"y":3},{"x":39,"y":3},{"x":38,"y":3},{"x":37,"y":3},{"x":37,"y":4},{"x":36,"y":4},{"x":35,"y":1},{"x":36,"y":1},{"x":37,"y":1},{"x":38,"y":1},{"x":39,"y":1},{"x":40,"y":1},{"x":35,"y":2}],"terrainTextureId":"polygon_terrain_1","polygon":[{"x":3095,"y":1520},{"x":3236,"y":1442},{"x":3330,"y":1334},{"x":3493,"y":1206},{"x":3664,"y":1281},{"x":3939,"y":1200},{"x":4084,"y":1237},{"x":4234,"y":1224},{"x":4383,"y":1212},{"x":4557,"y":1255},{"x":4682,"y":1187},{"x":4839,"y":1205},{"x":5064,"y":1155},{"x":5072,"y":1418},{"x":5077,"y":1568},{"x":5085,"y":1789},{"x":4808,"y":1797},{"x":4528,"y":1785},{"x":4308,"y":1792},{"x":4034,"y":1785},{"x":3838,"y":1842},{"x":3749,"y":2042},{"x":3599,"y":2050},{"x":3326,"y":2066},{"x":3278,"y":1918},{"x":3174,"y":1806},{"x":3026,"y":1698},{"x":2988,"y":1573}]},{"usedWorldBlocks":[{"x":0,"y":0},{"x":0,"y":1},{"x":1,"y":1},{"x":2,"y":1},{"x":3,"y":1},{"x":4,"y":1},{"x":4,"y":2},{"x":5,"y":1},{"x":5,"y":2},{"x":5,"y":3},{"x":5,"y":4},{"x":4,"y":4},{"x":4,"y":3},{"x":3,"y":3},{"x":3,"y":2},{"x":2,"y":2},{"x":1,"y":2},{"x":0,"y":2},{"x":6,"y":1},{"x":7,"y":1},{"x":7,"y":2},{"x":7,"y":3},{"x":7,"y":4},{"x":6,"y":4},{"x":6,"y":3},{"x":6,"y":2},{"x":8,"y":1},{"x":8,"y":0},{"x":9,"y":0},{"x":9,"y":1},{"x":9,"y":2},{"x":9,"y":3},{"x":9,"y":4},{"x":8,"y":4},{"x":8,"y":3},{"x":8,"y":2},{"x":10,"y":1},{"x":11,"y":1},{"x":11,"y":2},{"x":12,"y":2},{"x":13,"y":2},{"x":14,"y":2},{"x":15,"y":2},{"x":15,"y":1},{"x":16,"y":1},{"x":17,"y":1},{"x":18,"y":1},{"x":19,"y":1},{"x":19,"y":0},{"x":19,"y":2},{"x":19,"y":3},{"x":19,"y":4},{"x":18,"y":3},{"x":18,"y":2},{"x":17,"y":2},{"x":17,"y":3},{"x":16,"y":2},{"x":16,"y":3},{"x":15,"y":3},{"x":14,"y":3},{"x":13,"y":3},{"x":11,"y":3},{"x":11,"y":4},{"x":10,"y":4},{"x":10,"y":3},{"x":10,"y":2},{"x":10,"y":0},{"x":11,"y":0},{"x":12,"y":0},{"x":13,"y":0},{"x":14,"y":0},{"x":15,"y":0},{"x":16,"y":0},{"x":17,"y":0},{"x":18,"y":0},{"x":14,"y":1},{"x":13,"y":1},{"x":12,"y":1},{"x":20,"y":1},{"x":21,"y":1},{"x":21,"y":0},{"x":22,"y":0},{"x":23,"y":0},{"x":23,"y":1},{"x":22,"y":1},{"x":20,"y":2},{"x":21,"y":2},{"x":22,"y":2},{"x":23,"y":2},{"x":24,"y":1},{"x":25,"y":1},{"x":25,"y":2},{"x":26,"y":2},{"x":26,"y":3},{"x":26,"y":4},{"x":25,"y":4},{"x":25,"y":3},{"x":24,"y":2},{"x":22,"y":3},{"x":21,"y":3},{"x":22,"y":4},{"x":21,"y":4},{"x":27,"y":2},{"x":27,"y":1},{"x":28,"y":1},{"x":29,"y":1},{"x":29,"y":2},{"x":28,"y":2},{"x":28,"y":3},{"x":28,"y":4},{"x":27,"y":4},{"x":27,"y":3},{"x":29,"y":3},{"x":29,"y":4},{"x":30,"y":1},{"x":31,"y":1},{"x":32,"y":1},{"x":31,"y":2},{"x":30,"y":2},{"x":30,"y":0},{"x":31,"y":0},{"x":32,"y":0},{"x":30,"y":3},{"x":32,"y":2},{"x":31,"y":3},{"x":31,"y":4},{"x":33,"y":3},{"x":34,"y":3},{"x":35,"y":3},{"x":35,"y":4},{"x":33,"y":4},{"x":32,"y":4},{"x":32,"y":3},{"x":33,"y":0},{"x":34,"y":0},{"x":34,"y":1},{"x":34,"y":2},{"x":33,"y":2},{"x":33,"y":1},{"x":36,"y":3},{"x":36,"y":2},{"x":37,"y":2},{"x":38,"y":2},{"x":39,"y":2},{"x":40,"y":2},{"x":40,"y":3},{"x":39,"y":3},{"x":38,"y":3},{"x":37,"y":3},{"x":37,"y":4},{"x":36,"y":4},{"x":35,"y":1},{"x":36,"y":1},{"x":37,"y":1},{"x":38,"y":1},{"x":39,"y":1},{"x":40,"y":1},{"x":35,"y":2}],"terrainTextureId":"polygon_terrain_1","polygon":[{"x":2876,"y":845},{"x":2699,"y":649},{"x":2691,"y":527},{"x":2972,"y":521},{"x":3122,"y":526},{"x":3276,"y":532},{"x":3512,"y":529},{"x":3662,"y":534},{"x":3825,"y":539},{"x":3975,"y":541},{"x":4148,"y":543},{"x":4424,"y":541},{"x":4628,"y":529},{"x":4818,"y":534},{"x":5029,"y":514},{"x":5093,"y":777},{"x":4905,"y":763},{"x":4764,"y":711},{"x":4635,"y":825},{"x":4461,"y":868},{"x":4191,"y":838},{"x":3999,"y":912},{"x":3855,"y":879},{"x":3699,"y":967},{"x":3473,"y":932},{"x":3307,"y":977},{"x":3142,"y":1145},{"x":3011,"y":1071},{"x":2867,"y":1003}]}]]],"worldId":0,"polygonBackgroundData":[[[]],[[{"usedWorldBlocks":[{"x":10,"y":0},{"x":11,"y":1},{"x":12,"y":1},{"x":13,"y":1},{"x":14,"y":1},{"x":15,"y":1},{"x":16,"y":1},{"x":16,"y":0},{"x":17,"y":0},{"x":18,"y":0},{"x":19,"y":0},{"x":19,"y":1},{"x":18,"y":1},{"x":17,"y":1},{"x":16,"y":2},{"x":15,"y":2},{"x":14,"y":2},{"x":13,"y":2},{"x":12,"y":2},{"x":11,"y":2},{"x":10,"y":1},{"x":20,"y":1},{"x":21,"y":1},{"x":22,"y":1},{"x":23,"y":1},{"x":23,"y":2},{"x":22,"y":2},{"x":21,"y":2},{"x":20,"y":2},{"x":27,"y":2},{"x":28,"y":2},{"x":29,"y":2},{"x":29,"y":3},{"x":28,"y":3},{"x":29,"y":4},{"x":28,"y":4},{"x":30,"y":1},{"x":30,"y":0},{"x":31,"y":0},{"x":32,"y":1},{"x":31,"y":1},{"x":31,"y":2},{"x":31,"y":3},{"x":30,"y":2},{"x":33,"y":1},{"x":33,"y":2},{"x":34,"y":2},{"x":35,"y":3},{"x":34,"y":3},{"x":33,"y":3},{"x":32,"y":2},{"x":35,"y":1},{"x":36,"y":1},{"x":36,"y":2},{"x":37,"y":1},{"x":38,"y":1},{"x":39,"y":1},{"x":40,"y":1},{"x":40,"y":2},{"x":39,"y":2},{"x":38,"y":2},{"x":37,"y":2},{"x":36,"y":3},{"x":35,"y":2}],"terrainTextureId":"polygon_terrain_dark_1","polygon":[{"x":104,"y":395},{"x":254,"y":395},{"x":384,"y":469},{"x":556,"y":567},{"x":761,"y":601},{"x":969,"y":795},{"x":1024,"y":850},{"x":1172,"y":830},{"x":1329,"y":808},{"x":1464,"y":732},{"x":1743,"y":743},{"x":2002,"y":735},{"x":2131,"y":812},{"x":2267,"y":667},{"x":2414,"y":634},{"x":2568,"y":600},{"x":2731,"y":599},{"x":2915,"y":557},{"x":3087,"y":533},{"x":3212,"y":435},{"x":3403,"y":462},{"x":3599,"y":319},{"x":3863,"y":322},{"x":4012,"y":306},{"x":4187,"y":289},{"x":4329,"y":348},{"x":4515,"y":275},{"x":4702,"y":145},{"x":4930,"y":173},{"x":4879,"y":316},{"x":4899,"y":502},{"x":4758,"y":554},{"x":4527,"y":640},{"x":4337,"y":847},{"x":4188,"y":831},{"x":4003,"y":810},{"x":3868,"y":694},{"x":3714,"y":685},{"x":3584,"y":836},{"x":3371,"y":892},{"x":3140,"y":923},{"x":3021,"y":1014},{"x":2888,"y":1117},{"x":2724,"y":1018},{"x":2590,"y":1123},{"x":2429,"y":1108},{"x":2224,"y":1233},{"x":1972,"y":1235},{"x":1850,"y":1077},{"x":1648,"y":1088},{"x":1416,"y":1144},{"x":1272,"y":1187},{"x":1127,"y":1231},{"x":978,"y":1210},{"x":692,"y":1171},{"x":521,"y":1058},{"x":478,"y":880},{"x":287,"y":895},{"x":70,"y":823},{"x":111,"y":556}]}]],[[{"usedWorldBlocks":[{"x":10,"y":0},{"x":11,"y":1},{"x":12,"y":1},{"x":13,"y":1},{"x":14,"y":1},{"x":15,"y":1},{"x":16,"y":1},{"x":16,"y":0},{"x":17,"y":0},{"x":18,"y":0},{"x":19,"y":0},{"x":19,"y":1},{"x":18,"y":1},{"x":17,"y":1},{"x":16,"y":2},{"x":15,"y":2},{"x":14,"y":2},{"x":13,"y":2},{"x":12,"y":2},{"x":11,"y":2},{"x":10,"y":1},{"x":20,"y":1},{"x":21,"y":1},{"x":22,"y":1},{"x":23,"y":1},{"x":23,"y":2},{"x":22,"y":2},{"x":21,"y":2},{"x":20,"y":2},{"x":27,"y":2},{"x":28,"y":2},{"x":29,"y":2},{"x":29,"y":3},{"x":28,"y":3},{"x":29,"y":4},{"x":28,"y":4},{"x":30,"y":1},{"x":30,"y":0},{"x":31,"y":0},{"x":32,"y":1},{"x":31,"y":1},{"x":31,"y":2},{"x":31,"y":3},{"x":30,"y":2},{"x":33,"y":1},{"x":33,"y":2},{"x":34,"y":2},{"x":35,"y":3},{"x":34,"y":3},{"x":33,"y":3},{"x":32,"y":2},{"x":35,"y":1},{"x":36,"y":1},{"x":36,"y":2},{"x":37,"y":1},{"x":38,"y":1},{"x":39,"y":1},{"x":40,"y":1},{"x":40,"y":2},{"x":39,"y":2},{"x":38,"y":2},{"x":37,"y":2},{"x":36,"y":3},{"x":35,"y":2}],"terrainTextureId":"polygon_terrain_dark_1","polygon":[{"x":351,"y":605},{"x":501,"y":605},{"x":683,"y":797},{"x":768,"y":750},{"x":840,"y":606},{"x":1026,"y":541},{"x":1288,"y":543},{"x":1462,"y":709},{"x":1627,"y":690},{"x":1613,"y":824},{"x":1658,"y":1048},{"x":1402,"y":1033},{"x":1155,"y":1048},{"x":1009,"y":1087},{"x":859,"y":1127},{"x":710,"y":1144},{"x":535,"y":1165},{"x":350,"y":1092},{"x":202,"y":1020},{"x":329,"y":810}]},{"usedWorldBlocks":[{"x":10,"y":0},{"x":11,"y":1},{"x":12,"y":1},{"x":13,"y":1},{"x":14,"y":1},{"x":15,"y":1},{"x":16,"y":1},{"x":16,"y":0},{"x":17,"y":0},{"x":18,"y":0},{"x":19,"y":0},{"x":19,"y":1},{"x":18,"y":1},{"x":17,"y":1},{"x":16,"y":2},{"x":15,"y":2},{"x":14,"y":2},{"x":13,"y":2},{"x":12,"y":2},{"x":11,"y":2},{"x":10,"y":1},{"x":20,"y":1},{"x":21,"y":1},{"x":22,"y":1},{"x":23,"y":1},{"x":23,"y":2},{"x":22,"y":2},{"x":21,"y":2},{"x":20,"y":2},{"x":27,"y":2},{"x":28,"y":2},{"x":29,"y":2},{"x":29,"y":3},{"x":28,"y":3},{"x":29,"y":4},{"x":28,"y":4},{"x":30,"y":1},{"x":30,"y":0},{"x":31,"y":0},{"x":32,"y":1},{"x":31,"y":1},{"x":31,"y":2},{"x":31,"y":3},{"x":30,"y":2},{"x":33,"y":1},{"x":33,"y":2},{"x":34,"y":2},{"x":35,"y":3},{"x":34,"y":3},{"x":33,"y":3},{"x":32,"y":2},{"x":35,"y":1},{"x":36,"y":1},{"x":36,"y":2},{"x":37,"y":1},{"x":38,"y":1},{"x":39,"y":1},{"x":40,"y":1},{"x":40,"y":2},{"x":39,"y":2},{"x":38,"y":2},{"x":37,"y":2},{"x":36,"y":3},{"x":35,"y":2}],"terrainTextureId":"polygon_terrain_dark_1","polygon":[{"x":3863,"y":1080},{"x":4013,"y":1080},{"x":4279,"y":1062},{"x":4441,"y":1014},{"x":4665,"y":1021},{"x":4810,"y":1059},{"x":4765,"y":1205},{"x":4885,"y":1431},{"x":4712,"y":1545},{"x":4482,"y":1682},{"x":4545,"y":1818},{"x":4639,"y":2020},{"x":4447,"y":2037},{"x":4170,"y":2050},{"x":4052,"y":1857},{"x":4126,"y":1658},{"x":4108,"y":1515},{"x":3962,"y":1482},{"x":3687,"y":1420},{"x":3814,"y":1230}]}]],[[{"usedWorldBlocks":[{"x":10,"y":0},{"x":11,"y":1},{"x":12,"y":1},{"x":13,"y":1},{"x":14,"y":1},{"x":15,"y":1},{"x":16,"y":1},{"x":16,"y":0},{"x":17,"y":0},{"x":18,"y":0},{"x":19,"y":0},{"x":19,"y":1},{"x":18,"y":1},{"x":17,"y":1},{"x":16,"y":2},{"x":15,"y":2},{"x":14,"y":2},{"x":13,"y":2},{"x":12,"y":2},{"x":11,"y":2},{"x":10,"y":1},{"x":20,"y":1},{"x":21,"y":1},{"x":22,"y":1},{"x":23,"y":1},{"x":23,"y":2},{"x":22,"y":2},{"x":21,"y":2},{"x":20,"y":2},{"x":27,"y":2},{"x":28,"y":2},{"x":29,"y":2},{"x":29,"y":3},{"x":28,"y":3},{"x":29,"y":4},{"x":28,"y":4},{"x":30,"y":1},{"x":30,"y":0},{"x":31,"y":0},{"x":32,"y":1},{"x":31,"y":1},{"x":31,"y":2},{"x":31,"y":3},{"x":30,"y":2},{"x":33,"y":1},{"x":33,"y":2},{"x":34,"y":2},{"x":35,"y":3},{"x":34,"y":3},{"x":33,"y":3},{"x":32,"y":2},{"x":35,"y":1},{"x":36,"y":1},{"x":36,"y":2},{"x":37,"y":1},{"x":38,"y":1},{"x":39,"y":1},{"x":40,"y":1},{"x":40,"y":2},{"x":39,"y":2},{"x":38,"y":2},{"x":37,"y":2},{"x":36,"y":3},{"x":35,"y":2}],"terrainTextureId":"polygon_terrain_dark_1","polygon":[{"x":181,"y":512},{"x":330,"y":455},{"x":553,"y":415},{"x":704,"y":413},{"x":944,"y":495},{"x":1097,"y":600},{"x":968,"y":691},{"x":941,"y":823},{"x":791,"y":818},{"x":624,"y":813},{"x":398,"y":879},{"x":198,"y":878},{"x":211,"y":695}]},{"usedWorldBlocks":[{"x":10,"y":0},{"x":11,"y":1},{"x":12,"y":1},{"x":13,"y":1},{"x":14,"y":1},{"x":15,"y":1},{"x":16,"y":1},{"x":16,"y":0},{"x":17,"y":0},{"x":18,"y":0},{"x":19,"y":0},{"x":19,"y":1},{"x":18,"y":1},{"x":17,"y":1},{"x":16,"y":2},{"x":15,"y":2},{"x":14,"y":2},{"x":13,"y":2},{"x":12,"y":2},{"x":11,"y":2},{"x":10,"y":1},{"x":20,"y":1},{"x":21,"y":1},{"x":22,"y":1},{"x":23,"y":1},{"x":23,"y":2},{"x":22,"y":2},{"x":21,"y":2},{"x":20,"y":2},{"x":27,"y":2},{"x":28,"y":2},{"x":29,"y":2},{"x":29,"y":3},{"x":28,"y":3},{"x":29,"y":4},{"x":28,"y":4},{"x":30,"y":1},{"x":30,"y":0},{"x":31,"y":0},{"x":32,"y":1},{"x":31,"y":1},{"x":31,"y":2},{"x":31,"y":3},{"x":30,"y":2},{"x":33,"y":1},{"x":33,"y":2},{"x":34,"y":2},{"x":35,"y":3},{"x":34,"y":3},{"x":33,"y":3},{"x":32,"y":2},{"x":35,"y":1},{"x":36,"y":1},{"x":36,"y":2},{"x":37,"y":1},{"x":38,"y":1},{"x":39,"y":1},{"x":40,"y":1},{"x":40,"y":2},{"x":39,"y":2},{"x":38,"y":2},{"x":37,"y":2},{"x":36,"y":3},{"x":35,"y":2}],"terrainTextureId":"polygon_terrain_dark_1","polygon":[{"x":192,"y":972},{"x":342,"y":972},{"x":455,"y":903},{"x":678,"y":923},{"x":828,"y":927},{"x":994,"y":932},{"x":909,"y":1133},{"x":949,"y":1365},{"x":768,"y":1516},{"x":546,"y":1471},{"x":292,"y":1487},{"x":314,"y":1322},{"x":255,"y":1113}]},{"usedWorldBlocks":[{"x":10,"y":0},{"x":11,"y":1},{"x":12,"y":1},{"x":13,"y":1},{"x":14,"y":1},{"x":15,"y":1},{"x":16,"y":1},{"x":16,"y":0},{"x":17,"y":0},{"x":18,"y":0},{"x":19,"y":0},{"x":19,"y":1},{"x":18,"y":1},{"x":17,"y":1},{"x":16,"y":2},{"x":15,"y":2},{"x":14,"y":2},{"x":13,"y":2},{"x":12,"y":2},{"x":11,"y":2},{"x":10,"y":1},{"x":20,"y":1},{"x":21,"y":1},{"x":22,"y":1},{"x":23,"y":1},{"x":23,"y":2},{"x":22,"y":2},{"x":21,"y":2},{"x":20,"y":2},{"x":27,"y":2},{"x":28,"y":2},{"x":29,"y":2},{"x":29,"y":3},{"x":28,"y":3},{"x":29,"y":4},{"x":28,"y":4},{"x":30,"y":1},{"x":30,"y":0},{"x":31,"y":0},{"x":32,"y":1},{"x":31,"y":1},{"x":31,"y":2},{"x":31,"y":3},{"x":30,"y":2},{"x":33,"y":1},{"x":33,"y":2},{"x":34,"y":2},{"x":35,"y":3},{"x":34,"y":3},{"x":33,"y":3},{"x":32,"y":2},{"x":35,"y":1},{"x":36,"y":1},{"x":36,"y":2},{"x":37,"y":1},{"x":38,"y":1},{"x":39,"y":1},{"x":40,"y":1},{"x":40,"y":2},{"x":39,"y":2},{"x":38,"y":2},{"x":37,"y":2},{"x":36,"y":3},{"x":35,"y":2}],"terrainTextureId":"polygon_terrain_dark_1","polygon":[{"x":1533,"y":959},{"x":1668,"y":959},{"x":1668,"y":1109},{"x":1819,"y":1276},{"x":2030,"y":1308},{"x":2165,"y":1289},{"x":2273,"y":1126},{"x":2393,"y":1091},{"x":2356,"y":1239},{"x":2392,"y":1464},{"x":2504,"y":1601},{"x":2329,"y":1700},{"x":2169,"y":1781},{"x":1922,"y":1801},{"x":1701,"y":1722},{"x":1511,"y":1593},{"x":1364,"y":1419},{"x":1465,"y":1324},{"x":1522,"y":1122}]},{"usedWorldBlocks":[{"x":10,"y":0},{"x":11,"y":1},{"x":12,"y":1},{"x":13,"y":1},{"x":14,"y":1},{"x":15,"y":1},{"x":16,"y":1},{"x":16,"y":0},{"x":17,"y":0},{"x":18,"y":0},{"x":19,"y":0},{"x":19,"y":1},{"x":18,"y":1},{"x":17,"y":1},{"x":16,"y":2},{"x":15,"y":2},{"x":14,"y":2},{"x":13,"y":2},{"x":12,"y":2},{"x":11,"y":2},{"x":10,"y":1},{"x":20,"y":1},{"x":21,"y":1},{"x":22,"y":1},{"x":23,"y":1},{"x":23,"y":2},{"x":22,"y":2},{"x":21,"y":2},{"x":20,"y":2},{"x":27,"y":2},{"x":28,"y":2},{"x":29,"y":2},{"x":29,"y":3},{"x":28,"y":3},{"x":29,"y":4},{"x":28,"y":4},{"x":30,"y":1},{"x":30,"y":0},{"x":31,"y":0},{"x":32,"y":1},{"x":31,"y":1},{"x":31,"y":2},{"x":31,"y":3},{"x":30,"y":2},{"x":33,"y":1},{"x":33,"y":2},{"x":34,"y":2},{"x":35,"y":3},{"x":34,"y":3},{"x":33,"y":3},{"x":32,"y":2},{"x":35,"y":1},{"x":36,"y":1},{"x":36,"y":2},{"x":37,"y":1},{"x":38,"y":1},{"x":39,"y":1},{"x":40,"y":1},{"x":40,"y":2},{"x":39,"y":2},{"x":38,"y":2},{"x":37,"y":2},{"x":36,"y":3},{"x":35,"y":2}],"terrainTextureId":"polygon_terrain_dark_1","polygon":[{"x":2909,"y":964},{"x":3059,"y":964},{"x":3132,"y":1083},{"x":3308,"y":932},{"x":3487,"y":897},{"x":3695,"y":933},{"x":3862,"y":843},{"x":4014,"y":879},{"x":4217,"y":788},{"x":4483,"y":838},{"x":4711,"y":712},{"x":4836,"y":662},{"x":5060,"y":746},{"x":5080,"y":957},{"x":5068,"y":1202},{"x":4913,"y":1236},{"x":4765,"y":1230},{"x":4549,"y":1286},{"x":4311,"y":1246},{"x":4053,"y":1285},{"x":3904,"y":1299},{"x":3698,"y":1317},{"x":3524,"y":1273},{"x":3394,"y":1382},{"x":3267,"y":1462},{"x":3113,"y":1561},{"x":3126,"y":1400},{"x":3077,"y":1281},{"x":2975,"y":1134}]}]]],"libraryElements":null,"staticElementData":[{"position":{"x":1778,"y":615},"scaleX":0.99,"elementId":"table_direction","rotation":6.69,"scaleY":0.99},{"position":{"x":379,"y":296},"scaleX":1,"elementId":"table_direction","rotation":19.1,"scaleY":1},{"position":{"x":3246,"y":884},"scaleX":0.99,"elementId":"table_direction","rotation":-23.69,"scaleY":0.99},{"position":{"x":2848,"y":748},"scaleX":1,"elementId":"table_warning","rotation":6.99,"scaleY":1},{"position":{"x":2854,"y":1626},"scaleX":1,"elementId":"table_danger","rotation":26.86,"scaleY":1},{"position":{"x":3351,"y":1892},"scaleX":1,"elementId":"table_danger","rotation":-34.54,"scaleY":1},{"position":{"x":4085,"y":620},"scaleX":0.99,"elementId":"table_direction","rotation":-34.56,"scaleY":0.99},{"position":{"x":3718,"y":604},"scaleX":1,"elementId":"table_warning","rotation":0,"scaleY":1},{"position":{"x":3735,"y":1246},"scaleX":0.99,"elementId":"table_danger","rotation":42.85,"scaleY":0.99},{"position":{"x":3927,"y":1888},"scaleX":1,"elementId":"table_danger","rotation":40.93,"scaleY":1},{"position":{"x":5070,"y":699},"scaleX":0.99,"elementId":"table_direction","rotation":10.39,"scaleY":0.99},{"position":{"x":4730,"y":1016},"scaleX":0.99,"elementId":"table_danger","rotation":30.26,"scaleY":0.99},{"position":{"x":5295,"y":1770},"scaleX":0.99,"elementId":"table_danger","rotation":-31.17,"scaleY":0.99},{"position":{"x":10312,"y":492},"scaleX":1,"elementId":"table_direction","rotation":0,"scaleY":1},{"position":{"x":10666,"y":957},"scaleX":1,"elementId":"table_direction","rotation":0,"scaleY":1},{"position":{"x":9825,"y":395},"scaleX":1,"elementId":"table_warning","rotation":0,"scaleY":1},{"position":{"x":9847,"y":1072},"scaleX":0.99,"elementId":"table_danger","rotation":36.66,"scaleY":0.99},{"position":{"x":11655,"y":405},"scaleX":1,"elementId":"table_direction","rotation":9.87,"scaleY":1},{"position":{"x":13791,"y":977},"scaleX":1,"elementId":"table_direction","rotation":-21.01,"scaleY":1},{"position":{"x":13262,"y":1009},"scaleX":0.99,"elementId":"table_warning","rotation":-12.24,"scaleY":0.99},{"position":{"x":13398,"y":1588},"scaleX":0.99,"elementId":"table_danger","rotation":36.64,"scaleY":0.99},{"position":{"x":14188,"y":1887},"scaleX":1,"elementId":"table_danger","rotation":24.66,"scaleY":1},{"position":{"x":14463,"y":1557},"scaleX":1,"elementId":"table_direction","rotation":-18.74,"scaleY":1},{"position":{"x":14934,"y":1701},"scaleX":1,"elementId":"table_danger","rotation":39.96,"scaleY":1},{"position":{"x":15379,"y":1308},"scaleX":0.99,"elementId":"table_direction","rotation":13.1,"scaleY":0.99},{"position":{"x":16388,"y":1300},"scaleX":1,"elementId":"table_direction","rotation":25.17,"scaleY":1},{"position":{"x":15184,"y":767},"scaleX":1,"elementId":"table_direction","rotation":0,"scaleY":1},{"position":{"x":16068,"y":773},"scaleX":0.99,"elementId":"table_direction","rotation":38.4,"scaleY":0.99},{"position":{"x":17450,"y":1487},"scaleX":1,"elementId":"table_warning","rotation":-18.7,"scaleY":1},{"position":{"x":18117,"y":1414},"scaleX":0.99,"elementId":"table_direction","rotation":-25.99,"scaleY":0.99},{"position":{"x":17718,"y":1779},"scaleX":0.99,"elementId":"table_danger","rotation":38.2,"scaleY":0.99}],"enemyPathData":null,"levelId":0}